order_id,placed_at,zone,platform,status,total_amount,prep_time_seconds,delivery_time_seconds,cancellation_reason,weather_flag
483573,2026-06-16T06:12:25,Zone 1,swiggy,delivered,514,758,1999,,false
483554,2026-06-16T07:21:49,Zone 2,swiggy,cancelled,482,716,,customer_cancelled_predispatch,false
483600,2026-06-16T09:48:15,Zone 1,zomato,delivered,172,1194,2382,,false
483607,2026-06-16T10:27:14,Zone 3,zomato,delivered,311,1130,1873,,false
483483,2026-06-16T10:56:34,Zone 3,swiggy,delivered,237,394,1548,,false
483590,2026-06-16T11:36:19,Zone 2,swiggy,delivered,234,889,1864,,false
483564,2026-06-16T11:59:15,Zone 3,zomato,delivered,478,1181,2436,,false
483498,2026-06-16T12:15:56,Zone 3,swiggy,delivered,321,1156,1896,,false
483621,2026-06-16T12:21:20,Zone 1,swiggy,delivered,275,649,1531,,false
483534,2026-06-16T12:38:02,Zone 1,zomato,delivered,361,693,1563,,false
483576,2026-06-16T13:01:07,Zone 1,zomato,delivered,225,880,1750,,false
483470,2026-06-16T13:05:54,Zone 3,swiggy,delivered,306,620,1739,,false
483540,2026-06-16T13:08:42,Zone 1,swiggy,cancelled,308,1417,,customer_cancelled_predispatch,false
483465,2026-06-16T13:13:48,Zone 1,swiggy,cancelled,265,718,1518,item_unavailable,false
483586,2026-06-16T13:19:42,Zone 2,zomato,delivered,355,1101,2275,,false
483476,2026-06-16T13:41:31,Zone 3,zomato,delivered,170,1177,2350,,false
483541,2026-06-16T13:59:22,Zone 3,swiggy,delivered,177,1137,2478,,false
483520,2026-06-16T14:30:13,Zone 3,swiggy,delivered,832,693,1854,,false
483633,2026-06-16T14:42:43,Zone 3,zomato,delivered,802,917,1981,,false
483641,2026-06-16T14:48:53,Zone 1,swiggy,delivered,99,1335,2440,,false
483505,2026-06-16T14:57:33,Zone 1,swiggy,delivered,256,644,1344,,false
483629,2026-06-16T14:57:53,Zone 2,zomato,delivered,545,876,1866,,false
483616,2026-06-16T15:10:47,Zone 2,zomato,delivered,519,594,1743,,false
483594,2026-06-16T15:13:32,Zone 3,zomato,delivered,478,631,1714,,false
483479,2026-06-16T15:37:25,Zone 1,zomato,delivered,332,437,1526,,false
483605,2026-06-16T15:56:40,Zone 1,zomato,cancelled,325,936,2252,restaurant_closed_early,false
483625,2026-06-16T16:03:13,Zone 2,zomato,delivered,683,782,1641,,false
483612,2026-06-16T16:33:35,Zone 1,zomato,delivered,301,1119,2404,,false
483501,2026-06-16T16:35:10,Zone 2,zomato,delivered,496,974,2094,,false
483510,2026-06-16T18:30:15,Zone 3,swiggy,delivered,144,804,1964,,false
483472,2026-06-16T18:43:20,Zone 1,swiggy,delivered,246,616,1879,,false
483493,2026-06-16T18:49:59,Zone 3,zomato,delivered,322,751,1966,,false
483651,2026-06-16T18:58:24,Zone 3,swiggy,delivered,376,645,1506,,false
483546,2026-06-16T19:00:42,Zone 1,zomato,delivered,155,1009,2082,,false
483637,2026-06-16T19:05:41,Zone 1,swiggy,delivered,111,677,1860,,false
483506,2026-06-16T19:14:04,Zone 3,swiggy,delivered,214,680,1985,,false
483580,2026-06-16T19:32:07,Zone 3,swiggy,delivered,106,976,2107,,false
483511,2026-06-16T19:41:06,Zone 2,swiggy,delivered,192,881,1706,,false
483656,2026-06-16T19:51:07,Zone 3,swiggy,delivered,295,963,2208,,false
483647,2026-06-16T20:10:38,Zone 3,zomato,delivered,519,797,2097,,false
483552,2026-06-16T20:13:43,Zone 3,swiggy,delivered,219,537,1768,,false
483480,2026-06-16T20:27:38,Zone 2,zomato,delivered,313,1039,2165,,false
483642,2026-06-16T20:41:02,Zone 3,swiggy,delivered,161,1049,2189,,false
483524,2026-06-16T20:42:45,Zone 1,swiggy,delivered,349,543,1545,,false
483471,2026-06-16T20:43:41,Zone 2,swiggy,delivered,471,865,1963,,false
483529,2026-06-16T21:10:03,Zone 1,swiggy,delivered,377,690,1963,,false
483570,2026-06-16T21:17:10,Zone 1,zomato,delivered,567,757,1566,,false
483559,2026-06-16T21:57:09,Zone 1,swiggy,delivered,354,505,1808,,false
483468,2026-06-16T22:05:35,Zone 3,zomato,cancelled,642,1053,,customer_cancelled_predispatch,false
483516,2026-06-16T22:28:51,Zone 1,zomato,delivered,348,512,1327,,false
483582,2026-06-16T22:47:42,Zone 2,swiggy,delivered,421,707,1861,,false
483562,2026-06-16T23:02:57,Zone 1,swiggy,delivered,148,1113,2197,,false
483488,2026-06-16T23:48:11,Zone 3,zomato,delivered,239,889,2073,,false
483720,2026-06-17T00:55:34,Zone 2,swiggy,delivered,266,839,1631,,false
483855,2026-06-17T01:19:13,Zone 3,swiggy,delivered,157,685,1708,,false
483726,2026-06-17T04:26:05,Zone 3,zomato,delivered,310,981,2133,,false
483710,2026-06-17T06:48:43,Zone 2,zomato,delivered,185,707,2055,,false
483758,2026-06-17T06:53:42,Zone 1,zomato,delivered,436,408,1406,,false
483827,2026-06-17T08:05:20,Zone 1,swiggy,delivered,395,965,2033,,false
483788,2026-06-17T08:52:29,Zone 1,swiggy,delivered,168,636,1354,,false
483808,2026-06-17T09:13:41,Zone 2,swiggy,delivered,529,497,1195,,false
483660,2026-06-17T09:23:40,Zone 3,swiggy,delivered,476,614,1641,,false
483802,2026-06-17T09:43:23,Zone 3,zomato,delivered,120,1181,2408,,false
483703,2026-06-17T11:03:10,Zone 2,zomato,delivered,313,741,1769,,false
483678,2026-06-17T12:14:23,Zone 1,zomato,delivered,161,502,1813,,false
483853,2026-06-17T12:32:07,Zone 2,swiggy,cancelled,431,1069,2248,courier_no_show,false
483861,2026-06-17T12:35:53,Zone 3,swiggy,delivered,99,1250,2301,,false
483738,2026-06-17T12:49:26,Zone 1,swiggy,delivered,413,1345,2671,,false
483742,2026-06-17T13:06:55,Zone 1,zomato,delivered,661,537,1373,,false
483816,2026-06-17T13:08:47,Zone 2,zomato,delivered,316,956,1959,,false
483754,2026-06-17T13:27:44,Zone 2,swiggy,delivered,150,808,1947,,false
483831,2026-06-17T13:32:38,Zone 1,zomato,delivered,625,1200,2001,,false
483690,2026-06-17T13:39:03,Zone 3,swiggy,cancelled,503,718,,customer_cancelled_predispatch,false
483850,2026-06-17T14:21:10,Zone 1,swiggy,delivered,135,818,1758,,false
483866,2026-06-17T15:06:15,Zone 2,swiggy,delivered,280,677,1445,,false
483834,2026-06-17T15:14:26,Zone 3,swiggy,delivered,472,655,1973,,false
483737,2026-06-17T15:30:22,Zone 2,swiggy,delivered,307,553,1603,,false
483707,2026-06-17T15:38:02,Zone 3,zomato,delivered,99,951,2012,,false
483674,2026-06-17T15:47:35,Zone 2,swiggy,delivered,243,989,2159,,false
483711,2026-06-17T15:52:31,Zone 2,swiggy,delivered,249,530,1527,,false
483751,2026-06-17T16:16:29,Zone 3,zomato,cancelled,311,839,2329,payment_failed,false
483666,2026-06-17T16:27:52,Zone 2,swiggy,delivered,217,621,1796,,false
483839,2026-06-17T16:54:06,Zone 3,swiggy,delivered,503,1050,2382,,false
483730,2026-06-17T17:17:26,Zone 3,swiggy,delivered,353,1174,2440,,false
483694,2026-06-17T18:10:00,Zone 2,zomato,delivered,236,1055,2023,,false
483836,2026-06-17T18:21:42,Zone 2,zomato,delivered,235,522,1280,,false
483685,2026-06-17T18:26:38,Zone 3,swiggy,delivered,339,821,2164,,false
483748,2026-06-17T18:36:43,Zone 1,swiggy,delivered,661,643,1393,,false
483669,2026-06-17T18:42:24,Zone 1,zomato,delivered,188,1135,2401,,false
483782,2026-06-17T18:52:40,Zone 1,swiggy,delivered,99,926,1731,,false
483724,2026-06-17T18:59:18,Zone 3,swiggy,delivered,99,1137,2005,,false
483743,2026-06-17T19:25:41,Zone 3,zomato,delivered,637,779,1961,,false
483716,2026-06-17T19:25:52,Zone 1,swiggy,delivered,220,1222,2449,,false
483779,2026-06-17T19:25:54,Zone 2,zomato,delivered,99,913,2034,,false
483835,2026-06-17T19:30:04,Zone 3,swiggy,delivered,144,1260,2321,,false
483679,2026-06-17T19:48:31,Zone 3,zomato,cancelled,313,651,1733,payment_failed,false
483797,2026-06-17T19:53:31,Zone 2,zomato,delivered,99,902,2151,,false
483700,2026-06-17T19:59:16,Zone 2,zomato,delivered,196,690,1526,,false
483746,2026-06-17T20:06:28,Zone 3,zomato,delivered,107,779,1531,,false
483768,2026-06-17T20:11:12,Zone 3,zomato,delivered,268,758,2048,,false
483810,2026-06-17T20:13:37,Zone 3,swiggy,delivered,515,1081,2420,,false
483670,2026-06-17T20:17:35,Zone 2,swiggy,delivered,215,1041,2024,,false
483862,2026-06-17T20:26:18,Zone 2,zomato,delivered,184,946,1849,,false
483671,2026-06-17T20:28:50,Zone 1,swiggy,delivered,441,1067,2089,,false
483744,2026-06-17T21:02:39,Zone 1,zomato,delivered,235,551,1733,,false
483792,2026-06-17T21:08:24,Zone 2,zomato,delivered,445,1026,2296,,false
483734,2026-06-17T21:17:49,Zone 2,zomato,delivered,469,1019,2275,,false
483760,2026-06-17T21:18:49,Zone 2,swiggy,delivered,403,1113,2224,,false
483680,2026-06-17T21:25:31,Zone 2,zomato,cancelled,174,1372,,customer_cancelled_predispatch,false
483845,2026-06-17T21:39:43,Zone 2,zomato,delivered,417,493,1677,,false
483766,2026-06-17T21:40:06,Zone 2,swiggy,delivered,300,1165,2022,,false
483822,2026-06-17T22:02:46,Zone 2,swiggy,delivered,318,1036,2323,,false
483847,2026-06-17T22:22:00,Zone 3,zomato,cancelled,283,990,1862,restaurant_closed_early,false
483676,2026-06-17T22:44:11,Zone 1,swiggy,delivered,467,894,1614,,false
483774,2026-06-17T22:51:18,Zone 3,zomato,delivered,313,1097,2220,,false
483812,2026-06-17T23:34:16,Zone 1,zomato,delivered,164,1035,1696,,false
483938,2026-06-18T06:03:25,Zone 2,swiggy,delivered,135,613,1763,,false
484021,2026-06-18T07:02:41,Zone 1,swiggy,delivered,365,405,1437,,false
483981,2026-06-18T07:09:43,Zone 3,swiggy,delivered,504,796,1901,,false
483992,2026-06-18T08:34:18,Zone 3,zomato,delivered,538,489,1236,,false
483933,2026-06-18T09:10:17,Zone 3,swiggy,delivered,299,575,1470,,false
483941,2026-06-18T09:16:13,Zone 2,zomato,delivered,341,629,1312,,false
484109,2026-06-18T10:10:46,Zone 2,zomato,delivered,99,629,1414,,false
484028,2026-06-18T10:28:15,Zone 1,swiggy,delivered,275,591,1353,,false
484048,2026-06-18T11:38:32,Zone 2,swiggy,delivered,167,800,1874,,false
484102,2026-06-18T11:56:53,Zone 3,swiggy,delivered,597,561,1822,,false
483960,2026-06-18T12:02:20,Zone 2,zomato,delivered,349,1149,2049,,false
483987,2026-06-18T12:07:01,Zone 1,swiggy,delivered,516,650,1786,,false
484082,2026-06-18T12:15:17,Zone 1,zomato,delivered,451,904,1946,,false
484115,2026-06-18T12:16:24,Zone 2,swiggy,delivered,252,982,1884,,false
484072,2026-06-18T12:32:49,Zone 3,zomato,delivered,167,752,1770,,false
484032,2026-06-18T12:37:22,Zone 1,swiggy,delivered,687,887,2130,,false
483874,2026-06-18T12:38:09,Zone 1,zomato,delivered,397,974,2101,,false
484026,2026-06-18T12:38:09,Zone 3,swiggy,delivered,282,928,1747,,false
484119,2026-06-18T12:42:07,Zone 1,swiggy,delivered,329,1103,1835,,false
483953,2026-06-18T12:42:40,Zone 3,zomato,delivered,254,957,1730,,false
483966,2026-06-18T12:44:31,Zone 3,swiggy,delivered,547,524,1750,,false
483948,2026-06-18T13:00:39,Zone 1,swiggy,cancelled,421,1397,2503,item_unavailable,false
484105,2026-06-18T13:02:00,Zone 2,swiggy,delivered,325,1278,2063,,false
483939,2026-06-18T13:09:08,Zone 1,zomato,delivered,444,1139,1793,,false
484077,2026-06-18T13:11:29,Zone 2,swiggy,delivered,513,1080,2157,,false
484086,2026-06-18T13:18:45,Zone 2,swiggy,delivered,222,658,1961,,false
484097,2026-06-18T13:30:06,Zone 3,swiggy,delivered,353,854,2119,,false
484011,2026-06-18T13:33:57,Zone 3,swiggy,delivered,402,585,1608,,false
484031,2026-06-18T13:36:46,Zone 1,swiggy,delivered,679,551,1521,,false
483906,2026-06-18T13:41:44,Zone 2,zomato,delivered,272,1242,2472,,false
483945,2026-06-18T14:50:39,Zone 1,zomato,delivered,328,1005,2158,,false
483894,2026-06-18T14:58:18,Zone 2,swiggy,cancelled,379,1018,,customer_cancelled_predispatch,false
483924,2026-06-18T15:26:23,Zone 3,zomato,delivered,387,1041,1858,,false
484038,2026-06-18T15:56:16,Zone 2,swiggy,delivered,359,635,1600,,false
484100,2026-06-18T16:12:48,Zone 2,zomato,delivered,366,982,2271,,false
484016,2026-06-18T17:10:37,Zone 1,zomato,delivered,464,1108,2336,,false
484053,2026-06-18T17:20:59,Zone 1,swiggy,delivered,390,900,1907,,false
484057,2026-06-18T17:36:19,Zone 3,swiggy,delivered,428,892,2050,,false
484003,2026-06-18T18:08:20,Zone 1,swiggy,delivered,336,1163,2224,,false
483967,2026-06-18T18:20:06,Zone 2,swiggy,delivered,302,577,1540,,false
483880,2026-06-18T18:22:32,Zone 1,swiggy,delivered,117,498,1747,,false
484044,2026-06-18T18:52:39,Zone 2,swiggy,delivered,144,1302,2208,,false
484061,2026-06-18T19:01:38,Zone 1,zomato,delivered,209,938,2093,,false
483900,2026-06-18T19:18:16,Zone 3,zomato,delivered,382,551,1843,,false
484023,2026-06-18T19:19:30,Zone 3,zomato,delivered,239,530,1519,,false
483884,2026-06-18T19:32:24,Zone 2,zomato,delivered,191,958,1923,,false
483868,2026-06-18T19:33:32,Zone 3,swiggy,delivered,470,1263,2016,,false
484113,2026-06-18T19:40:57,Zone 3,swiggy,delivered,138,651,1528,,false
483918,2026-06-18T19:56:49,Zone 1,swiggy,delivered,179,1220,1986,,false
483997,2026-06-18T20:01:23,Zone 2,swiggy,delivered,281,964,1901,,false
484091,2026-06-18T20:08:06,Zone 3,swiggy,delivered,112,711,1431,,false
484008,2026-06-18T20:08:27,Zone 3,swiggy,delivered,160,650,1797,,false
483929,2026-06-18T20:08:55,Zone 1,swiggy,delivered,270,1197,1934,,false
483913,2026-06-18T20:12:14,Zone 1,swiggy,delivered,531,1025,2044,,false
484067,2026-06-18T20:24:09,Zone 1,zomato,delivered,448,927,1866,,false
483957,2026-06-18T20:29:44,Zone 2,zomato,delivered,122,943,1624,,false
483911,2026-06-18T20:43:58,Zone 1,zomato,delivered,332,795,1684,,false
483963,2026-06-18T20:55:41,Zone 1,zomato,delivered,298,925,1812,,false
483972,2026-06-18T20:58:22,Zone 3,swiggy,delivered,130,849,1975,,false
483879,2026-06-18T21:41:40,Zone 2,zomato,delivered,247,913,2120,,false
483890,2026-06-18T21:53:21,Zone 1,zomato,delivered,101,1412,2489,,false
483977,2026-06-18T22:09:54,Zone 3,swiggy,delivered,161,1000,2315,,false
484124,2026-06-18T22:18:23,Zone 1,zomato,delivered,317,1304,2445,,false
484085,2026-06-18T22:46:17,Zone 1,zomato,delivered,274,1153,2366,,false
483926,2026-06-18T22:50:30,Zone 2,zomato,delivered,232,896,2118,,false
483989,2026-06-18T23:12:07,Zone 3,swiggy,delivered,139,1082,1975,,false
483952,2026-06-18T23:35:01,Zone 3,swiggy,delivered,277,1002,1699,,false
484155,2026-06-19T05:13:04,Zone 2,swiggy,cancelled,426,546,1678,courier_no_show,false
484185,2026-06-19T05:35:59,Zone 2,swiggy,delivered,174,647,1647,,false
484347,2026-06-19T08:06:40,Zone 1,zomato,delivered,177,1190,2537,,false
484261,2026-06-19T08:54:50,Zone 3,swiggy,delivered,241,516,1430,,false
484140,2026-06-19T08:59:30,Zone 1,swiggy,delivered,166,978,1890,,false
484168,2026-06-19T10:15:16,Zone 2,swiggy,delivered,304,823,1509,,false
484304,2026-06-19T11:24:26,Zone 1,swiggy,delivered,190,983,2333,,false
484353,2026-06-19T11:25:40,Zone 3,zomato,delivered,295,485,1190,,false
484190,2026-06-19T11:34:31,Zone 3,swiggy,delivered,406,434,1746,,false
484164,2026-06-19T11:43:27,Zone 2,zomato,delivered,528,753,1667,,false
484299,2026-06-19T11:43:45,Zone 3,zomato,delivered,427,604,1515,,false
484220,2026-06-19T12:09:48,Zone 3,zomato,delivered,240,976,2100,,false
484372,2026-06-19T12:40:38,Zone 2,zomato,delivered,164,978,2106,,false
484366,2026-06-19T12:41:05,Zone 2,zomato,delivered,385,1091,2202,,false
484382,2026-06-19T12:51:09,Zone 2,zomato,delivered,504,1047,2003,,false
484176,2026-06-19T12:58:15,Zone 2,swiggy,delivered,312,737,2005,,false
484139,2026-06-19T13:01:25,Zone 3,zomato,cancelled,368,794,2242,restaurant_rejected,false
484159,2026-06-19T13:19:56,Zone 3,swiggy,delivered,288,997,2162,,false
484282,2026-06-19T13:21:29,Zone 2,swiggy,cancelled,145,897,,customer_cancelled_predispatch,false
484207,2026-06-19T13:25:05,Zone 3,swiggy,delivered,216,752,1458,,false
484204,2026-06-19T13:32:52,Zone 3,zomato,delivered,144,648,1869,,false
484371,2026-06-19T13:33:38,Zone 1,swiggy,delivered,409,1224,2144,,false
484256,2026-06-19T13:44:12,Zone 1,zomato,delivered,443,1015,1928,,false
484231,2026-06-19T13:49:39,Zone 2,zomato,delivered,99,1414,2313,,false
484296,2026-06-19T13:55:31,Zone 3,swiggy,delivered,277,574,1545,,false
484171,2026-06-19T13:58:00,Zone 3,zomato,delivered,156,923,1996,,false
484154,2026-06-19T14:14:15,Zone 2,swiggy,delivered,154,814,2083,,false
484312,2026-06-19T14:35:32,Zone 2,zomato,cancelled,289,876,,customer_cancelled_predispatch,false
484169,2026-06-19T14:38:38,Zone 3,swiggy,delivered,502,939,2198,,false
484358,2026-06-19T14:46:51,Zone 1,swiggy,delivered,240,1168,2267,,false
484280,2026-06-19T14:49:43,Zone 3,swiggy,delivered,238,514,1675,,false
484252,2026-06-19T14:53:39,Zone 3,swiggy,delivered,255,1209,1954,,false
484291,2026-06-19T15:00:45,Zone 1,zomato,delivered,147,552,1522,,false
484248,2026-06-19T15:26:19,Zone 3,swiggy,delivered,326,774,1429,,false
484266,2026-06-19T15:38:30,Zone 2,swiggy,delivered,806,844,1746,,false
484213,2026-06-19T15:50:21,Zone 3,zomato,delivered,720,587,1722,,false
484180,2026-06-19T16:51:46,Zone 3,swiggy,delivered,198,432,1601,,false
484214,2026-06-19T18:17:02,Zone 3,swiggy,delivered,349,589,1250,,false
484337,2026-06-19T18:17:40,Zone 2,swiggy,delivered,539,786,1922,,false
484320,2026-06-19T18:17:49,Zone 3,swiggy,delivered,463,1305,2536,,false
484226,2026-06-19T18:24:48,Zone 1,zomato,cancelled,467,1291,2662,courier_no_show,false
484242,2026-06-19T18:26:06,Zone 1,zomato,cancelled,378,1193,2516,courier_no_show,false
484289,2026-06-19T18:29:14,Zone 2,swiggy,delivered,416,1082,2047,,false
484306,2026-06-19T18:31:18,Zone 1,zomato,delivered,392,1271,2058,,false
484150,2026-06-19T18:33:08,Zone 3,zomato,delivered,497,839,1786,,false
484357,2026-06-19T18:33:43,Zone 1,zomato,delivered,568,803,1503,,false
484329,2026-06-19T18:34:17,Zone 2,swiggy,delivered,451,666,2006,,false
484363,2026-06-19T19:04:33,Zone 1,zomato,delivered,300,1081,2019,,false
484333,2026-06-19T19:06:08,Zone 3,zomato,delivered,456,1211,2204,,false
484275,2026-06-19T19:41:25,Zone 3,swiggy,delivered,333,1035,1997,,false
484188,2026-06-19T19:43:21,Zone 3,swiggy,delivered,467,919,1816,,false
484194,2026-06-19T19:48:00,Zone 1,zomato,delivered,125,684,1376,,false
484364,2026-06-19T19:55:13,Zone 3,swiggy,delivered,159,813,2017,,false
484198,2026-06-19T19:59:39,Zone 3,swiggy,delivered,344,488,1513,,false
484285,2026-06-19T20:01:54,Zone 2,zomato,delivered,180,730,1492,,false
484241,2026-06-19T20:09:47,Zone 1,swiggy,delivered,265,618,1582,,false
484315,2026-06-19T20:18:02,Zone 1,swiggy,delivered,523,1258,2266,,false
484321,2026-06-19T20:19:55,Zone 2,swiggy,delivered,567,1479,2295,,false
484166,2026-06-19T20:30:15,Zone 1,zomato,delivered,553,1048,2088,,false
484136,2026-06-19T20:31:05,Zone 2,swiggy,delivered,164,1049,2170,,false
484244,2026-06-19T20:35:57,Zone 2,swiggy,delivered,274,787,1481,,false
484157,2026-06-19T20:49:03,Zone 2,swiggy,delivered,566,805,1926,,false
484373,2026-06-19T20:49:04,Zone 2,swiggy,delivered,204,1434,2285,,false
484377,2026-06-19T20:49:26,Zone 3,swiggy,delivered,346,763,1771,,false
484126,2026-06-19T20:51:42,Zone 3,zomato,delivered,378,1011,1914,,false
484257,2026-06-19T21:25:23,Zone 3,swiggy,delivered,470,665,1897,,false
484144,2026-06-19T21:28:55,Zone 2,zomato,delivered,419,1090,1865,,false
484340,2026-06-19T21:29:31,Zone 2,zomato,delivered,445,1226,2554,,false
484343,2026-06-19T21:31:17,Zone 3,swiggy,delivered,368,929,2057,,false
484272,2026-06-19T21:34:38,Zone 3,swiggy,delivered,218,624,1668,,false
484324,2026-06-19T21:37:44,Zone 3,zomato,delivered,295,1215,2429,,false
484131,2026-06-19T22:07:03,Zone 3,swiggy,delivered,346,1185,2311,,false
484237,2026-06-19T22:27:11,Zone 2,swiggy,cancelled,513,648,1652,courier_no_show,false
484350,2026-06-19T22:56:41,Zone 1,zomato,delivered,229,651,1934,,false
484208,2026-06-19T23:41:48,Zone 1,swiggy,delivered,354,403,1403,,false
484416,2026-06-20T00:42:24,Zone 3,swiggy,cancelled,342,738,2007,restaurant_rejected,false
484397,2026-06-20T00:54:55,Zone 1,swiggy,delivered,275,1069,2106,,false
484386,2026-06-20T08:05:59,Zone 1,zomato,delivered,115,921,1580,,false
484463,2026-06-20T08:09:37,Zone 3,zomato,delivered,614,1165,2474,,false
484454,2026-06-20T08:14:36,Zone 2,zomato,delivered,376,953,1623,,false
484496,2026-06-20T09:25:36,Zone 3,swiggy,delivered,265,634,1704,,false
484489,2026-06-20T09:57:05,Zone 2,zomato,delivered,319,1160,2433,,false
484421,2026-06-20T09:58:14,Zone 2,zomato,delivered,308,867,1963,,false
484432,2026-06-20T10:03:53,Zone 1,zomato,delivered,270,910,1741,,false
484564,2026-06-20T10:11:38,Zone 1,zomato,delivered,455,1112,2083,,false
484390,2026-06-20T11:00:10,Zone 3,swiggy,delivered,525,545,1742,,false
484491,2026-06-20T11:06:21,Zone 3,swiggy,delivered,355,856,1714,,false
484596,2026-06-20T11:12:21,Zone 3,zomato,delivered,134,1228,1919,,false
484553,2026-06-20T11:56:53,Zone 3,swiggy,delivered,307,993,2219,,false
484498,2026-06-20T12:01:13,Zone 2,zomato,delivered,315,1179,2455,,false
484588,2026-06-20T12:06:30,Zone 3,zomato,delivered,357,1329,2437,,false
484591,2026-06-20T12:14:47,Zone 2,zomato,delivered,270,881,1569,,false
484569,2026-06-20T12:19:43,Zone 3,swiggy,delivered,147,1065,1977,,false
484405,2026-06-20T12:33:02,Zone 1,swiggy,delivered,232,754,1410,,false
484457,2026-06-20T12:33:30,Zone 2,zomato,delivered,554,616,1874,,false
484408,2026-06-20T12:36:50,Zone 3,swiggy,delivered,269,1376,2539,,false
484508,2026-06-20T13:03:09,Zone 3,swiggy,delivered,258,1393,2431,,false
484428,2026-06-20T13:07:34,Zone 3,swiggy,delivered,243,580,1710,,false
484443,2026-06-20T13:08:26,Zone 2,zomato,cancelled,218,985,2256,courier_no_show,false
484441,2026-06-20T13:28:56,Zone 1,zomato,delivered,217,859,1552,,false
484502,2026-06-20T13:41:34,Zone 1,zomato,delivered,269,717,1525,,false
484430,2026-06-20T13:52:11,Zone 3,zomato,delivered,356,556,1762,,false
484557,2026-06-20T13:53:57,Zone 3,zomato,delivered,234,621,1946,,false
484391,2026-06-20T13:56:07,Zone 2,swiggy,delivered,339,1397,2394,,false
484466,2026-06-20T14:06:21,Zone 2,zomato,delivered,474,1011,1883,,false
484422,2026-06-20T14:37:36,Zone 2,zomato,delivered,213,720,1861,,false
484537,2026-06-20T14:39:38,Zone 3,swiggy,delivered,213,1264,1928,,false
484484,2026-06-20T14:46:26,Zone 3,swiggy,delivered,273,528,1783,,false
484598,2026-06-20T15:13:48,Zone 2,swiggy,delivered,528,505,1456,,false
484439,2026-06-20T16:10:59,Zone 2,zomato,delivered,326,741,2027,,false
484446,2026-06-20T16:50:31,Zone 3,swiggy,delivered,277,654,1931,,false
484396,2026-06-20T17:03:31,Zone 1,swiggy,delivered,514,967,2136,,false
484554,2026-06-20T17:40:59,Zone 3,swiggy,delivered,322,1206,2242,,false
484517,2026-06-20T18:33:51,Zone 3,zomato,delivered,158,583,1914,,false
484410,2026-06-20T18:50:15,Zone 1,swiggy,delivered,211,1172,2488,,false
484479,2026-06-20T19:06:59,Zone 1,zomato,delivered,214,635,1347,,false
484526,2026-06-20T19:33:50,Zone 1,swiggy,delivered,362,1408,2132,,false
484592,2026-06-20T19:37:39,Zone 2,swiggy,delivered,157,986,2246,,false
484572,2026-06-20T19:38:18,Zone 3,swiggy,delivered,255,787,1896,,false
484486,2026-06-20T19:43:14,Zone 2,zomato,delivered,224,804,1567,,false
484580,2026-06-20T19:46:01,Zone 2,swiggy,delivered,478,1437,2327,,false
484450,2026-06-20T20:03:51,Zone 2,zomato,delivered,146,752,2044,,false
484521,2026-06-20T20:08:02,Zone 1,zomato,delivered,198,634,1508,,false
484546,2026-06-20T20:20:17,Zone 2,zomato,delivered,191,1309,2491,,false
484425,2026-06-20T20:20:28,Zone 1,zomato,delivered,166,595,1560,,false
484471,2026-06-20T20:35:44,Zone 3,swiggy,delivered,374,793,1532,,false
484456,2026-06-20T20:36:36,Zone 2,swiggy,delivered,324,976,1789,,false
484482,2026-06-20T20:40:46,Zone 2,swiggy,delivered,219,742,1393,,false
484586,2026-06-20T20:43:34,Zone 3,zomato,delivered,426,1331,2595,,false
484475,2026-06-20T20:44:36,Zone 3,zomato,delivered,362,804,1882,,false
484531,2026-06-20T20:50:18,Zone 3,zomato,delivered,225,1057,1828,,false
484522,2026-06-20T20:51:04,Zone 2,swiggy,delivered,251,944,2145,,false
484434,2026-06-20T21:01:04,Zone 3,swiggy,delivered,162,1258,1938,,false
484540,2026-06-20T21:19:19,Zone 3,zomato,delivered,436,683,1854,,false
484563,2026-06-20T21:41:14,Zone 1,zomato,delivered,334,1389,2371,,false
484429,2026-06-20T21:44:38,Zone 1,zomato,delivered,172,1391,2075,,false
484551,2026-06-20T21:52:03,Zone 3,swiggy,delivered,455,1211,2259,,false
484512,2026-06-20T21:52:33,Zone 3,zomato,delivered,213,842,1516,,false
484574,2026-06-20T22:41:19,Zone 1,zomato,delivered,734,1139,2251,,false
484401,2026-06-20T22:47:41,Zone 1,swiggy,delivered,581,536,1223,,false
484601,2026-06-21T00:46:15,Zone 3,swiggy,delivered,162,811,2038,,false
484846,2026-06-21T01:41:13,Zone 3,swiggy,delivered,150,801,1826,,false
484670,2026-06-21T06:25:26,Zone 2,swiggy,delivered,141,842,1848,,false
484784,2026-06-21T06:32:40,Zone 3,zomato,delivered,510,398,1674,,false
484734,2026-06-21T09:14:56,Zone 3,swiggy,delivered,237,897,1940,,false
484759,2026-06-21T10:00:41,Zone 2,zomato,delivered,372,450,1174,,false
484835,2026-06-21T10:12:33,Zone 3,zomato,delivered,383,1117,2381,,false
484699,2026-06-21T10:45:41,Zone 2,zomato,delivered,249,675,1724,,false
484821,2026-06-21T11:32:02,Zone 1,swiggy,delivered,285,937,2097,,false
484783,2026-06-21T11:38:05,Zone 3,swiggy,cancelled,347,1144,,customer_cancelled_predispatch,false
484725,2026-06-21T12:11:47,Zone 1,swiggy,delivered,231,600,1254,,false
484812,2026-06-21T12:32:41,Zone 1,swiggy,delivered,266,561,1779,,false
484673,2026-06-21T12:42:29,Zone 2,swiggy,delivered,207,970,1951,,false
484773,2026-06-21T12:51:36,Zone 3,zomato,delivered,353,513,1671,,false
484801,2026-06-21T12:58:50,Zone 2,zomato,delivered,410,1349,2190,,false
484607,2026-06-21T13:18:29,Zone 2,swiggy,delivered,297,593,1586,,false
484621,2026-06-21T13:38:44,Zone 2,zomato,delivered,333,735,1733,,false
484736,2026-06-21T13:58:50,Zone 2,swiggy,delivered,233,1251,2463,,false
484669,2026-06-21T14:15:05,Zone 2,zomato,delivered,139,721,1893,,false
484792,2026-06-21T14:32:00,Zone 1,zomato,delivered,498,580,1626,,false
484616,2026-06-21T14:40:16,Zone 2,zomato,cancelled,109,1188,,customer_cancelled_predispatch,false
484742,2026-06-21T15:02:18,Zone 1,swiggy,delivered,425,1107,1830,,false
484619,2026-06-21T15:07:35,Zone 2,swiggy,delivered,444,645,1759,,false
484637,2026-06-21T15:39:17,Zone 1,zomato,delivered,189,1187,2107,,false
484627,2026-06-21T16:15:00,Zone 3,zomato,delivered,595,516,1524,,false
484775,2026-06-21T16:21:22,Zone 3,swiggy,delivered,234,552,1432,,false
484726,2026-06-21T16:59:09,Zone 1,swiggy,delivered,112,895,1888,,false
484837,2026-06-21T17:23:55,Zone 3,swiggy,delivered,509,1076,2312,,false
484732,2026-06-21T18:22:04,Zone 1,swiggy,delivered,189,876,1902,,false
484840,2026-06-21T18:27:08,Zone 2,swiggy,delivered,192,1128,1860,,false
484852,2026-06-21T18:39:17,Zone 2,swiggy,delivered,354,588,1577,,false
484786,2026-06-21T18:41:49,Zone 2,swiggy,delivered,513,687,1694,,false
484748,2026-06-21T18:44:56,Zone 3,zomato,cancelled,175,723,,customer_cancelled_predispatch,false
484836,2026-06-21T18:48:07,Zone 2,swiggy,delivered,382,1223,2327,,false
484705,2026-06-21T19:26:43,Zone 3,swiggy,delivered,274,527,1727,,false
484631,2026-06-21T19:27:47,Zone 1,zomato,delivered,107,1116,2016,,false
484687,2026-06-21T19:32:08,Zone 1,zomato,delivered,354,1040,2237,,false
484777,2026-06-21T19:44:37,Zone 2,swiggy,delivered,247,477,1282,,false
484674,2026-06-21T19:45:28,Zone 1,zomato,delivered,401,1003,1727,,false
484626,2026-06-21T19:49:16,Zone 3,swiggy,delivered,286,1004,2136,,false
484630,2026-06-21T20:06:57,Zone 2,swiggy,delivered,111,1359,2261,,false
484611,2026-06-21T20:10:58,Zone 1,swiggy,delivered,99,609,1813,,false
484760,2026-06-21T20:19:38,Zone 1,zomato,delivered,274,517,1321,,false
484780,2026-06-21T20:27:17,Zone 1,zomato,delivered,676,844,1880,,false
484663,2026-06-21T20:30:22,Zone 3,swiggy,cancelled,601,1473,2299,kitchen_overload,false
484816,2026-06-21T20:30:43,Zone 2,zomato,delivered,409,729,1794,,false
484753,2026-06-21T20:35:04,Zone 3,zomato,delivered,286,890,1813,,false
484657,2026-06-21T20:36:46,Zone 1,zomato,delivered,666,1174,2127,,false
484806,2026-06-21T20:37:34,Zone 1,zomato,delivered,267,1321,2234,,false
484830,2026-06-21T20:39:42,Zone 1,zomato,delivered,258,1076,1996,,false
484735,2026-06-21T20:41:00,Zone 3,swiggy,delivered,749,1107,2235,,false
484720,2026-06-21T20:41:23,Zone 2,zomato,delivered,517,780,1908,,false
484772,2026-06-21T20:46:22,Zone 2,zomato,delivered,334,707,1493,,false
484765,2026-06-21T20:50:51,Zone 1,zomato,delivered,239,1450,2554,,false
484863,2026-06-21T20:51:35,Zone 3,zomato,delivered,178,491,1243,,false
484697,2026-06-21T20:55:20,Zone 3,zomato,delivered,205,1200,2495,,false
484825,2026-06-21T21:05:13,Zone 2,swiggy,delivered,319,858,1916,,false
484798,2026-06-21T21:09:47,Zone 2,swiggy,delivered,205,525,1205,,false
484683,2026-06-21T21:12:45,Zone 1,swiggy,delivered,832,1028,1993,,false
484680,2026-06-21T21:31:08,Zone 3,swiggy,delivered,221,580,1381,,false
484709,2026-06-21T21:47:35,Zone 3,zomato,delivered,213,1229,2344,,false
484643,2026-06-21T21:51:26,Zone 3,swiggy,delivered,164,1403,2126,,false
484665,2026-06-21T21:54:31,Zone 1,swiggy,delivered,215,513,1613,,false
484770,2026-06-21T22:00:35,Zone 1,swiggy,cancelled,365,914,,customer_cancelled_predispatch,false
484599,2026-06-21T22:24:00,Zone 2,zomato,delivered,968,1099,1762,,false
484715,2026-06-21T22:24:26,Zone 1,zomato,delivered,393,1199,2487,,false
484864,2026-06-21T22:27:05,Zone 1,swiggy,delivered,386,1253,2362,,false
484648,2026-06-21T22:30:51,Zone 3,swiggy,delivered,274,455,1692,,false
484809,2026-06-21T22:33:25,Zone 3,swiggy,delivered,536,436,1394,,false
484689,2026-06-21T22:44:37,Zone 3,swiggy,delivered,277,1210,2129,,false
484652,2026-06-21T23:08:30,Zone 1,swiggy,delivered,107,650,1775,,false
484858,2026-06-21T23:36:22,Zone 2,swiggy,delivered,210,1166,2172,,false
484707,2026-06-21T23:43:16,Zone 3,zomato,delivered,238,421,1143,,false
484691,2026-06-21T23:58:44,Zone 1,zomato,delivered,165,963,1822,,false
484950,2026-06-22T06:03:34,Zone 1,swiggy,delivered,227,924,1679,,false
484998,2026-06-22T07:06:31,Zone 1,zomato,delivered,597,793,1622,,false
485004,2026-06-22T09:13:33,Zone 1,swiggy,delivered,276,928,2241,,false
484938,2026-06-22T09:16:39,Zone 1,zomato,delivered,278,994,1732,,false
485029,2026-06-22T11:02:29,Zone 1,swiggy,delivered,221,881,1683,,false
484991,2026-06-22T12:01:39,Zone 3,swiggy,delivered,464,951,1968,,false
485013,2026-06-22T12:25:32,Zone 3,swiggy,delivered,380,1288,2636,,false
485023,2026-06-22T12:28:28,Zone 1,swiggy,delivered,233,576,1231,,false
484889,2026-06-22T12:39:22,Zone 3,swiggy,cancelled,132,908,2374,address_issue,false
484960,2026-06-22T12:49:28,Zone 3,swiggy,delivered,309,934,1915,,false
484911,2026-06-22T12:51:47,Zone 2,swiggy,delivered,292,1279,2303,,false
484949,2026-06-22T13:12:54,Zone 1,swiggy,delivered,403,725,1506,,false
484897,2026-06-22T13:14:48,Zone 1,swiggy,delivered,292,496,1748,,false
484958,2026-06-22T13:25:04,Zone 2,swiggy,delivered,605,1257,2445,,false
484948,2026-06-22T13:27:40,Zone 2,zomato,delivered,388,725,1747,,false
484944,2026-06-22T13:30:34,Zone 3,swiggy,delivered,496,1197,2265,,false
484914,2026-06-22T13:31:19,Zone 2,zomato,delivered,282,522,1506,,false
484872,2026-06-22T13:52:17,Zone 2,swiggy,cancelled,223,567,2025,courier_no_show,false
484969,2026-06-22T14:03:55,Zone 1,swiggy,delivered,400,587,1321,,false
484999,2026-06-22T14:38:45,Zone 1,zomato,delivered,415,1184,2281,,false
485003,2026-06-22T14:47:56,Zone 3,zomato,delivered,118,912,2146,,false
484909,2026-06-22T14:54:25,Zone 2,zomato,delivered,564,1159,2408,,false
484941,2026-06-22T15:44:34,Zone 2,swiggy,delivered,490,755,1779,,false
484986,2026-06-22T16:28:35,Zone 2,swiggy,delivered,362,658,1915,,false
484939,2026-06-22T17:10:01,Zone 3,zomato,delivered,250,1218,2059,,false
484953,2026-06-22T17:21:26,Zone 3,swiggy,cancelled,270,432,1249,restaurant_closed_early,false
484996,2026-06-22T17:35:09,Zone 1,swiggy,cancelled,249,955,1798,weather_delay,false
485010,2026-06-22T18:35:26,Zone 1,zomato,delivered,264,1018,1785,,false
484983,2026-06-22T18:41:48,Zone 3,swiggy,delivered,194,747,2026,,false
484963,2026-06-22T19:19:59,Zone 1,zomato,delivered,486,591,1450,,false
484870,2026-06-22T19:25:37,Zone 2,zomato,delivered,126,748,2039,,false
484917,2026-06-22T19:28:47,Zone 1,swiggy,delivered,357,806,1702,,false
484868,2026-06-22T19:33:44,Zone 2,zomato,cancelled,265,1419,2439,courier_no_show,false
484922,2026-06-22T19:38:12,Zone 2,zomato,delivered,185,817,1808,,false
484988,2026-06-22T19:55:35,Zone 1,swiggy,cancelled,238,828,1831,kitchen_overload,false
484980,2026-06-22T19:59:48,Zone 1,swiggy,delivered,175,576,1448,,false
484974,2026-06-22T20:00:02,Zone 3,swiggy,delivered,378,575,1289,,false
484877,2026-06-22T20:16:56,Zone 3,zomato,delivered,443,1049,2229,,false
484903,2026-06-22T20:29:07,Zone 2,swiggy,delivered,99,865,1768,,false
484946,2026-06-22T20:35:23,Zone 2,zomato,delivered,280,1222,2137,,false
484866,2026-06-22T20:38:03,Zone 2,swiggy,delivered,198,1289,1963,,false
484936,2026-06-22T20:47:05,Zone 1,swiggy,cancelled,122,1034,2346,courier_no_show,false
484885,2026-06-22T20:51:20,Zone 3,swiggy,delivered,99,734,1856,,false
484926,2026-06-22T20:56:05,Zone 2,swiggy,delivered,405,907,1840,,false
484887,2026-06-22T21:04:35,Zone 2,swiggy,delivered,197,1299,2091,,false
484906,2026-06-22T21:11:35,Zone 1,swiggy,delivered,388,942,2082,,false
484892,2026-06-22T21:23:39,Zone 2,zomato,delivered,726,934,2225,,false
484934,2026-06-22T21:23:47,Zone 2,swiggy,delivered,182,585,1411,,false
485019,2026-06-22T21:26:48,Zone 2,zomato,delivered,385,669,1967,,false
484929,2026-06-22T22:05:10,Zone 1,swiggy,delivered,236,1000,1961,,false
484881,2026-06-22T22:29:43,Zone 3,zomato,delivered,319,768,1572,,false
484943,2026-06-22T22:30:34,Zone 3,swiggy,cancelled,268,698,2076,address_issue,false
485026,2026-06-22T23:13:54,Zone 1,zomato,delivered,439,845,2143,,false
485068,2026-06-23T06:55:56,Zone 2,zomato,delivered,455,740,1589,,false
485037,2026-06-23T07:34:36,Zone 2,zomato,delivered,428,1141,2396,,true
485157,2026-06-23T08:30:08,Zone 3,swiggy,cancelled,340,884,3715,kitchen_overload,true
485057,2026-06-23T08:39:59,Zone 3,zomato,cancelled,443,754,2902,weather_delay,true
485132,2026-06-23T09:20:44,Zone 3,zomato,delivered,159,760,2336,,true
485041,2026-06-23T09:27:18,Zone 1,swiggy,delivered,486,608,1746,,false
485126,2026-06-23T10:49:37,Zone 2,swiggy,delivered,99,1113,2625,,true
485104,2026-06-23T11:14:02,Zone 3,swiggy,delivered,288,1229,2308,,true
485083,2026-06-23T11:57:25,Zone 1,zomato,delivered,431,978,2231,,false
485062,2026-06-23T12:03:18,Zone 3,zomato,delivered,277,1241,3186,,true
485074,2026-06-23T12:29:35,Zone 1,swiggy,delivered,254,597,1666,,false
485156,2026-06-23T12:29:47,Zone 2,swiggy,delivered,249,1211,2690,,false
485060,2026-06-23T12:33:48,Zone 2,zomato,delivered,443,800,2015,,false
485092,2026-06-23T12:53:56,Zone 3,zomato,delivered,288,862,2840,,false
485114,2026-06-23T13:39:47,Zone 2,swiggy,delivered,530,897,1708,,false
485137,2026-06-23T14:50:32,Zone 3,swiggy,delivered,509,945,2115,,true
485088,2026-06-23T15:19:58,Zone 2,swiggy,delivered,167,1054,2087,,true
485163,2026-06-23T16:44:38,Zone 1,zomato,delivered,340,682,1927,,true
485144,2026-06-23T17:31:34,Zone 2,swiggy,delivered,418,774,1555,,true
485167,2026-06-23T17:40:31,Zone 3,zomato,delivered,236,504,2376,,true
485077,2026-06-23T19:15:32,Zone 3,zomato,delivered,708,501,1813,,false
485100,2026-06-23T19:22:05,Zone 3,swiggy,delivered,313,650,2172,,true
485055,2026-06-23T19:51:28,Zone 1,swiggy,delivered,197,1207,2076,,false
485172,2026-06-23T20:13:51,Zone 3,swiggy,delivered,358,497,1810,,true
485120,2026-06-23T20:18:29,Zone 2,zomato,delivered,336,1315,2693,,true
485177,2026-06-23T20:19:19,Zone 2,zomato,delivered,254,1054,2524,,true
485050,2026-06-23T20:20:43,Zone 1,zomato,cancelled,260,1079,3039,weather_delay,false
485090,2026-06-23T20:33:58,Zone 2,zomato,cancelled,415,644,2321,weather_delay,false
485045,2026-06-23T20:48:08,Zone 2,swiggy,delivered,195,1221,2056,,false
485031,2026-06-23T20:50:30,Zone 2,zomato,delivered,406,1294,2720,,false
485143,2026-06-23T21:11:49,Zone 1,swiggy,cancelled,188,1383,,customer_cancelled_predispatch,false
485150,2026-06-23T21:17:39,Zone 2,zomato,delivered,172,500,1832,,true
485151,2026-06-23T21:19:21,Zone 1,swiggy,delivered,426,1126,2558,,true
485094,2026-06-23T22:17:09,Zone 1,swiggy,delivered,387,931,1900,,false
485035,2026-06-23T22:21:22,Zone 2,zomato,cancelled,209,962,2203,courier_no_show,false
485109,2026-06-23T22:28:55,Zone 2,swiggy,delivered,217,467,1560,,false
485118,2026-06-23T23:33:34,Zone 3,swiggy,delivered,506,549,2516,,true
485237,2026-06-24T08:13:52,Zone 2,zomato,delivered,530,582,1422,,false
485326,2026-06-24T08:49:03,Zone 2,zomato,delivered,126,553,1867,,true
485204,2026-06-24T09:29:56,Zone 1,zomato,delivered,99,914,1857,,false
485280,2026-06-24T10:30:44,Zone 1,zomato,cancelled,311,1108,2809,weather_delay,false
485330,2026-06-24T10:34:49,Zone 1,zomato,delivered,460,450,1434,,false
485203,2026-06-24T11:55:06,Zone 3,swiggy,cancelled,309,841,3074,kitchen_overload,true
485198,2026-06-24T12:05:28,Zone 1,swiggy,delivered,192,1130,2553,,false
485297,2026-06-24T12:33:55,Zone 2,swiggy,delivered,326,1165,2308,,true
485307,2026-06-24T12:43:45,Zone 2,swiggy,delivered,99,867,2445,,false
485344,2026-06-24T13:12:11,Zone 1,swiggy,delivered,444,1068,1914,,true
485183,2026-06-24T13:21:59,Zone 2,swiggy,delivered,166,905,2428,,true
485225,2026-06-24T13:31:01,Zone 2,swiggy,cancelled,183,1043,2824,weather_delay,false
485208,2026-06-24T13:34:20,Zone 3,swiggy,cancelled,154,1000,3165,weather_delay,true
485224,2026-06-24T13:41:45,Zone 2,zomato,delivered,267,1342,2836,,true
485211,2026-06-24T13:45:51,Zone 2,swiggy,cancelled,713,513,,customer_cancelled_predispatch,true
485289,2026-06-24T13:51:18,Zone 1,zomato,delivered,242,714,1972,,false
485255,2026-06-24T13:59:27,Zone 3,swiggy,cancelled,99,851,2742,weather_delay,true
485215,2026-06-24T14:05:27,Zone 1,zomato,delivered,596,991,2448,,false
485332,2026-06-24T15:57:31,Zone 3,swiggy,delivered,278,669,1681,,true
485339,2026-06-24T16:36:34,Zone 2,swiggy,delivered,267,671,2081,,true
485189,2026-06-24T16:52:26,Zone 1,swiggy,delivered,431,410,1462,,false
485261,2026-06-24T18:03:00,Zone 2,zomato,delivered,232,812,2109,,true
485322,2026-06-24T18:11:57,Zone 3,swiggy,delivered,294,1110,2293,,true
485295,2026-06-24T18:42:18,Zone 2,swiggy,delivered,330,676,1686,,true
485321,2026-06-24T18:57:53,Zone 3,zomato,delivered,157,545,2529,,true
485312,2026-06-24T19:02:06,Zone 2,zomato,delivered,796,797,1654,,false
485303,2026-06-24T19:13:36,Zone 3,swiggy,delivered,311,934,2942,,true
485318,2026-06-24T19:25:29,Zone 3,zomato,cancelled,194,1142,3495,weather_delay,true
485279,2026-06-24T19:36:31,Zone 1,swiggy,delivered,351,1421,2785,,false
485245,2026-06-24T19:38:49,Zone 2,zomato,delivered,205,1035,2486,,true
485346,2026-06-24T19:47:12,Zone 1,swiggy,delivered,214,1241,2433,,false
485231,2026-06-24T20:20:35,Zone 1,swiggy,delivered,375,729,1907,,false
485265,2026-06-24T20:25:24,Zone 2,zomato,delivered,191,1410,2314,,false
485249,2026-06-24T20:42:09,Zone 2,swiggy,delivered,195,802,2339,,false
485220,2026-06-24T20:42:51,Zone 1,zomato,delivered,362,1288,2144,,false
485193,2026-06-24T20:45:54,Zone 3,swiggy,cancelled,586,1011,2398,weather_delay,true
485336,2026-06-24T20:49:31,Zone 2,zomato,delivered,528,489,1947,,false
485273,2026-06-24T20:55:29,Zone 2,swiggy,delivered,332,936,1866,,true
485319,2026-06-24T21:00:26,Zone 2,zomato,delivered,468,498,1321,,false
485296,2026-06-24T21:00:47,Zone 2,zomato,delivered,417,633,1605,,false
485286,2026-06-24T22:04:43,Zone 2,zomato,delivered,99,1231,2283,,false
485241,2026-06-24T22:36:53,Zone 1,zomato,delivered,145,702,1977,,true
485190,2026-06-24T22:50:22,Zone 3,swiggy,delivered,607,774,2720,,true
485347,2026-06-24T22:51:28,Zone 1,swiggy,delivered,554,835,2340,,false
485267,2026-06-24T23:42:08,Zone 1,zomato,delivered,693,1187,2077,,true
485422,2026-06-25T07:23:11,Zone 2,swiggy,cancelled,199,568,2476,weather_delay,false
485491,2026-06-25T07:52:19,Zone 1,zomato,delivered,224,1034,2355,,false
485504,2026-06-25T08:20:29,Zone 1,swiggy,delivered,291,678,1895,,true
485486,2026-06-25T09:26:40,Zone 2,zomato,delivered,496,546,1783,,false
485403,2026-06-25T09:31:15,Zone 2,swiggy,delivered,238,469,1499,,false
485367,2026-06-25T09:52:50,Zone 2,swiggy,delivered,156,473,1883,,true
485384,2026-06-25T11:01:31,Zone 1,zomato,delivered,376,571,1618,,false
485351,2026-06-25T11:03:57,Zone 3,swiggy,delivered,377,458,1832,,true
485516,2026-06-25T11:13:09,Zone 1,swiggy,delivered,388,844,2079,,false
485358,2026-06-25T11:56:31,Zone 1,swiggy,delivered,412,752,2172,,true
485389,2026-06-25T12:23:08,Zone 3,zomato,cancelled,198,1093,3718,weather_delay,false
485397,2026-06-25T12:26:54,Zone 2,zomato,delivered,472,680,1939,,false
485466,2026-06-25T12:59:49,Zone 1,swiggy,delivered,430,1356,2541,,false
485357,2026-06-25T13:07:17,Zone 3,swiggy,cancelled,181,1021,2923,kitchen_overload,true
485452,2026-06-25T13:08:28,Zone 2,swiggy,delivered,422,606,2195,,false
485449,2026-06-25T13:10:39,Zone 3,swiggy,cancelled,602,1102,2495,weather_delay,false
485457,2026-06-25T13:45:18,Zone 3,zomato,delivered,545,1347,2476,,true
485483,2026-06-25T14:53:37,Zone 1,swiggy,delivered,654,496,1902,,false
485447,2026-06-25T15:19:36,Zone 3,swiggy,delivered,209,635,1803,,true
485463,2026-06-25T16:02:08,Zone 2,swiggy,cancelled,604,470,2004,weather_delay,false
485392,2026-06-25T16:10:48,Zone 1,swiggy,delivered,539,1130,2367,,true
485498,2026-06-25T16:27:55,Zone 2,swiggy,delivered,157,862,1773,,false
485432,2026-06-25T17:53:07,Zone 3,zomato,delivered,237,1072,2957,,true
485453,2026-06-25T18:07:58,Zone 2,swiggy,delivered,308,434,2024,,true
485373,2026-06-25T18:14:29,Zone 3,swiggy,delivered,541,1286,2485,,true
485428,2026-06-25T18:44:13,Zone 3,swiggy,delivered,329,478,1976,,false
485379,2026-06-25T19:02:03,Zone 2,swiggy,cancelled,390,912,2398,weather_delay,true
485364,2026-06-25T19:13:09,Zone 1,swiggy,delivered,185,1051,2337,,true
485472,2026-06-25T19:32:03,Zone 2,swiggy,delivered,269,748,2339,,false
485511,2026-06-25T19:44:23,Zone 2,swiggy,delivered,167,1228,2772,,true
485415,2026-06-25T20:00:55,Zone 1,zomato,delivered,99,756,1984,,true
485520,2026-06-25T20:07:26,Zone 3,swiggy,cancelled,99,1176,4007,weather_delay,true
485348,2026-06-25T20:14:59,Zone 1,swiggy,delivered,314,532,1416,,false
485385,2026-06-25T20:20:14,Zone 1,swiggy,delivered,372,921,2205,,true
485416,2026-06-25T20:50:43,Zone 2,swiggy,cancelled,335,850,2260,weather_delay,false
485409,2026-06-25T20:54:36,Zone 2,zomato,delivered,167,671,1969,,false
485478,2026-06-25T21:05:13,Zone 3,zomato,delivered,301,1161,2959,,true
485445,2026-06-25T21:14:53,Zone 2,swiggy,delivered,409,1032,2510,,true
485495,2026-06-25T21:26:11,Zone 3,zomato,delivered,505,1393,2793,,true
485402,2026-06-25T21:37:09,Zone 3,swiggy,delivered,330,842,2605,,true
485355,2026-06-25T21:47:43,Zone 2,zomato,delivered,167,1223,2493,,false
485440,2026-06-25T22:01:18,Zone 3,swiggy,delivered,260,1000,2076,,true
485436,2026-06-25T22:04:12,Zone 1,swiggy,delivered,180,561,1507,,true
485510,2026-06-25T22:32:12,Zone 1,swiggy,delivered,349,1161,2187,,false
485655,2026-06-26T01:25:59,Zone 1,zomato,delivered,497,1006,1963,,false
485564,2026-06-26T04:43:31,Zone 1,swiggy,delivered,417,468,1531,,false
485709,2026-06-26T06:43:43,Zone 2,zomato,delivered,175,1003,1971,,false
485634,2026-06-26T08:57:05,Zone 2,zomato,delivered,267,464,1621,,false
485602,2026-06-26T09:22:22,Zone 2,zomato,delivered,218,876,1572,,false
485727,2026-06-26T09:29:27,Zone 3,swiggy,delivered,172,1128,2144,,false
485643,2026-06-26T09:38:07,Zone 2,zomato,delivered,278,587,1338,,false
485583,2026-06-26T09:48:33,Zone 3,swiggy,delivered,419,607,1859,,false
485566,2026-06-26T09:59:57,Zone 1,zomato,delivered,256,1199,2436,,false
485780,2026-06-26T10:12:10,Zone 2,zomato,delivered,212,1196,2029,,false
485719,2026-06-26T10:31:51,Zone 3,zomato,delivered,746,680,1587,,false
485702,2026-06-26T10:55:53,Zone 3,zomato,delivered,233,885,1720,,false
485640,2026-06-26T11:07:36,Zone 2,swiggy,delivered,421,1052,2050,,false
485631,2026-06-26T11:08:01,Zone 3,swiggy,delivered,353,441,1639,,false
485751,2026-06-26T11:12:07,Zone 3,swiggy,delivered,99,526,1765,,false
485647,2026-06-26T11:17:28,Zone 1,zomato,delivered,323,1196,2143,,false
485680,2026-06-26T11:25:39,Zone 2,swiggy,delivered,362,844,2144,,false
485706,2026-06-26T11:29:27,Zone 3,zomato,delivered,103,996,1991,,false
485532,2026-06-26T12:05:27,Zone 3,swiggy,delivered,99,851,1524,,false
485628,2026-06-26T12:09:12,Zone 1,zomato,delivered,311,855,1531,,false
485715,2026-06-26T12:15:49,Zone 1,zomato,delivered,180,715,1823,,false
485723,2026-06-26T12:28:56,Zone 2,zomato,delivered,292,1203,2157,,false
485652,2026-06-26T12:35:24,Zone 2,zomato,delivered,744,947,1907,,false
485550,2026-06-26T12:43:06,Zone 3,zomato,delivered,293,829,1699,,false
485538,2026-06-26T12:57:12,Zone 3,swiggy,delivered,171,708,1605,,false
485728,2026-06-26T13:03:35,Zone 3,swiggy,delivered,333,909,2128,,false
485598,2026-06-26T13:18:20,Zone 1,swiggy,cancelled,598,1174,2147,weather_delay,false
485603,2026-06-26T13:21:10,Zone 2,swiggy,delivered,417,957,1621,,false
485671,2026-06-26T13:30:55,Zone 1,swiggy,cancelled,376,734,1749,courier_no_show,false
485699,2026-06-26T13:32:31,Zone 3,swiggy,delivered,247,601,1282,,false
485739,2026-06-26T13:46:29,Zone 2,zomato,delivered,257,1239,1944,,false
485661,2026-06-26T13:51:49,Zone 2,swiggy,delivered,651,1364,2303,,false
485705,2026-06-26T13:57:10,Zone 3,swiggy,delivered,300,517,1496,,false
485548,2026-06-26T13:57:48,Zone 1,zomato,delivered,822,1279,2418,,false
485733,2026-06-26T14:37:05,Zone 1,zomato,cancelled,310,1194,2458,courier_no_show,false
485676,2026-06-26T14:53:56,Zone 1,zomato,delivered,396,1312,2453,,false
485663,2026-06-26T15:01:48,Zone 2,swiggy,delivered,301,401,1265,,false
485726,2026-06-26T15:02:32,Zone 3,zomato,delivered,410,1161,2264,,false
485690,2026-06-26T15:15:23,Zone 3,swiggy,delivered,250,961,2107,,false
485617,2026-06-26T15:34:20,Zone 2,swiggy,delivered,335,847,1936,,false
485607,2026-06-26T16:01:20,Zone 2,swiggy,delivered,145,956,1954,,false
485554,2026-06-26T16:33:08,Zone 3,zomato,delivered,356,661,1510,,false
485621,2026-06-26T17:11:36,Zone 1,zomato,delivered,483,1187,2267,,false
485767,2026-06-26T17:41:22,Zone 3,swiggy,delivered,235,692,1496,,false
485665,2026-06-26T18:07:10,Zone 2,zomato,delivered,588,1179,2384,,false
485615,2026-06-26T18:17:04,Zone 3,swiggy,delivered,201,1006,2219,,false
485610,2026-06-26T18:18:16,Zone 1,zomato,delivered,551,1277,2332,,false
485597,2026-06-26T18:34:36,Zone 2,zomato,delivered,331,867,1949,,false
485587,2026-06-26T18:48:02,Zone 3,swiggy,cancelled,304,821,,customer_cancelled_predispatch,false
485708,2026-06-26T19:13:37,Zone 2,zomato,delivered,289,1217,2488,,false
485649,2026-06-26T19:17:56,Zone 2,zomato,delivered,605,1385,2587,,false
485558,2026-06-26T19:19:43,Zone 1,swiggy,delivered,632,1251,2158,,false
485750,2026-06-26T19:31:19,Zone 3,zomato,delivered,440,1127,1838,,false
485536,2026-06-26T19:37:03,Zone 1,swiggy,delivered,124,1204,2498,,false
485593,2026-06-26T19:49:19,Zone 1,swiggy,delivered,245,1213,2206,,false
485711,2026-06-26T20:08:13,Zone 3,swiggy,delivered,543,1033,1748,,false
485691,2026-06-26T20:16:04,Zone 2,swiggy,delivered,263,1156,2303,,false
485572,2026-06-26T20:17:48,Zone 3,zomato,delivered,497,1428,2545,,false
485526,2026-06-26T20:21:11,Zone 1,zomato,delivered,157,1180,2045,,false
485626,2026-06-26T20:27:59,Zone 3,swiggy,delivered,197,726,1912,,false
485579,2026-06-26T20:53:04,Zone 3,zomato,delivered,275,639,1356,,false
485696,2026-06-26T21:00:16,Zone 2,swiggy,delivered,280,1390,2446,,false
485763,2026-06-26T21:14:45,Zone 2,swiggy,delivered,247,1318,2299,,false
485627,2026-06-26T21:26:20,Zone 2,zomato,delivered,226,618,1433,,false
485682,2026-06-26T21:31:07,Zone 3,swiggy,delivered,642,740,1481,,false
485752,2026-06-26T21:34:12,Zone 1,swiggy,delivered,315,624,1766,,false
485685,2026-06-26T21:38:13,Zone 3,swiggy,delivered,188,493,1308,,false
485609,2026-06-26T21:42:21,Zone 2,swiggy,delivered,298,1275,2513,,false
485662,2026-06-26T21:45:27,Zone 3,zomato,delivered,331,1041,2207,,false
485543,2026-06-26T21:49:46,Zone 1,zomato,delivered,146,478,1262,,false
485707,2026-06-26T21:55:09,Zone 2,swiggy,delivered,233,1182,2226,,false
485772,2026-06-26T22:21:58,Zone 3,zomato,delivered,313,1069,2011,,false
485756,2026-06-26T22:30:01,Zone 2,swiggy,cancelled,363,475,1745,kitchen_overload,false
485575,2026-06-26T22:31:32,Zone 1,swiggy,delivered,159,634,1305,,false
485710,2026-06-26T22:38:42,Zone 2,swiggy,delivered,394,1267,2552,,false
485775,2026-06-26T22:41:47,Zone 3,zomato,delivered,610,680,1797,,false
485745,2026-06-26T23:16:55,Zone 1,swiggy,delivered,184,957,2283,,false
485762,2026-06-26T23:54:31,Zone 2,zomato,delivered,282,983,2267,,false
485992,2026-06-27T01:37:42,Zone 1,swiggy,delivered,571,404,1738,,false
485862,2026-06-27T07:09:09,Zone 2,zomato,delivered,242,524,1175,,false
486000,2026-06-27T08:01:35,Zone 1,swiggy,delivered,399,681,1470,,false
485920,2026-06-27T08:05:25,Zone 1,swiggy,delivered,356,739,2059,,false
485790,2026-06-27T08:28:51,Zone 3,zomato,delivered,386,473,1478,,false
485847,2026-06-27T08:56:08,Zone 1,swiggy,delivered,430,841,2101,,false
485897,2026-06-27T09:19:26,Zone 1,zomato,delivered,251,443,1317,,false
485971,2026-06-27T09:28:37,Zone 1,swiggy,cancelled,99,1083,,customer_cancelled_predispatch,false
485908,2026-06-27T09:48:35,Zone 3,swiggy,delivered,285,911,2239,,false
485824,2026-06-27T10:34:18,Zone 1,zomato,cancelled,338,520,1694,restaurant_closed_early,false
485792,2026-06-27T11:07:55,Zone 3,swiggy,delivered,237,827,1547,,false
485785,2026-06-27T11:55:57,Zone 1,swiggy,delivered,296,506,1336,,false
485967,2026-06-27T12:44:27,Zone 3,swiggy,cancelled,252,1031,1750,courier_no_show,false
485830,2026-06-27T12:49:19,Zone 2,swiggy,delivered,474,692,1429,,false
485786,2026-06-27T13:22:49,Zone 3,zomato,delivered,724,1300,2023,,false
485926,2026-06-27T13:43:21,Zone 1,zomato,delivered,306,1405,2377,,false
485798,2026-06-27T13:45:48,Zone 2,zomato,delivered,174,868,2079,,false
485816,2026-06-27T13:52:17,Zone 2,swiggy,delivered,284,1313,2396,,false
485951,2026-06-27T13:57:45,Zone 2,swiggy,delivered,152,943,1729,,false
485910,2026-06-27T14:10:50,Zone 2,swiggy,cancelled,586,1310,2396,weather_delay,false
485943,2026-06-27T14:11:53,Zone 3,swiggy,delivered,270,445,1626,,false
485901,2026-06-27T14:20:16,Zone 3,zomato,delivered,113,973,1979,,false
485802,2026-06-27T14:26:57,Zone 3,swiggy,delivered,434,835,1987,,false
485871,2026-06-27T14:57:25,Zone 2,zomato,delivered,707,1017,2162,,false
485822,2026-06-27T15:22:56,Zone 2,swiggy,delivered,241,672,1840,,false
485891,2026-06-27T15:26:01,Zone 1,swiggy,delivered,155,536,1365,,false
485856,2026-06-27T15:45:32,Zone 1,swiggy,delivered,315,1172,2488,,false
485805,2026-06-27T17:04:05,Zone 1,zomato,delivered,180,1038,2137,,false
485902,2026-06-27T17:07:17,Zone 1,zomato,delivered,401,421,1481,,false
485958,2026-06-27T17:50:17,Zone 3,swiggy,cancelled,389,1142,2380,courier_no_show,false
485863,2026-06-27T18:04:55,Zone 2,zomato,delivered,361,1121,2275,,false
485986,2026-06-27T18:32:41,Zone 1,zomato,delivered,517,703,1611,,false
485851,2026-06-27T18:40:27,Zone 3,zomato,delivered,474,574,1563,,false
485983,2026-06-27T18:40:32,Zone 2,swiggy,cancelled,393,552,,customer_cancelled_predispatch,false
485877,2026-06-27T18:50:49,Zone 1,zomato,delivered,407,1274,2454,,false
485932,2026-06-27T19:01:58,Zone 1,zomato,delivered,356,946,1653,,false
485993,2026-06-27T19:12:50,Zone 2,zomato,delivered,443,1054,2109,,false
485794,2026-06-27T19:21:52,Zone 1,swiggy,delivered,99,932,1702,,false
485857,2026-06-27T19:26:07,Zone 2,swiggy,delivered,339,768,1624,,false
485979,2026-06-27T19:26:14,Zone 3,zomato,delivered,306,887,1608,,false
485999,2026-06-27T19:29:39,Zone 1,zomato,delivered,481,651,1555,,false
485980,2026-06-27T19:43:50,Zone 2,swiggy,cancelled,193,1049,1904,restaurant_closed_early,false
485945,2026-06-27T19:45:22,Zone 1,zomato,delivered,241,699,1603,,false
485868,2026-06-27T19:48:08,Zone 2,zomato,cancelled,423,1178,2377,kitchen_overload,false
485914,2026-06-27T19:53:43,Zone 3,zomato,delivered,203,745,1769,,false
485962,2026-06-27T19:54:20,Zone 3,swiggy,delivered,158,953,1633,,false
485966,2026-06-27T20:03:17,Zone 2,swiggy,delivered,279,1365,2708,,false
485843,2026-06-27T20:06:20,Zone 2,zomato,delivered,266,1197,1904,,false
485833,2026-06-27T20:07:28,Zone 2,swiggy,delivered,256,1231,2381,,false
485956,2026-06-27T20:43:43,Zone 2,swiggy,delivered,162,745,1555,,false
485970,2026-06-27T20:59:21,Zone 1,swiggy,cancelled,574,723,1774,item_unavailable,false
485811,2026-06-27T21:03:40,Zone 3,zomato,delivered,696,1300,2170,,false
485937,2026-06-27T21:41:04,Zone 1,zomato,delivered,426,802,2031,,false
485886,2026-06-27T21:53:56,Zone 2,zomato,delivered,384,508,1174,,false
485974,2026-06-27T22:28:03,Zone 2,swiggy,delivered,147,476,1407,,false
485881,2026-06-27T22:33:12,Zone 2,swiggy,delivered,417,1281,2075,,false
485997,2026-06-27T22:39:19,Zone 2,swiggy,delivered,672,868,1965,,false
485838,2026-06-27T22:42:34,Zone 1,swiggy,delivered,423,936,1850,,false
486099,2026-06-28T02:07:45,Zone 2,zomato,delivered,320,770,2085,,false
486202,2026-06-28T08:01:37,Zone 2,zomato,cancelled,147,997,2487,item_unavailable,false
486075,2026-06-28T08:24:18,Zone 1,zomato,delivered,337,1083,1843,,false
486125,2026-06-28T08:52:17,Zone 2,swiggy,delivered,508,1189,2393,,false
486226,2026-06-28T09:24:18,Zone 1,swiggy,delivered,337,1091,1831,,false
486203,2026-06-28T09:33:50,Zone 2,swiggy,delivered,321,886,2013,,false
486091,2026-06-28T09:44:02,Zone 3,swiggy,cancelled,688,936,2358,restaurant_closed_early,false
486138,2026-06-28T10:20:41,Zone 2,zomato,delivered,410,411,1293,,false
486079,2026-06-28T10:34:26,Zone 3,swiggy,delivered,569,519,1386,,false
486163,2026-06-28T11:46:11,Zone 2,swiggy,delivered,233,806,1956,,false
486101,2026-06-28T11:52:17,Zone 1,swiggy,delivered,146,851,1555,,false
486006,2026-06-28T11:56:16,Zone 1,zomato,delivered,217,552,1273,,false
486097,2026-06-28T12:02:29,Zone 1,zomato,delivered,490,1143,2071,,false
486238,2026-06-28T12:10:48,Zone 3,swiggy,delivered,275,1118,2434,,false
486045,2026-06-28T12:12:43,Zone 1,zomato,delivered,509,628,1375,,false
486179,2026-06-28T12:30:02,Zone 2,zomato,delivered,445,693,1820,,false
486144,2026-06-28T12:34:03,Zone 3,zomato,delivered,444,1260,2038,,false
486185,2026-06-28T12:38:37,Zone 3,swiggy,delivered,512,1301,2361,,false
486083,2026-06-28T12:45:43,Zone 1,swiggy,delivered,169,821,1839,,false
486164,2026-06-28T12:58:12,Zone 1,swiggy,delivered,468,1309,2638,,false
486205,2026-06-28T13:20:52,Zone 3,zomato,delivered,273,805,1525,,false
486073,2026-06-28T13:28:40,Zone 1,swiggy,delivered,354,1124,1905,,false
486156,2026-06-28T13:36:28,Zone 1,zomato,delivered,319,809,1788,,false
486137,2026-06-28T14:18:12,Zone 2,zomato,delivered,214,1325,2589,,false
486170,2026-06-28T14:31:19,Zone 3,swiggy,delivered,694,549,1313,,false
486160,2026-06-28T14:39:47,Zone 3,zomato,delivered,274,1119,2186,,false
486196,2026-06-28T14:45:08,Zone 2,swiggy,delivered,152,628,1803,,false
486065,2026-06-28T14:49:44,Zone 1,zomato,delivered,362,562,1908,,false
486037,2026-06-28T15:29:27,Zone 2,swiggy,delivered,229,760,1463,,false
486211,2026-06-28T15:44:25,Zone 3,zomato,delivered,343,1014,1980,,false
486023,2026-06-28T17:37:56,Zone 1,swiggy,delivered,314,460,1636,,false
486135,2026-06-28T18:00:14,Zone 2,zomato,delivered,244,1099,1791,,false
486119,2026-06-28T18:27:07,Zone 1,swiggy,delivered,185,710,1681,,false
486058,2026-06-28T18:29:46,Zone 2,swiggy,delivered,612,1263,2220,,false
486032,2026-06-28T18:40:58,Zone 2,swiggy,delivered,212,806,1566,,false
486054,2026-06-28T18:41:00,Zone 3,zomato,delivered,209,616,1677,,false
486193,2026-06-28T18:46:26,Zone 3,swiggy,delivered,365,1150,1947,,false
486070,2026-06-28T18:51:38,Zone 2,swiggy,delivered,274,486,1468,,false
486148,2026-06-28T19:04:55,Zone 1,swiggy,delivered,401,670,1735,,false
486221,2026-06-28T19:25:47,Zone 3,swiggy,delivered,895,934,2074,,false
486027,2026-06-28T19:32:23,Zone 2,swiggy,delivered,457,941,1923,,false
486109,2026-06-28T19:33:41,Zone 3,zomato,cancelled,278,523,1837,restaurant_closed_early,false
486019,2026-06-28T19:40:15,Zone 3,zomato,delivered,172,1083,1822,,false
486216,2026-06-28T19:55:30,Zone 2,swiggy,delivered,265,1256,2217,,false
486200,2026-06-28T20:12:16,Zone 2,zomato,cancelled,151,566,,customer_cancelled_predispatch,false
486176,2026-06-28T20:16:49,Zone 2,zomato,delivered,402,544,1491,,false
486232,2026-06-28T20:19:53,Zone 3,zomato,delivered,312,1440,2468,,false
486089,2026-06-28T20:25:39,Zone 2,swiggy,delivered,391,870,2009,,false
486103,2026-06-28T20:43:17,Zone 2,swiggy,delivered,459,1018,1701,,false
486194,2026-06-28T20:44:19,Zone 3,zomato,delivered,444,1140,1909,,false
486060,2026-06-28T21:01:23,Zone 2,swiggy,delivered,559,790,1920,,false
486012,2026-06-28T21:08:24,Zone 3,swiggy,delivered,215,1097,2431,,false
486033,2026-06-28T21:16:35,Zone 1,swiggy,delivered,302,1023,2108,,false
486042,2026-06-28T21:18:53,Zone 2,zomato,cancelled,528,559,,customer_cancelled_predispatch,false
486134,2026-06-28T21:20:54,Zone 2,swiggy,delivered,385,830,1643,,false
486187,2026-06-28T21:33:58,Zone 3,swiggy,delivered,294,944,2215,,false
486117,2026-06-28T21:42:10,Zone 1,swiggy,delivered,151,1002,1797,,false
486050,2026-06-28T21:45:47,Zone 3,swiggy,delivered,240,1214,2148,,false
486150,2026-06-28T21:59:13,Zone 2,swiggy,delivered,312,654,1728,,false
486111,2026-06-28T22:23:58,Zone 1,swiggy,delivered,573,486,1204,,false
486096,2026-06-28T22:26:48,Zone 1,swiggy,delivered,496,1119,1884,,false
486128,2026-06-28T22:36:10,Zone 3,zomato,delivered,431,1043,2138,,false
486087,2026-06-28T22:56:31,Zone 2,swiggy,delivered,141,1242,2482,,false
486018,2026-06-28T23:56:27,Zone 1,swiggy,delivered,821,551,1463,,false
486256,2026-06-29T00:03:37,Zone 1,swiggy,delivered,293,969,1707,,false
486384,2026-06-29T07:29:57,Zone 3,swiggy,delivered,99,615,1510,,false
486281,2026-06-29T09:50:54,Zone 2,zomato,delivered,432,441,1423,,false
486309,2026-06-29T10:08:36,Zone 3,swiggy,delivered,222,460,1319,,false
486378,2026-06-29T10:22:03,Zone 2,swiggy,delivered,432,1076,1929,,false
486387,2026-06-29T11:42:16,Zone 2,swiggy,delivered,267,853,2196,,false
486336,2026-06-29T11:51:14,Zone 1,swiggy,delivered,149,552,1417,,false
486361,2026-06-29T12:05:10,Zone 1,zomato,delivered,355,1262,2209,,false
486325,2026-06-29T12:08:38,Zone 1,swiggy,delivered,162,520,1437,,false
486347,2026-06-29T12:51:47,Zone 3,swiggy,delivered,377,893,1550,,false
486251,2026-06-29T13:18:05,Zone 1,zomato,delivered,155,1281,2335,,false
486293,2026-06-29T13:38:11,Zone 3,zomato,delivered,140,1247,2340,,false
486299,2026-06-29T13:47:06,Zone 1,swiggy,delivered,408,1011,1705,,false
486390,2026-06-29T14:47:21,Zone 1,swiggy,delivered,318,676,1711,,false
486294,2026-06-29T15:00:07,Zone 1,swiggy,delivered,424,417,1468,,false
486279,2026-06-29T15:10:36,Zone 2,swiggy,delivered,551,932,2181,,false
486259,2026-06-29T15:38:18,Zone 3,zomato,delivered,248,963,2206,,false
486379,2026-06-29T16:16:13,Zone 3,zomato,delivered,205,1153,2381,,false
486349,2026-06-29T17:09:42,Zone 1,zomato,delivered,226,938,2132,,false
486320,2026-06-29T17:22:38,Zone 2,zomato,delivered,420,436,1685,,false
486374,2026-06-29T17:38:02,Zone 2,swiggy,delivered,849,1159,2066,,false
486365,2026-06-29T17:46:08,Zone 2,zomato,cancelled,430,509,,customer_cancelled_predispatch,false
486261,2026-06-29T18:40:53,Zone 2,zomato,delivered,272,724,1521,,false
486333,2026-06-29T19:04:17,Zone 2,zomato,delivered,285,558,1753,,false
486250,2026-06-29T19:24:58,Zone 3,zomato,delivered,414,1409,2222,,false
486353,2026-06-29T19:26:45,Zone 1,zomato,delivered,543,740,2049,,false
486389,2026-06-29T19:28:10,Zone 2,swiggy,delivered,265,665,1343,,false
486257,2026-06-29T19:37:14,Zone 2,swiggy,delivered,309,1387,2387,,false
486244,2026-06-29T19:59:34,Zone 3,swiggy,delivered,441,1376,2446,,false
486385,2026-06-29T20:25:22,Zone 1,swiggy,delivered,137,640,1631,,false
486332,2026-06-29T20:36:42,Zone 3,zomato,delivered,291,1477,2145,,false
486267,2026-06-29T20:51:14,Zone 3,zomato,delivered,517,1213,2434,,false
486369,2026-06-29T21:00:45,Zone 3,zomato,delivered,216,1374,2640,,false
486326,2026-06-29T21:25:29,Zone 3,zomato,delivered,198,723,1825,,false
486341,2026-06-29T21:31:06,Zone 2,zomato,cancelled,232,560,1861,courier_no_show,false
486307,2026-06-29T21:34:45,Zone 1,zomato,delivered,188,637,1847,,false
486356,2026-06-29T21:52:14,Zone 2,swiggy,delivered,242,1273,1977,,false
486287,2026-06-29T22:07:32,Zone 2,swiggy,delivered,172,647,1575,,false
486272,2026-06-29T22:10:01,Zone 2,swiggy,cancelled,315,776,1702,restaurant_closed_early,false
486315,2026-06-29T22:10:27,Zone 1,swiggy,delivered,525,823,1960,,false
486277,2026-06-29T22:44:54,Zone 2,swiggy,delivered,493,1142,2289,,false
486301,2026-06-29T22:50:34,Zone 2,zomato,delivered,280,1123,1818,,false
486451,2026-06-30T01:59:50,Zone 2,zomato,delivered,340,528,1565,,false
486467,2026-06-30T05:42:55,Zone 1,zomato,delivered,274,1014,2050,,false
486491,2026-06-30T06:02:06,Zone 1,swiggy,delivered,294,870,2135,,false
486528,2026-06-30T07:48:11,Zone 1,swiggy,delivered,293,737,1568,,false
486433,2026-06-30T07:58:56,Zone 3,swiggy,delivered,302,1119,1980,,false
486424,2026-06-30T09:11:16,Zone 2,swiggy,delivered,354,664,1567,,false
486442,2026-06-30T10:02:36,Zone 3,zomato,delivered,482,943,2273,,false
486501,2026-06-30T10:27:46,Zone 1,swiggy,delivered,162,675,1662,,false
486453,2026-06-30T11:02:34,Zone 1,zomato,delivered,164,448,1791,,false
486519,2026-06-30T11:09:23,Zone 1,swiggy,delivered,363,530,1700,,false
486474,2026-06-30T11:30:05,Zone 1,swiggy,cancelled,323,945,,customer_cancelled_predispatch,false
486400,2026-06-30T11:32:00,Zone 1,zomato,delivered,258,1020,1873,,false
486446,2026-06-30T11:48:32,Zone 2,swiggy,delivered,384,409,1473,,false
486486,2026-06-30T11:48:36,Zone 3,swiggy,delivered,318,859,1890,,false
486480,2026-06-30T11:48:51,Zone 2,swiggy,delivered,99,1042,1723,,false
486482,2026-06-30T12:05:17,Zone 3,zomato,delivered,535,1210,1919,,false
486459,2026-06-30T12:07:00,Zone 2,zomato,delivered,269,1105,2260,,false
486479,2026-06-30T12:25:43,Zone 1,swiggy,delivered,294,1049,2206,,false
486420,2026-06-30T13:17:22,Zone 2,swiggy,delivered,113,668,1954,,false
486394,2026-06-30T13:48:49,Zone 2,zomato,delivered,608,570,1235,,false
486496,2026-06-30T13:52:18,Zone 3,swiggy,delivered,327,719,1928,,false
486512,2026-06-30T14:13:54,Zone 2,swiggy,delivered,165,1256,2501,,false
486414,2026-06-30T14:33:19,Zone 2,swiggy,delivered,255,895,1758,,false
486462,2026-06-30T14:39:18,Zone 3,zomato,delivered,99,1093,1922,,false
486492,2026-06-30T14:56:45,Zone 2,zomato,cancelled,208,690,1678,courier_no_show,false
486438,2026-06-30T16:48:12,Zone 3,swiggy,delivered,193,600,1847,,false
486402,2026-06-30T16:48:27,Zone 2,zomato,delivered,191,488,1629,,false
486530,2026-06-30T18:19:45,Zone 2,swiggy,delivered,202,623,1795,,false
486511,2026-06-30T18:52:14,Zone 1,zomato,delivered,341,1147,1858,,false
486536,2026-06-30T18:53:04,Zone 2,swiggy,delivered,406,576,1679,,false
486408,2026-06-30T19:14:07,Zone 2,swiggy,delivered,193,489,1744,,false
486406,2026-06-30T19:27:12,Zone 3,zomato,delivered,448,648,1712,,false
486516,2026-06-30T20:08:18,Zone 1,zomato,delivered,216,542,1865,,false
486517,2026-06-30T20:24:46,Zone 3,swiggy,delivered,114,1067,2133,,false
486427,2026-06-30T20:33:38,Zone 1,swiggy,delivered,371,592,1663,,false
486523,2026-06-30T20:44:19,Zone 2,swiggy,delivered,523,772,2039,,false
486498,2026-06-30T20:55:59,Zone 3,swiggy,delivered,172,1282,2502,,false
486470,2026-06-30T21:14:20,Zone 1,zomato,delivered,635,891,1845,,false
486493,2026-06-30T22:05:57,Zone 2,swiggy,delivered,343,1031,2148,,false
486441,2026-06-30T22:22:57,Zone 2,zomato,cancelled,291,875,2132,item_unavailable,false
486507,2026-06-30T23:38:50,Zone 2,zomato,delivered,414,735,1759,,false
486567,2026-07-01T07:45:49,Zone 2,swiggy,delivered,386,500,1498,,false
486546,2026-07-01T08:05:19,Zone 3,zomato,delivered,246,678,1800,,false
486657,2026-07-01T08:40:04,Zone 3,swiggy,delivered,246,1042,1699,,false
486683,2026-07-01T08:42:23,Zone 1,swiggy,delivered,99,968,2015,,false
486611,2026-07-01T09:13:47,Zone 2,swiggy,delivered,181,678,2008,,false
486586,2026-07-01T09:24:10,Zone 2,swiggy,delivered,277,471,1571,,false
486655,2026-07-01T10:18:16,Zone 1,swiggy,delivered,266,706,1371,,false
486609,2026-07-01T10:43:26,Zone 2,swiggy,delivered,305,493,1822,,false
486622,2026-07-01T11:27:24,Zone 3,zomato,delivered,299,923,2173,,false
486637,2026-07-01T11:36:27,Zone 2,swiggy,delivered,390,448,1398,,false
486606,2026-07-01T11:42:52,Zone 3,zomato,delivered,247,788,2043,,false
486593,2026-07-01T12:11:05,Zone 1,swiggy,delivered,239,1259,2378,,false
486665,2026-07-01T12:20:08,Zone 1,zomato,delivered,161,636,1782,,false
486680,2026-07-01T12:26:18,Zone 3,zomato,delivered,99,750,1650,,false
486662,2026-07-01T12:36:40,Zone 3,swiggy,delivered,258,1373,2027,,false
486588,2026-07-01T12:47:30,Zone 1,swiggy,delivered,176,1045,1717,,false
486653,2026-07-01T13:03:17,Zone 3,zomato,delivered,404,564,1631,,false
486539,2026-07-01T13:06:04,Zone 2,zomato,cancelled,99,983,2288,item_unavailable,false
486555,2026-07-01T13:09:43,Zone 1,zomato,delivered,204,600,1945,,false
486684,2026-07-01T13:14:35,Zone 2,zomato,delivered,341,731,1999,,false
486545,2026-07-01T13:35:12,Zone 3,swiggy,delivered,137,508,1497,,false
486594,2026-07-01T13:53:03,Zone 3,swiggy,delivered,196,925,2124,,false
486551,2026-07-01T13:57:47,Zone 1,zomato,delivered,173,830,2076,,false
486572,2026-07-01T14:05:04,Zone 3,swiggy,delivered,504,1267,2597,,false
486619,2026-07-01T14:22:53,Zone 2,zomato,delivered,255,849,1886,,false
486575,2026-07-01T16:23:54,Zone 2,zomato,delivered,268,1168,2296,,false
486581,2026-07-01T17:16:56,Zone 1,zomato,delivered,117,989,1747,,false
486663,2026-07-01T17:16:59,Zone 1,swiggy,delivered,99,532,1262,,false
486561,2026-07-01T17:46:38,Zone 2,zomato,delivered,303,648,1956,,false
486614,2026-07-01T18:00:23,Zone 1,zomato,delivered,329,1048,2017,,false
486645,2026-07-01T18:25:53,Zone 3,zomato,cancelled,178,512,,customer_cancelled_predispatch,false
486652,2026-07-01T19:22:11,Zone 3,swiggy,delivered,194,1177,2092,,false
486591,2026-07-01T19:24:03,Zone 3,zomato,delivered,203,494,1440,,false
486669,2026-07-01T19:29:47,Zone 2,zomato,delivered,196,1168,1890,,false
486675,2026-07-01T19:38:24,Zone 1,swiggy,delivered,729,908,2229,,false
486650,2026-07-01T20:09:01,Zone 3,zomato,delivered,133,1228,2196,,false
486570,2026-07-01T20:09:49,Zone 2,zomato,delivered,143,1419,2265,,false
486635,2026-07-01T20:26:43,Zone 1,zomato,delivered,534,1004,1876,,false
486633,2026-07-01T20:29:26,Zone 3,zomato,delivered,207,1365,2602,,false
486671,2026-07-01T20:37:19,Zone 3,zomato,delivered,322,909,2130,,false
486627,2026-07-01T20:42:18,Zone 1,zomato,delivered,354,1341,2236,,false
486587,2026-07-01T21:29:06,Zone 1,swiggy,delivered,297,527,1600,,false
486639,2026-07-01T22:24:46,Zone 2,swiggy,delivered,177,1058,1791,,false
486600,2026-07-01T22:27:22,Zone 2,zomato,delivered,358,606,1661,,false
486623,2026-07-01T23:51:53,Zone 1,swiggy,delivered,491,837,1839,,false
486694,2026-07-02T00:29:18,Zone 3,swiggy,delivered,723,397,1096,,false
486713,2026-07-02T00:44:55,Zone 1,zomato,delivered,152,424,1503,,false
486761,2026-07-02T02:22:30,Zone 1,zomato,delivered,315,375,1228,,false
486779,2026-07-02T07:36:47,Zone 3,swiggy,delivered,485,1129,2455,,false
486815,2026-07-02T08:47:37,Zone 2,zomato,delivered,449,844,1589,,false
486712,2026-07-02T09:20:55,Zone 3,swiggy,delivered,139,1055,2081,,false
486755,2026-07-02T09:32:58,Zone 2,zomato,delivered,624,533,1300,,false
486700,2026-07-02T09:51:26,Zone 1,swiggy,delivered,259,1024,1707,,false
486798,2026-07-02T11:49:12,Zone 1,zomato,delivered,240,878,1910,,false
486743,2026-07-02T12:03:57,Zone 2,swiggy,delivered,343,1269,2202,,false
486742,2026-07-02T12:12:25,Zone 2,swiggy,delivered,325,1082,2403,,false
486724,2026-07-02T12:16:49,Zone 3,swiggy,cancelled,409,1095,1965,item_unavailable,false
486731,2026-07-02T12:25:12,Zone 1,swiggy,delivered,243,1052,2315,,false
486763,2026-07-02T12:32:10,Zone 3,swiggy,delivered,550,906,1938,,false
486789,2026-07-02T13:18:04,Zone 1,swiggy,delivered,233,516,1467,,false
486756,2026-07-02T13:29:09,Zone 3,swiggy,delivered,99,1307,2489,,false
486706,2026-07-02T13:29:31,Zone 3,swiggy,cancelled,271,493,,customer_cancelled_predispatch,false
486730,2026-07-02T13:29:41,Zone 3,swiggy,delivered,163,834,1918,,false
486692,2026-07-02T14:07:28,Zone 2,zomato,delivered,213,453,1506,,false
486749,2026-07-02T14:14:46,Zone 1,swiggy,delivered,528,696,1860,,false
486795,2026-07-02T14:25:57,Zone 3,zomato,delivered,379,828,2041,,false
486802,2026-07-02T14:56:53,Zone 1,swiggy,delivered,443,1052,1950,,false
486740,2026-07-02T15:09:25,Zone 2,swiggy,delivered,300,439,1739,,false
486803,2026-07-02T16:26:29,Zone 3,swiggy,delivered,168,1034,1945,,false
486690,2026-07-02T18:41:26,Zone 3,swiggy,delivered,248,1140,2483,,false
486792,2026-07-02T19:00:03,Zone 1,zomato,delivered,528,1402,2720,,false
486773,2026-07-02T19:07:17,Zone 2,zomato,delivered,172,686,1586,,false
486767,2026-07-02T19:16:23,Zone 1,swiggy,delivered,455,1223,2505,,false
486728,2026-07-02T19:29:52,Zone 1,swiggy,delivered,201,984,2166,,false
486806,2026-07-02T19:57:36,Zone 1,zomato,delivered,161,921,1934,,false
486794,2026-07-02T20:09:46,Zone 2,zomato,delivered,236,1418,2543,,false
486735,2026-07-02T20:15:01,Zone 1,swiggy,delivered,419,751,1460,,false
486786,2026-07-02T20:18:07,Zone 2,zomato,delivered,312,1452,2567,,false
486809,2026-07-02T21:05:03,Zone 3,zomato,delivered,254,743,1625,,false
486715,2026-07-02T21:17:44,Zone 3,zomato,delivered,157,606,1851,,false
486721,2026-07-02T21:40:28,Zone 1,swiggy,delivered,368,1398,2560,,false
486817,2026-07-02T21:40:54,Zone 1,swiggy,cancelled,320,575,1372,kitchen_overload,false
486783,2026-07-02T21:43:34,Zone 3,zomato,delivered,185,798,1860,,false
486785,2026-07-02T22:17:19,Zone 1,swiggy,delivered,258,813,2141,,false
486898,2026-07-03T06:30:03,Zone 3,zomato,delivered,295,475,1753,,false
486907,2026-07-03T07:22:38,Zone 3,zomato,delivered,163,896,1599,,false
486836,2026-07-03T07:41:57,Zone 2,swiggy,delivered,757,747,1591,,false
486954,2026-07-03T08:05:17,Zone 2,zomato,delivered,300,1025,2021,,false
486856,2026-07-03T08:16:07,Zone 3,swiggy,delivered,504,1068,1943,,false
486882,2026-07-03T11:18:04,Zone 2,zomato,delivered,282,987,1967,,false
486932,2026-07-03T12:01:21,Zone 3,swiggy,cancelled,294,1133,,customer_cancelled_predispatch,false
486970,2026-07-03T12:06:04,Zone 2,swiggy,delivered,213,795,1736,,false
486818,2026-07-03T12:06:30,Zone 3,swiggy,delivered,116,826,2050,,false
486959,2026-07-03T12:11:09,Zone 3,swiggy,delivered,414,921,1793,,false
486877,2026-07-03T12:38:34,Zone 1,zomato,delivered,236,813,2074,,false
486975,2026-07-03T13:01:10,Zone 1,zomato,delivered,386,953,1959,,false
486830,2026-07-03T13:24:44,Zone 2,zomato,delivered,172,580,1636,,false
486945,2026-07-03T13:25:02,Zone 1,swiggy,cancelled,219,1202,2431,courier_no_show,false
486926,2026-07-03T13:34:48,Zone 3,zomato,delivered,495,1257,2434,,false
486884,2026-07-03T13:48:42,Zone 1,swiggy,delivered,952,1137,1812,,false
486995,2026-07-03T14:29:20,Zone 3,zomato,cancelled,302,805,1566,item_unavailable,false
486997,2026-07-03T14:30:38,Zone 2,swiggy,delivered,363,550,1744,,false
486938,2026-07-03T14:46:59,Zone 1,zomato,delivered,345,1083,1915,,false
486922,2026-07-03T15:48:29,Zone 1,zomato,delivered,227,645,1337,,false
486848,2026-07-03T16:42:11,Zone 3,swiggy,delivered,417,962,2019,,false
486919,2026-07-03T17:17:20,Zone 2,swiggy,delivered,260,1198,1903,,false
486894,2026-07-03T17:41:22,Zone 2,zomato,delivered,524,912,2041,,false
486965,2026-07-03T18:14:03,Zone 3,zomato,delivered,99,1181,1862,,false
486979,2026-07-03T18:22:13,Zone 3,swiggy,cancelled,469,1312,,customer_cancelled_predispatch,false
486843,2026-07-03T18:29:45,Zone 1,zomato,delivered,241,1240,2154,,false
486849,2026-07-03T18:53:25,Zone 1,zomato,delivered,178,524,1507,,false
486829,2026-07-03T19:10:32,Zone 3,swiggy,delivered,318,569,1476,,false
486989,2026-07-03T19:42:33,Zone 2,swiggy,delivered,596,709,1896,,false
486972,2026-07-03T19:56:18,Zone 1,zomato,delivered,265,1343,2653,,false
486870,2026-07-03T19:58:46,Zone 2,swiggy,delivered,200,958,2238,,false
486862,2026-07-03T20:24:08,Zone 2,swiggy,delivered,220,772,1535,,false
486901,2026-07-03T20:34:36,Zone 3,swiggy,delivered,463,563,1339,,false
486855,2026-07-03T20:49:51,Zone 3,swiggy,delivered,683,870,2166,,false
486923,2026-07-03T21:24:31,Zone 3,swiggy,delivered,106,641,1328,,false
486823,2026-07-03T21:34:16,Zone 3,zomato,delivered,390,1073,2296,,false
486874,2026-07-03T21:51:04,Zone 2,swiggy,delivered,127,1213,1946,,false
486864,2026-07-03T21:51:50,Zone 1,swiggy,delivered,99,1008,1896,,false
486949,2026-07-03T21:54:11,Zone 2,swiggy,delivered,312,924,1726,,false
486913,2026-07-03T22:13:31,Zone 3,swiggy,delivered,458,1120,2228,,false
486984,2026-07-03T22:14:36,Zone 3,zomato,delivered,476,537,1746,,false
486883,2026-07-03T22:16:41,Zone 1,swiggy,delivered,197,482,1704,,false
486940,2026-07-03T22:29:47,Zone 1,swiggy,delivered,545,506,1536,,false
486921,2026-07-03T22:53:33,Zone 1,zomato,cancelled,159,1126,,customer_cancelled_predispatch,false
486841,2026-07-03T23:22:32,Zone 1,zomato,delivered,340,537,1646,,false
486900,2026-07-03T23:23:22,Zone 2,zomato,delivered,214,403,1580,,false
486890,2026-07-03T23:26:38,Zone 2,swiggy,cancelled,353,615,,customer_cancelled_predispatch,false
487226,2026-07-04T00:17:35,Zone 1,swiggy,cancelled,138,840,,customer_cancelled_predispatch,false
487230,2026-07-04T02:40:23,Zone 1,zomato,delivered,217,839,1623,,false
487204,2026-07-04T04:17:02,Zone 1,swiggy,delivered,106,550,1880,,false
487308,2026-07-04T06:17:11,Zone 2,swiggy,delivered,250,824,1500,,false
487214,2026-07-04T07:01:39,Zone 1,zomato,delivered,291,425,1119,,false
487130,2026-07-04T07:44:36,Zone 2,swiggy,delivered,440,1003,1872,,false
487013,2026-07-04T07:47:58,Zone 3,zomato,delivered,399,722,1862,,false
487041,2026-07-04T07:57:02,Zone 2,swiggy,delivered,322,670,1984,,false
487250,2026-07-04T09:22:55,Zone 1,swiggy,delivered,255,547,1311,,false
487216,2026-07-04T09:34:17,Zone 3,zomato,delivered,254,1125,1893,,false
487141,2026-07-04T10:00:10,Zone 3,swiggy,delivered,299,423,1193,,false
487008,2026-07-04T10:02:53,Zone 1,swiggy,delivered,129,817,1763,,false
487249,2026-07-04T10:42:40,Zone 2,swiggy,delivered,250,921,1797,,false
487010,2026-07-04T10:44:35,Zone 3,swiggy,delivered,727,867,2213,,false
487295,2026-07-04T10:51:51,Zone 2,zomato,delivered,457,1174,1949,,false
487223,2026-07-04T11:17:05,Zone 2,swiggy,delivered,196,550,1787,,false
487060,2026-07-04T11:52:11,Zone 2,swiggy,delivered,401,836,1636,,false
487036,2026-07-04T11:58:16,Zone 3,zomato,delivered,423,578,1756,,false
487237,2026-07-04T12:18:16,Zone 2,swiggy,delivered,263,1167,2398,,false
487281,2026-07-04T12:23:21,Zone 3,zomato,delivered,492,1049,1831,,false
487112,2026-07-04T12:26:35,Zone 2,zomato,delivered,344,467,1393,,false
487284,2026-07-04T12:27:05,Zone 2,swiggy,delivered,174,1077,1910,,false
487031,2026-07-04T12:33:17,Zone 3,swiggy,delivered,260,718,1525,,false
487172,2026-07-04T12:34:41,Zone 1,zomato,delivered,148,616,1355,,false
487164,2026-07-04T12:44:06,Zone 2,swiggy,delivered,395,513,1781,,false
487247,2026-07-04T12:44:32,Zone 3,zomato,delivered,140,690,1362,,false
487166,2026-07-04T13:00:59,Zone 1,zomato,delivered,655,757,1689,,false
487119,2026-07-04T13:09:51,Zone 3,swiggy,delivered,183,933,1682,,false
487071,2026-07-04T13:14:07,Zone 2,swiggy,delivered,218,633,1745,,false
487073,2026-07-04T13:25:45,Zone 3,swiggy,delivered,551,859,1713,,false
487109,2026-07-04T13:32:47,Zone 1,swiggy,delivered,146,1016,1967,,false
487046,2026-07-04T13:55:08,Zone 3,swiggy,delivered,262,1223,2102,,false
487108,2026-07-04T14:00:47,Zone 2,swiggy,delivered,477,612,1481,,false
487260,2026-07-04T14:21:30,Zone 2,swiggy,delivered,872,534,1373,,false
487023,2026-07-04T14:28:11,Zone 3,swiggy,cancelled,514,880,2000,item_unavailable,false
487272,2026-07-04T14:29:45,Zone 3,swiggy,delivered,162,557,1836,,false
487113,2026-07-04T14:34:45,Zone 2,zomato,delivered,99,839,1565,,false
487187,2026-07-04T14:53:33,Zone 2,zomato,delivered,606,1286,2434,,false
487043,2026-07-04T15:28:33,Zone 3,swiggy,delivered,152,1090,2043,,false
487065,2026-07-04T15:31:35,Zone 1,swiggy,delivered,290,710,1806,,false
487301,2026-07-04T15:48:24,Zone 1,swiggy,delivered,222,902,1856,,false
487305,2026-07-04T16:02:07,Zone 2,swiggy,delivered,380,741,1928,,false
487178,2026-07-04T16:10:00,Zone 3,swiggy,delivered,180,658,1345,,false
487267,2026-07-04T16:42:09,Zone 3,swiggy,delivered,134,560,1381,,false
487068,2026-07-04T16:42:11,Zone 3,zomato,delivered,424,907,1937,,false
487052,2026-07-04T17:17:29,Zone 3,zomato,cancelled,129,1149,,customer_cancelled_predispatch,false
487184,2026-07-04T17:28:27,Zone 2,swiggy,delivered,500,733,1877,,false
487176,2026-07-04T17:41:49,Zone 2,zomato,delivered,376,1078,2196,,false
487077,2026-07-04T17:56:54,Zone 1,zomato,delivered,224,732,1661,,false
487026,2026-07-04T17:59:27,Zone 2,swiggy,delivered,187,1084,2426,,false
487262,2026-07-04T18:37:01,Zone 2,zomato,delivered,698,1263,2594,,false
487254,2026-07-04T18:48:01,Zone 3,swiggy,delivered,367,783,1610,,false
487242,2026-07-04T19:10:02,Zone 2,swiggy,delivered,202,809,2016,,false
487136,2026-07-04T19:20:29,Zone 2,zomato,delivered,481,1366,2070,,false
487125,2026-07-04T19:30:33,Zone 3,zomato,delivered,118,872,2106,,false
487002,2026-07-04T19:42:08,Zone 1,swiggy,delivered,246,880,1933,,false
487004,2026-07-04T19:49:12,Zone 3,swiggy,delivered,158,1010,2180,,false
487153,2026-07-04T19:51:39,Zone 2,zomato,delivered,314,792,2139,,false
487270,2026-07-04T19:54:49,Zone 1,swiggy,delivered,146,854,1835,,false
487291,2026-07-04T20:00:10,Zone 1,swiggy,cancelled,414,908,2202,courier_no_show,false
487198,2026-07-04T20:00:12,Zone 2,swiggy,delivered,372,1396,2398,,false
487088,2026-07-04T20:07:39,Zone 2,zomato,delivered,99,1288,2431,,false
487231,2026-07-04T20:08:19,Zone 2,swiggy,delivered,231,900,1741,,false
487265,2026-07-04T20:08:42,Zone 3,swiggy,delivered,140,627,1554,,false
487095,2026-07-04T20:18:51,Zone 3,swiggy,cancelled,204,1425,,customer_cancelled_predispatch,false
487147,2026-07-04T20:31:08,Zone 3,swiggy,delivered,249,1049,1902,,false
487054,2026-07-04T20:33:20,Zone 3,zomato,delivered,166,1428,2264,,false
487018,2026-07-04T20:46:49,Zone 3,zomato,delivered,136,1079,2184,,false
487103,2026-07-04T20:52:50,Zone 3,swiggy,cancelled,482,571,1881,restaurant_closed_early,false
487191,2026-07-04T21:35:28,Zone 3,swiggy,delivered,158,1088,2344,,false
487276,2026-07-04T21:46:55,Zone 2,swiggy,cancelled,260,1392,2235,weather_delay,false
487194,2026-07-04T21:49:42,Zone 3,swiggy,delivered,358,1363,2138,,false
487208,2026-07-04T21:55:45,Zone 3,zomato,delivered,323,1301,2516,,false
487099,2026-07-04T22:06:32,Zone 3,swiggy,delivered,233,988,1662,,false
487159,2026-07-04T22:10:33,Zone 3,swiggy,delivered,289,489,1357,,false
487288,2026-07-04T22:11:10,Zone 3,zomato,delivered,311,1036,2290,,false
487083,2026-07-04T22:17:31,Zone 1,zomato,delivered,107,626,1651,,false
487093,2026-07-04T22:49:49,Zone 1,swiggy,delivered,201,1301,2228,,false
487221,2026-07-04T23:46:23,Zone 1,zomato,delivered,289,445,1628,,false
487375,2026-07-05T06:39:15,Zone 2,swiggy,delivered,141,936,2044,,false
487544,2026-07-05T07:01:21,Zone 3,swiggy,delivered,663,417,1486,,false
487382,2026-07-05T08:01:13,Zone 2,swiggy,delivered,382,1033,2033,,false
487508,2026-07-05T08:41:36,Zone 2,zomato,delivered,481,1107,1963,,false
487487,2026-07-05T09:15:20,Zone 2,zomato,delivered,356,955,2144,,false
487556,2026-07-05T09:25:18,Zone 1,swiggy,delivered,190,662,1780,,false
487515,2026-07-05T09:34:38,Zone 3,swiggy,delivered,246,565,1512,,false
487385,2026-07-05T10:38:53,Zone 3,zomato,delivered,217,448,1575,,false
487466,2026-07-05T11:21:46,Zone 3,swiggy,cancelled,243,1041,1785,weather_delay,false
487525,2026-07-05T11:58:37,Zone 2,swiggy,delivered,201,1023,2370,,false
487309,2026-07-05T12:05:34,Zone 1,swiggy,delivered,324,771,1853,,false
487419,2026-07-05T12:13:14,Zone 1,zomato,delivered,532,781,2070,,false
487399,2026-07-05T12:16:21,Zone 3,swiggy,cancelled,304,706,,customer_cancelled_predispatch,false
487476,2026-07-05T12:20:46,Zone 3,zomato,delivered,983,1175,2497,,false
487494,2026-07-05T12:47:59,Zone 1,zomato,delivered,294,1191,1883,,false
487432,2026-07-05T12:59:41,Zone 1,zomato,delivered,186,697,1867,,false
487444,2026-07-05T13:00:37,Zone 3,swiggy,delivered,697,651,1731,,false
487430,2026-07-05T13:34:54,Zone 2,swiggy,delivered,543,965,2173,,false
487517,2026-07-05T13:59:58,Zone 3,swiggy,delivered,676,583,1251,,false
487530,2026-07-05T14:13:05,Zone 2,swiggy,delivered,153,444,1374,,false
487472,2026-07-05T14:20:27,Zone 2,zomato,delivered,197,889,1614,,false
487413,2026-07-05T14:32:47,Zone 2,zomato,delivered,183,577,1447,,false
487389,2026-07-05T14:33:30,Zone 1,swiggy,delivered,223,546,1649,,false
487468,2026-07-05T14:41:51,Zone 3,zomato,delivered,99,624,1480,,false
487417,2026-07-05T14:55:59,Zone 2,zomato,delivered,319,778,1473,,false
487448,2026-07-05T15:00:16,Zone 2,swiggy,delivered,186,820,1680,,false
487369,2026-07-05T15:59:55,Zone 2,swiggy,delivered,587,936,1655,,false
487505,2026-07-05T16:41:12,Zone 3,swiggy,delivered,230,1110,2215,,false
487482,2026-07-05T16:56:47,Zone 2,zomato,delivered,288,517,1307,,false
487402,2026-07-05T17:01:14,Zone 2,zomato,delivered,243,879,2028,,false
487545,2026-07-05T17:10:06,Zone 2,swiggy,delivered,291,1213,2154,,false
487463,2026-07-05T17:30:41,Zone 3,zomato,delivered,227,799,1662,,false
487559,2026-07-05T17:36:56,Zone 3,swiggy,delivered,292,888,1562,,false
487393,2026-07-05T18:01:28,Zone 3,swiggy,cancelled,560,1071,2513,courier_no_show,false
487456,2026-07-05T18:11:12,Zone 3,swiggy,delivered,328,899,1759,,false
487346,2026-07-05T18:22:05,Zone 3,swiggy,delivered,242,829,1588,,false
487373,2026-07-05T18:26:26,Zone 1,swiggy,cancelled,208,875,1902,item_unavailable,false
487351,2026-07-05T18:39:22,Zone 2,zomato,delivered,99,922,1736,,false
487339,2026-07-05T18:40:38,Zone 2,swiggy,delivered,357,713,1469,,false
487377,2026-07-05T18:55:12,Zone 2,zomato,delivered,214,1060,1803,,false
487329,2026-07-05T19:03:23,Zone 2,zomato,delivered,298,1227,2347,,false
487408,2026-07-05T19:09:47,Zone 1,zomato,delivered,209,1038,1696,,false
487396,2026-07-05T19:09:58,Zone 3,swiggy,delivered,144,544,1538,,false
487541,2026-07-05T19:13:55,Zone 3,swiggy,delivered,289,639,1965,,false
487535,2026-07-05T19:20:02,Zone 3,swiggy,delivered,99,608,1285,,false
487509,2026-07-05T19:24:01,Zone 1,swiggy,delivered,223,1126,2096,,false
487394,2026-07-05T19:28:27,Zone 1,zomato,delivered,498,1240,2147,,false
487458,2026-07-05T19:36:43,Zone 2,swiggy,delivered,281,625,1503,,false
487504,2026-07-05T19:47:04,Zone 1,zomato,delivered,153,970,2022,,false
487514,2026-07-05T19:49:52,Zone 3,zomato,delivered,459,655,1521,,false
487324,2026-07-05T19:56:05,Zone 3,zomato,delivered,364,1069,2275,,false
487335,2026-07-05T19:58:11,Zone 1,swiggy,delivered,200,1110,2084,,false
487481,2026-07-05T20:15:17,Zone 2,swiggy,delivered,116,1023,1872,,false
487440,2026-07-05T20:20:50,Zone 1,swiggy,delivered,301,586,1655,,false
487336,2026-07-05T20:40:20,Zone 1,swiggy,delivered,250,774,2003,,false
487361,2026-07-05T20:47:25,Zone 2,zomato,delivered,290,805,1529,,false
487543,2026-07-05T20:51:42,Zone 2,zomato,delivered,199,859,1944,,false
487434,2026-07-05T20:58:04,Zone 2,swiggy,delivered,209,1067,2093,,false
487320,2026-07-05T21:06:24,Zone 3,swiggy,cancelled,836,869,1774,payment_failed,false
487451,2026-07-05T21:15:21,Zone 3,swiggy,delivered,396,1188,1843,,false
487533,2026-07-05T21:22:23,Zone 3,swiggy,delivered,407,916,1758,,false
487550,2026-07-05T21:28:08,Zone 3,swiggy,delivered,316,711,1739,,false
487344,2026-07-05T21:31:13,Zone 3,zomato,delivered,221,1280,2372,,false
487455,2026-07-05T21:32:30,Zone 1,swiggy,delivered,296,1349,2446,,false
487367,2026-07-05T21:40:48,Zone 1,swiggy,delivered,279,938,2166,,false
487493,2026-07-05T21:44:45,Zone 1,zomato,delivered,313,783,1926,,false
487519,2026-07-05T21:54:47,Zone 2,swiggy,delivered,282,829,1544,,false
487356,2026-07-05T22:08:24,Zone 3,swiggy,delivered,280,528,1783,,false
487551,2026-07-05T22:42:45,Zone 2,zomato,delivered,205,1263,1971,,false
487424,2026-07-05T22:53:47,Zone 3,zomato,delivered,267,984,1989,,false
487315,2026-07-05T22:57:53,Zone 3,zomato,delivered,102,464,1621,,false
487499,2026-07-05T23:23:01,Zone 2,swiggy,delivered,330,1037,2089,,false
487763,2026-07-06T02:44:25,Zone 3,swiggy,delivered,420,836,2118,,false
487663,2026-07-06T06:39:30,Zone 2,zomato,delivered,362,1016,2105,,false
487637,2026-07-06T08:29:44,Zone 1,zomato,delivered,201,832,1763,,false
487702,2026-07-06T09:22:11,Zone 2,swiggy,delivered,140,558,1661,,false
487703,2026-07-06T09:28:48,Zone 2,swiggy,delivered,384,443,1211,,false
487647,2026-07-06T09:46:05,Zone 2,zomato,delivered,404,559,1549,,false
487696,2026-07-06T10:05:06,Zone 2,zomato,delivered,277,952,1842,,false
487751,2026-07-06T10:18:00,Zone 3,zomato,delivered,253,705,1997,,false
487626,2026-07-06T10:48:15,Zone 2,zomato,cancelled,382,970,2022,kitchen_overload,false
487714,2026-07-06T10:59:19,Zone 1,zomato,delivered,375,472,1231,,false
487597,2026-07-06T11:26:25,Zone 1,zomato,delivered,127,636,1372,,false
487682,2026-07-06T11:43:22,Zone 3,swiggy,delivered,220,428,1380,,false
487730,2026-07-06T11:48:12,Zone 3,swiggy,delivered,298,425,1468,,false
487609,2026-07-06T12:06:05,Zone 2,zomato,delivered,266,1067,2391,,false
487722,2026-07-06T12:52:31,Zone 3,swiggy,delivered,118,896,2008,,false
487770,2026-07-06T12:53:24,Zone 1,zomato,delivered,125,795,1754,,false
487672,2026-07-06T13:22:04,Zone 1,zomato,delivered,347,1403,2408,,false
487650,2026-07-06T13:28:57,Zone 3,zomato,delivered,249,1021,2161,,false
487572,2026-07-06T13:50:23,Zone 2,zomato,delivered,161,902,1937,,false
487641,2026-07-06T13:52:11,Zone 3,swiggy,delivered,390,1264,2494,,false
487575,2026-07-06T13:55:22,Zone 2,zomato,delivered,898,1394,2618,,false
487568,2026-07-06T13:57:11,Zone 2,zomato,delivered,513,557,1741,,false
487618,2026-07-06T14:00:06,Zone 3,swiggy,delivered,325,1035,2232,,false
487756,2026-07-06T14:09:09,Zone 1,zomato,delivered,364,999,2264,,false
487692,2026-07-06T14:10:46,Zone 1,zomato,delivered,499,600,1596,,false
487588,2026-07-06T14:33:26,Zone 2,swiggy,delivered,219,717,1796,,false
487612,2026-07-06T14:40:06,Zone 3,zomato,delivered,749,732,1558,,false
487690,2026-07-06T14:49:34,Zone 2,zomato,cancelled,495,1133,,customer_cancelled_predispatch,false
487766,2026-07-06T16:11:34,Zone 1,zomato,delivered,443,628,1461,,false
487677,2026-07-06T16:20:06,Zone 1,swiggy,delivered,449,1062,1900,,false
487627,2026-07-06T16:55:33,Zone 3,zomato,cancelled,397,938,1657,item_unavailable,false
487659,2026-07-06T18:42:17,Zone 2,zomato,cancelled,208,621,,customer_cancelled_predispatch,false
487655,2026-07-06T18:48:35,Zone 1,zomato,delivered,131,1059,2173,,false
487733,2026-07-06T19:19:31,Zone 3,zomato,delivered,341,1391,2452,,false
487600,2026-07-06T19:19:52,Zone 2,zomato,delivered,175,1204,2467,,false
487720,2026-07-06T19:21:29,Zone 2,swiggy,delivered,303,1010,1916,,false
487709,2026-07-06T19:31:11,Zone 1,swiggy,delivered,663,1054,2328,,false
487561,2026-07-06T19:50:12,Zone 1,zomato,delivered,281,938,1719,,false
487684,2026-07-06T20:08:25,Zone 3,swiggy,delivered,445,718,1724,,false
487762,2026-07-06T20:17:26,Zone 1,zomato,delivered,272,675,1502,,false
487768,2026-07-06T20:25:52,Zone 3,zomato,delivered,327,1481,2208,,false
487623,2026-07-06T20:35:38,Zone 2,swiggy,delivered,381,1279,2332,,false
487727,2026-07-06T20:37:06,Zone 1,zomato,delivered,449,1242,2090,,false
487599,2026-07-06T20:43:09,Zone 2,zomato,delivered,156,589,1569,,false
487711,2026-07-06T20:56:49,Zone 2,zomato,delivered,302,1420,2626,,false
487658,2026-07-06T21:09:45,Zone 2,swiggy,delivered,363,1420,2099,,false
487666,2026-07-06T21:24:47,Zone 3,zomato,delivered,550,819,2125,,false
487681,2026-07-06T21:29:39,Zone 2,swiggy,delivered,358,520,1777,,false
487577,2026-07-06T21:32:12,Zone 3,swiggy,delivered,99,803,1559,,false
487582,2026-07-06T21:33:03,Zone 2,swiggy,delivered,271,623,1706,,false
487739,2026-07-06T21:34:11,Zone 1,swiggy,delivered,99,833,1859,,false
487565,2026-07-06T21:36:25,Zone 3,swiggy,delivered,224,1177,2187,,false
487743,2026-07-06T21:43:55,Zone 3,swiggy,delivered,187,1133,1852,,false
487584,2026-07-06T21:48:45,Zone 2,zomato,delivered,293,512,1443,,false
487603,2026-07-06T22:02:24,Zone 1,swiggy,delivered,372,1041,2222,,false
487592,2026-07-06T22:03:48,Zone 1,swiggy,delivered,178,1293,2217,,false
487631,2026-07-06T22:06:18,Zone 3,zomato,delivered,570,1291,2253,,false
487704,2026-07-06T22:33:00,Zone 2,swiggy,cancelled,545,761,,customer_cancelled_predispatch,false
487749,2026-07-06T22:57:14,Zone 2,zomato,cancelled,325,972,2392,courier_no_show,false
487883,2026-07-07T01:56:43,Zone 1,swiggy,cancelled,120,1038,2082,restaurant_closed_early,false
487856,2026-07-07T09:04:00,Zone 1,zomato,delivered,659,522,1782,,false
487827,2026-07-07T09:35:10,Zone 1,swiggy,delivered,359,963,2207,,false
487850,2026-07-07T09:42:58,Zone 3,zomato,cancelled,503,539,1429,item_unavailable,false
487811,2026-07-07T10:41:28,Zone 3,zomato,delivered,659,552,1825,,false
487839,2026-07-07T11:54:16,Zone 2,zomato,delivered,248,947,1781,,false
487829,2026-07-07T12:07:42,Zone 3,swiggy,delivered,101,889,2076,,false
487880,2026-07-07T12:25:40,Zone 1,swiggy,delivered,405,684,1503,,false
487837,2026-07-07T12:40:20,Zone 3,zomato,cancelled,136,1192,2226,weather_delay,false
487802,2026-07-07T13:25:26,Zone 2,swiggy,delivered,256,592,1414,,false
487847,2026-07-07T14:32:54,Zone 2,swiggy,delivered,354,677,1970,,false
487824,2026-07-07T16:39:59,Zone 2,zomato,cancelled,805,664,1649,weather_delay,false
487862,2026-07-07T16:55:21,Zone 1,swiggy,cancelled,451,1001,,customer_cancelled_predispatch,false
487784,2026-07-07T17:01:39,Zone 1,zomato,delivered,270,492,1409,,false
487819,2026-07-07T18:09:41,Zone 2,zomato,delivered,173,647,1831,,false
487892,2026-07-07T18:47:12,Zone 2,swiggy,delivered,262,838,2081,,false
487833,2026-07-07T18:52:23,Zone 2,swiggy,delivered,717,1267,2537,,false
487789,2026-07-07T18:52:24,Zone 1,swiggy,delivered,397,495,1783,,false
487890,2026-07-07T19:04:36,Zone 3,swiggy,delivered,264,831,1823,,false
487772,2026-07-07T19:32:49,Zone 3,zomato,delivered,174,715,1688,,false
487843,2026-07-07T19:47:36,Zone 1,swiggy,delivered,314,1147,2060,,false
487887,2026-07-07T19:57:45,Zone 1,zomato,delivered,139,1361,2488,,false
487815,2026-07-07T19:59:33,Zone 1,swiggy,delivered,443,1119,2291,,false
487825,2026-07-07T20:13:19,Zone 2,zomato,delivered,371,961,1814,,false
487798,2026-07-07T20:27:51,Zone 1,swiggy,delivered,456,713,1951,,false
487808,2026-07-07T20:36:12,Zone 3,zomato,delivered,505,1129,1878,,false
487776,2026-07-07T21:03:25,Zone 1,swiggy,delivered,122,651,1608,,false
487778,2026-07-07T21:04:53,Zone 2,swiggy,delivered,179,769,1465,,false
487795,2026-07-07T21:29:34,Zone 1,swiggy,delivered,473,836,1598,,false
487868,2026-07-07T22:00:27,Zone 1,swiggy,delivered,133,898,1686,,false
487792,2026-07-07T22:41:24,Zone 3,swiggy,delivered,323,1296,2281,,false
487875,2026-07-07T23:16:09,Zone 2,swiggy,delivered,160,548,1727,,false
487842,2026-07-07T23:21:02,Zone 3,zomato,delivered,308,843,2178,,false
487870,2026-07-07T23:38:45,Zone 2,zomato,delivered,376,754,1460,,false
487834,2026-07-07T23:56:23,Zone 1,zomato,delivered,430,485,1807,,false
487963,2026-07-08T01:44:05,Zone 3,swiggy,cancelled,585,477,1675,kitchen_overload,false
487995,2026-07-08T06:36:30,Zone 3,swiggy,delivered,123,393,1624,,false
487957,2026-07-08T07:14:48,Zone 3,zomato,delivered,167,684,1611,,false
487949,2026-07-08T07:32:03,Zone 3,swiggy,delivered,174,1117,2295,,false
487994,2026-07-08T07:59:59,Zone 1,swiggy,delivered,468,1075,1916,,false
488038,2026-07-08T08:19:15,Zone 1,swiggy,cancelled,404,545,1411,courier_no_show,false
488079,2026-07-08T08:50:42,Zone 2,swiggy,delivered,102,633,1556,,false
488058,2026-07-08T09:43:08,Zone 3,zomato,delivered,329,961,2258,,false
487990,2026-07-08T10:09:16,Zone 3,zomato,delivered,546,1131,2258,,false
488072,2026-07-08T10:38:36,Zone 2,swiggy,delivered,340,902,1884,,false
487934,2026-07-08T11:40:24,Zone 1,swiggy,delivered,246,786,1861,,false
487912,2026-07-08T12:20:44,Zone 3,zomato,delivered,401,892,1781,,false
487915,2026-07-08T12:36:30,Zone 1,zomato,delivered,275,749,1723,,false
487985,2026-07-08T12:39:06,Zone 3,zomato,delivered,633,1313,2230,,false
487919,2026-07-08T12:40:00,Zone 2,zomato,delivered,359,1338,2208,,false
487972,2026-07-08T13:01:28,Zone 3,zomato,delivered,511,573,1298,,false
488071,2026-07-08T13:14:21,Zone 2,swiggy,delivered,458,1371,2136,,false
488047,2026-07-08T13:16:44,Zone 3,swiggy,delivered,347,1123,2019,,false
487967,2026-07-08T13:23:32,Zone 1,swiggy,delivered,385,778,1511,,false
488076,2026-07-08T13:35:44,Zone 1,swiggy,delivered,676,919,1739,,false
487937,2026-07-08T13:37:08,Zone 3,swiggy,delivered,654,818,1972,,false
487996,2026-07-08T14:00:36,Zone 3,zomato,delivered,673,1083,1920,,false
487902,2026-07-08T14:09:17,Zone 1,swiggy,delivered,177,1204,1987,,false
488043,2026-07-08T14:13:19,Zone 2,zomato,delivered,402,1047,2047,,false
487984,2026-07-08T14:20:29,Zone 2,swiggy,delivered,324,693,1943,,false
488080,2026-07-08T14:32:50,Zone 1,zomato,delivered,372,1228,2523,,false
488053,2026-07-08T15:47:21,Zone 2,swiggy,delivered,250,975,2055,,false
488028,2026-07-08T16:20:46,Zone 2,swiggy,delivered,416,864,1995,,false
488019,2026-07-08T16:48:34,Zone 1,swiggy,delivered,331,903,1931,,false
487896,2026-07-08T16:57:29,Zone 1,zomato,delivered,276,1104,2021,,false
488025,2026-07-08T17:02:33,Zone 2,swiggy,delivered,353,1022,2223,,false
487929,2026-07-08T17:15:50,Zone 2,zomato,delivered,412,471,1758,,false
487958,2026-07-08T17:18:31,Zone 3,zomato,delivered,353,897,1955,,false
487910,2026-07-08T17:21:46,Zone 3,zomato,delivered,269,458,1400,,false
487955,2026-07-08T18:05:52,Zone 2,swiggy,cancelled,214,923,1803,address_issue,false
488007,2026-07-08T18:09:20,Zone 2,swiggy,delivered,369,1299,2052,,false
487986,2026-07-08T18:10:06,Zone 2,zomato,delivered,271,1008,1682,,false
487943,2026-07-08T18:40:27,Zone 2,swiggy,delivered,388,999,2179,,false
488063,2026-07-08T19:03:16,Zone 1,swiggy,cancelled,185,1300,2341,kitchen_overload,false
487980,2026-07-08T19:14:36,Zone 1,swiggy,delivered,99,1307,2620,,false
487906,2026-07-08T19:31:27,Zone 3,swiggy,delivered,250,753,2063,,false
488065,2026-07-08T19:53:04,Zone 2,swiggy,delivered,277,1106,2020,,false
487998,2026-07-08T19:55:12,Zone 3,zomato,delivered,360,1014,2218,,false
488013,2026-07-08T19:56:31,Zone 2,swiggy,delivered,296,1330,2231,,false
487907,2026-07-08T20:26:31,Zone 3,zomato,delivered,256,1104,2173,,false
487914,2026-07-08T20:44:12,Zone 3,zomato,delivered,365,1193,2412,,false
488001,2026-07-08T20:47:03,Zone 2,zomato,delivered,307,650,1560,,false
487899,2026-07-08T21:09:25,Zone 1,zomato,delivered,419,1032,1748,,false
488024,2026-07-08T21:10:54,Zone 1,zomato,delivered,199,543,1271,,false
487925,2026-07-08T21:12:52,Zone 1,zomato,delivered,383,523,1539,,false
488039,2026-07-08T21:43:04,Zone 1,zomato,delivered,292,850,1710,,false
487916,2026-07-08T21:46:17,Zone 2,zomato,delivered,535,602,1293,,false
488077,2026-07-08T22:08:07,Zone 1,zomato,delivered,421,1311,2145,,false
487977,2026-07-08T22:13:12,Zone 3,swiggy,delivered,439,954,1929,,false
488034,2026-07-08T23:14:40,Zone 2,zomato,delivered,99,805,1556,,false
487953,2026-07-08T23:21:05,Zone 2,swiggy,delivered,282,733,1869,,false
488051,2026-07-08T23:31:01,Zone 1,swiggy,delivered,349,983,2279,,false
488213,2026-07-09T06:25:21,Zone 2,zomato,delivered,234,764,1721,,false
488222,2026-07-09T07:19:00,Zone 1,zomato,delivered,290,500,1329,,false
488283,2026-07-09T08:02:53,Zone 2,zomato,delivered,310,1022,1987,,false
488207,2026-07-09T08:29:58,Zone 3,zomato,delivered,132,1052,1730,,false
488142,2026-07-09T09:45:28,Zone 1,zomato,delivered,621,414,1208,,false
488137,2026-07-09T09:47:39,Zone 3,swiggy,delivered,217,592,1866,,false
488176,2026-07-09T09:49:06,Zone 3,swiggy,delivered,160,1013,1770,,false
488153,2026-07-09T09:53:44,Zone 2,zomato,delivered,200,724,1577,,false
488126,2026-07-09T10:34:17,Zone 3,zomato,delivered,437,1109,1766,,false
488255,2026-07-09T11:20:37,Zone 3,swiggy,delivered,135,531,1809,,false
488179,2026-07-09T11:30:09,Zone 1,zomato,delivered,268,791,1938,,false
488094,2026-07-09T11:38:33,Zone 2,swiggy,delivered,380,874,2068,,false
488164,2026-07-09T11:54:37,Zone 2,swiggy,cancelled,195,723,,customer_cancelled_predispatch,false
488134,2026-07-09T12:01:35,Zone 1,swiggy,delivered,553,639,1957,,false
488290,2026-07-09T12:05:31,Zone 1,zomato,delivered,214,1338,2493,,false
488157,2026-07-09T12:38:56,Zone 3,zomato,delivered,360,511,1176,,false
488115,2026-07-09T13:16:38,Zone 1,zomato,delivered,562,468,1772,,false
488110,2026-07-09T13:27:42,Zone 1,zomato,delivered,530,1123,2253,,false
488101,2026-07-09T13:30:32,Zone 2,zomato,delivered,438,1348,2461,,false
488129,2026-07-09T13:39:46,Zone 1,swiggy,delivered,206,1184,2081,,false
488220,2026-07-09T13:45:28,Zone 3,swiggy,delivered,169,554,1480,,false
488171,2026-07-09T13:58:11,Zone 2,swiggy,delivered,124,1059,2257,,false
488251,2026-07-09T14:19:15,Zone 3,swiggy,delivered,285,694,1459,,false
488195,2026-07-09T14:19:23,Zone 1,swiggy,delivered,99,1011,2267,,false
488091,2026-07-09T14:28:38,Zone 3,swiggy,delivered,389,1235,2414,,false
488194,2026-07-09T14:32:54,Zone 1,swiggy,delivered,129,1193,2476,,false
488190,2026-07-09T14:33:29,Zone 3,swiggy,delivered,383,1110,2126,,false
488262,2026-07-09T14:36:05,Zone 1,swiggy,cancelled,146,511,,customer_cancelled_predispatch,false
488239,2026-07-09T14:37:19,Zone 1,swiggy,delivered,207,1228,2512,,false
488296,2026-07-09T14:49:00,Zone 2,swiggy,delivered,389,531,1859,,false
488274,2026-07-09T15:09:46,Zone 1,swiggy,delivered,248,793,2094,,false
488214,2026-07-09T16:48:32,Zone 3,swiggy,delivered,490,1206,2433,,false
488268,2026-07-09T16:54:16,Zone 2,zomato,cancelled,144,954,2186,address_issue,false
488228,2026-07-09T17:05:42,Zone 3,swiggy,delivered,470,796,1850,,false
488158,2026-07-09T18:23:24,Zone 2,zomato,delivered,221,754,1739,,false
488102,2026-07-09T18:30:21,Zone 3,zomato,delivered,344,486,1790,,false
488234,2026-07-09T18:57:52,Zone 2,zomato,delivered,341,1168,2296,,false
488147,2026-07-09T19:27:50,Zone 2,swiggy,delivered,331,901,1652,,false
488124,2026-07-09T19:30:27,Zone 1,swiggy,cancelled,159,1437,,customer_cancelled_predispatch,false
488280,2026-07-09T19:42:35,Zone 2,zomato,delivered,201,505,1289,,false
488271,2026-07-09T19:51:28,Zone 3,swiggy,delivered,414,878,2084,,false
488086,2026-07-09T19:54:32,Zone 3,swiggy,delivered,334,1021,2198,,false
488097,2026-07-09T20:02:23,Zone 2,swiggy,delivered,554,789,1668,,false
488169,2026-07-09T20:10:05,Zone 3,swiggy,delivered,133,939,2190,,false
488184,2026-07-09T20:10:40,Zone 3,swiggy,delivered,309,1163,2192,,false
488084,2026-07-09T20:12:42,Zone 2,swiggy,delivered,184,1112,1812,,false
488203,2026-07-09T20:23:56,Zone 2,swiggy,delivered,112,1382,2239,,false
488112,2026-07-09T20:35:20,Zone 3,zomato,delivered,185,1361,2155,,false
488201,2026-07-09T20:47:08,Zone 3,swiggy,delivered,169,1389,2318,,false
488236,2026-07-09T20:49:57,Zone 1,swiggy,delivered,320,994,2151,,false
488114,2026-07-09T20:53:21,Zone 3,zomato,delivered,272,1202,2173,,false
488089,2026-07-09T21:23:14,Zone 2,zomato,delivered,105,842,2001,,false
488104,2026-07-09T21:38:32,Zone 1,zomato,delivered,260,1254,2192,,false
488273,2026-07-09T21:42:20,Zone 1,swiggy,delivered,176,1027,1752,,false
488287,2026-07-09T21:47:45,Zone 3,zomato,delivered,492,641,1406,,false
488173,2026-07-09T21:55:47,Zone 1,swiggy,delivered,292,481,1553,,false
488224,2026-07-09T22:00:04,Zone 3,swiggy,delivered,319,844,2141,,false
488247,2026-07-09T22:04:49,Zone 3,swiggy,delivered,285,796,1680,,false
488177,2026-07-09T22:15:50,Zone 2,swiggy,delivered,228,873,1799,,false
488138,2026-07-09T22:17:06,Zone 1,swiggy,delivered,369,772,1492,,false
488120,2026-07-09T22:29:59,Zone 2,swiggy,delivered,362,475,1812,,false
488244,2026-07-09T22:44:34,Zone 2,zomato,delivered,291,502,1489,,false
488266,2026-07-09T22:50:10,Zone 3,swiggy,cancelled,226,1170,1981,kitchen_overload,false
488261,2026-07-09T22:50:51,Zone 2,zomato,delivered,165,754,1983,,false
488208,2026-07-09T23:54:30,Zone 2,swiggy,delivered,456,415,1430,,false
488440,2026-07-10T06:17:12,Zone 3,swiggy,delivered,187,521,1595,,true
488335,2026-07-10T08:09:21,Zone 2,zomato,delivered,262,705,1567,,true
488445,2026-07-10T08:57:10,Zone 2,swiggy,cancelled,185,730,1728,weather_delay,true
488438,2026-07-10T09:37:14,Zone 1,swiggy,cancelled,264,960,2540,weather_delay,true
488399,2026-07-10T10:18:09,Zone 1,swiggy,delivered,528,863,2176,,true
488387,2026-07-10T10:42:15,Zone 3,swiggy,cancelled,280,614,2264,weather_delay,true
488391,2026-07-10T10:44:00,Zone 1,swiggy,delivered,467,1091,2209,,true
488321,2026-07-10T10:47:46,Zone 1,swiggy,delivered,179,978,2392,,true
488309,2026-07-10T12:00:27,Zone 3,zomato,delivered,564,837,2878,,true
488361,2026-07-10T12:17:19,Zone 3,zomato,delivered,458,1258,3249,,true
488302,2026-07-10T12:21:43,Zone 3,zomato,delivered,278,998,2219,,true
488329,2026-07-10T12:48:28,Zone 1,zomato,delivered,311,1070,1915,,false
488470,2026-07-10T13:02:48,Zone 3,zomato,cancelled,644,545,1998,kitchen_overload,true
488374,2026-07-10T13:11:41,Zone 3,swiggy,delivered,314,586,2486,,true
488457,2026-07-10T13:16:38,Zone 3,zomato,delivered,195,1203,2309,,true
488326,2026-07-10T13:34:44,Zone 2,swiggy,cancelled,158,1376,2581,restaurant_closed_early,true
488418,2026-07-10T13:48:27,Zone 3,swiggy,delivered,283,1040,2152,,true
488308,2026-07-10T13:57:41,Zone 3,zomato,delivered,280,684,2583,,true
488355,2026-07-10T14:04:33,Zone 1,swiggy,delivered,99,731,2232,,true
488451,2026-07-10T14:27:14,Zone 3,swiggy,delivered,355,1290,3273,,true
488408,2026-07-10T14:35:32,Zone 3,swiggy,delivered,338,681,2556,,true
488428,2026-07-10T15:08:14,Zone 1,swiggy,delivered,99,497,1763,,true
488431,2026-07-10T15:13:05,Zone 3,zomato,delivered,219,1010,2279,,true
488441,2026-07-10T15:39:08,Zone 1,zomato,delivered,397,644,1548,,true
488402,2026-07-10T15:44:55,Zone 3,zomato,delivered,318,508,2216,,true
488420,2026-07-10T16:12:56,Zone 2,zomato,delivered,499,795,2040,,false
488396,2026-07-10T16:17:27,Zone 1,swiggy,delivered,523,1003,1948,,true
488433,2026-07-10T16:17:34,Zone 3,zomato,delivered,606,571,1937,,true
488464,2026-07-10T17:05:16,Zone 2,swiggy,delivered,294,577,1536,,true
488461,2026-07-10T17:34:56,Zone 3,swiggy,delivered,635,467,1565,,true
488337,2026-07-10T17:51:25,Zone 1,zomato,delivered,372,1219,2691,,false
488369,2026-07-10T18:06:57,Zone 1,zomato,delivered,150,1261,2243,,false
488351,2026-07-10T18:30:31,Zone 3,zomato,delivered,395,1168,2514,,true
488459,2026-07-10T18:50:44,Zone 3,swiggy,delivered,318,943,2097,,true
488415,2026-07-10T18:59:33,Zone 2,zomato,cancelled,439,932,1967,weather_delay,true
488422,2026-07-10T19:06:36,Zone 1,zomato,delivered,288,542,2132,,true
488365,2026-07-10T19:06:57,Zone 3,swiggy,cancelled,291,733,3505,weather_delay,false
488375,2026-07-10T19:15:26,Zone 3,zomato,delivered,472,950,2424,,true
488380,2026-07-10T19:24:12,Zone 1,swiggy,delivered,287,733,2251,,false
488471,2026-07-10T19:30:51,Zone 2,zomato,cancelled,117,1412,2704,weather_delay,false
488469,2026-07-10T19:33:09,Zone 2,swiggy,delivered,134,919,2523,,false
488395,2026-07-10T19:43:17,Zone 3,zomato,delivered,278,1118,2389,,true
488307,2026-07-10T19:50:04,Zone 3,swiggy,delivered,692,1368,2617,,true
488413,2026-07-10T20:01:04,Zone 3,swiggy,delivered,220,1443,3379,,false
488385,2026-07-10T20:16:41,Zone 2,zomato,delivered,193,614,1924,,false
488333,2026-07-10T20:22:11,Zone 3,swiggy,delivered,99,1290,2391,,true
488312,2026-07-10T20:40:50,Zone 3,zomato,delivered,369,1038,2973,,true
488303,2026-07-10T20:46:51,Zone 2,zomato,delivered,347,530,1645,,false
488352,2026-07-10T21:18:02,Zone 1,swiggy,delivered,166,828,1887,,false
488455,2026-07-10T22:21:56,Zone 1,zomato,delivered,362,806,2245,,false
488318,2026-07-10T22:24:35,Zone 2,swiggy,delivered,436,1002,1794,,true
488356,2026-07-10T22:38:38,Zone 2,swiggy,delivered,254,591,2034,,true
488346,2026-07-10T22:41:21,Zone 3,swiggy,delivered,310,515,2354,,true
488342,2026-07-10T22:49:31,Zone 3,swiggy,cancelled,196,830,3661,weather_delay,true
488666,2026-07-11T00:34:09,Zone 3,swiggy,delivered,261,432,2387,,true
488727,2026-07-11T01:19:40,Zone 1,zomato,delivered,367,448,1627,,false
488584,2026-07-11T06:32:56,Zone 2,zomato,delivered,993,453,1902,,false
488733,2026-07-11T08:33:53,Zone 2,swiggy,cancelled,137,709,1743,weather_delay,false
488674,2026-07-11T08:36:08,Zone 2,zomato,delivered,345,581,1808,,false
488693,2026-07-11T08:40:42,Zone 2,swiggy,delivered,173,1128,2503,,false
488556,2026-07-11T08:56:13,Zone 2,zomato,delivered,175,649,1508,,true
488523,2026-07-11T09:43:12,Zone 1,swiggy,delivered,208,1089,2662,,true
488501,2026-07-11T09:49:16,Zone 2,swiggy,delivered,176,698,2202,,false
488738,2026-07-11T09:49:22,Zone 2,zomato,cancelled,159,779,,customer_cancelled_predispatch,false
488571,2026-07-11T10:06:42,Zone 2,zomato,delivered,109,846,2292,,false
488664,2026-07-11T10:32:11,Zone 3,swiggy,cancelled,210,1164,3587,item_unavailable,true
488589,2026-07-11T10:48:26,Zone 2,swiggy,delivered,359,575,1622,,true
488614,2026-07-11T10:53:12,Zone 2,swiggy,delivered,514,610,2099,,false
488636,2026-07-11T10:59:20,Zone 3,swiggy,delivered,350,400,2383,,true
488655,2026-07-11T11:05:56,Zone 3,zomato,delivered,147,838,2032,,true
488641,2026-07-11T11:06:05,Zone 1,swiggy,delivered,292,1222,2388,,true
488559,2026-07-11T11:13:16,Zone 2,zomato,delivered,189,810,1939,,false
488500,2026-07-11T11:36:41,Zone 3,swiggy,cancelled,99,1036,3021,address_issue,true
488696,2026-07-11T11:53:08,Zone 2,swiggy,delivered,100,671,1779,,false
488519,2026-07-11T12:09:51,Zone 1,zomato,cancelled,312,566,,customer_cancelled_predispatch,false
488568,2026-07-11T12:19:15,Zone 3,zomato,delivered,342,647,2321,,true
488611,2026-07-11T12:35:30,Zone 1,zomato,delivered,507,742,2288,,false
488698,2026-07-11T12:40:50,Zone 2,zomato,delivered,421,1151,2534,,false
488494,2026-07-11T12:45:48,Zone 2,swiggy,delivered,176,1097,2119,,true
488588,2026-07-11T12:49:09,Zone 2,zomato,delivered,286,1369,2476,,false
488507,2026-07-11T12:50:14,Zone 3,swiggy,cancelled,237,1296,3199,weather_delay,true
488572,2026-07-11T13:11:59,Zone 3,swiggy,delivered,555,1036,3066,,true
488699,2026-07-11T13:29:36,Zone 1,swiggy,delivered,348,792,1777,,true
488629,2026-07-11T14:03:45,Zone 3,zomato,cancelled,287,560,2638,restaurant_closed_early,true
488510,2026-07-11T14:17:55,Zone 2,zomato,delivered,208,654,1862,,false
488722,2026-07-11T14:23:01,Zone 2,swiggy,delivered,386,1131,2125,,false
488716,2026-07-11T14:37:14,Zone 1,swiggy,delivered,269,1328,2571,,false
488576,2026-07-11T14:39:36,Zone 3,zomato,delivered,406,1107,2940,,true
488671,2026-07-11T14:49:21,Zone 3,zomato,delivered,284,502,2526,,true
488485,2026-07-11T14:51:17,Zone 1,swiggy,delivered,268,1142,1952,,false
488665,2026-07-11T15:43:59,Zone 2,zomato,delivered,284,519,1599,,false
488682,2026-07-11T15:46:38,Zone 3,swiggy,delivered,163,675,2238,,true
488553,2026-07-11T15:50:47,Zone 2,swiggy,delivered,294,1168,2673,,false
488736,2026-07-11T15:54:20,Zone 1,zomato,delivered,173,1056,2474,,false
488740,2026-07-11T16:17:23,Zone 1,swiggy,delivered,508,1118,2358,,false
488530,2026-07-11T17:00:00,Zone 1,swiggy,delivered,372,751,2225,,false
488536,2026-07-11T17:00:15,Zone 2,swiggy,cancelled,225,1222,2146,courier_no_show,false
488477,2026-07-11T17:58:49,Zone 1,zomato,cancelled,393,722,1670,weather_delay,true
488646,2026-07-11T18:03:09,Zone 1,swiggy,delivered,296,477,1821,,false
488542,2026-07-11T18:06:34,Zone 1,swiggy,delivered,600,1099,2017,,false
488642,2026-07-11T18:22:24,Zone 1,swiggy,delivered,350,954,1870,,false
488607,2026-07-11T18:22:34,Zone 1,zomato,delivered,353,735,2281,,true
488689,2026-07-11T18:28:24,Zone 1,zomato,delivered,99,673,2252,,false
488625,2026-07-11T18:28:41,Zone 2,swiggy,delivered,403,1222,2497,,false
488492,2026-07-11T18:33:47,Zone 1,zomato,delivered,407,849,1832,,false
488659,2026-07-11T18:47:53,Zone 3,zomato,delivered,498,635,1906,,true
488564,2026-07-11T18:57:09,Zone 1,swiggy,delivered,215,434,1583,,true
488480,2026-07-11T19:00:42,Zone 3,swiggy,cancelled,139,739,2256,weather_delay,true
488539,2026-07-11T19:13:25,Zone 2,swiggy,delivered,131,1256,2565,,false
488621,2026-07-11T19:17:05,Zone 2,swiggy,delivered,115,644,1583,,false
488633,2026-07-11T19:30:59,Zone 3,zomato,delivered,224,665,1769,,true
488685,2026-07-11T19:41:05,Zone 2,zomato,delivered,99,561,1533,,false
488476,2026-07-11T19:50:58,Zone 2,zomato,delivered,137,1054,2227,,true
488710,2026-07-11T19:58:20,Zone 2,swiggy,delivered,320,805,2060,,false
488595,2026-07-11T19:58:23,Zone 1,zomato,delivered,726,1283,2749,,true
488547,2026-07-11T20:13:38,Zone 2,swiggy,delivered,255,578,1934,,false
488486,2026-07-11T20:40:30,Zone 2,swiggy,delivered,389,841,2261,,false
488708,2026-07-11T20:54:17,Zone 3,swiggy,cancelled,351,1058,2784,weather_delay,false
488491,2026-07-11T20:54:59,Zone 1,swiggy,delivered,108,877,1756,,true
488676,2026-07-11T20:55:01,Zone 1,zomato,delivered,543,1177,2655,,false
488581,2026-07-11T21:05:56,Zone 1,swiggy,delivered,275,702,1563,,false
488616,2026-07-11T21:10:30,Zone 1,zomato,delivered,380,837,1710,,false
488735,2026-07-11T21:12:06,Zone 3,swiggy,delivered,569,1274,2540,,false
488518,2026-07-11T21:15:13,Zone 1,zomato,delivered,585,766,1871,,false
488516,2026-07-11T21:17:21,Zone 3,swiggy,delivered,120,501,1571,,true
488552,2026-07-11T21:18:08,Zone 2,zomato,delivered,268,1222,2778,,true
488651,2026-07-11T21:25:30,Zone 1,swiggy,delivered,534,628,1415,,false
488601,2026-07-11T21:26:56,Zone 1,swiggy,delivered,386,990,1888,,false
488704,2026-07-11T22:25:29,Zone 2,swiggy,delivered,387,648,1994,,false
488528,2026-07-11T22:39:48,Zone 2,zomato,delivered,143,1189,2565,,false
488618,2026-07-11T23:24:32,Zone 1,zomato,cancelled,255,1089,2565,weather_delay,false
488999,2026-07-12T00:11:15,Zone 3,swiggy,delivered,282,895,2293,,true
488884,2026-07-12T01:44:45,Zone 1,swiggy,delivered,266,1078,2495,,true
488895,2026-07-12T07:01:51,Zone 3,zomato,cancelled,282,451,2608,weather_delay,true
489010,2026-07-12T07:34:58,Zone 1,swiggy,delivered,171,728,2211,,false
488859,2026-07-12T07:36:12,Zone 2,swiggy,delivered,187,902,2112,,true
488987,2026-07-12T08:00:09,Zone 2,swiggy,delivered,216,613,1388,,true
488923,2026-07-12T08:17:25,Zone 2,swiggy,cancelled,374,1031,2653,weather_delay,true
488960,2026-07-12T08:30:20,Zone 3,zomato,delivered,192,633,2470,,true
488941,2026-07-12T08:30:36,Zone 1,zomato,delivered,298,946,2214,,false
488907,2026-07-12T09:03:29,Zone 1,swiggy,delivered,343,639,1560,,true
489013,2026-07-12T09:14:53,Zone 2,zomato,delivered,390,1048,2637,,false
488924,2026-07-12T10:16:02,Zone 3,swiggy,delivered,509,1052,2819,,true
488813,2026-07-12T10:31:45,Zone 1,zomato,delivered,337,414,2001,,false
488819,2026-07-12T11:23:25,Zone 3,zomato,delivered,184,627,2293,,true
488778,2026-07-12T11:45:35,Zone 2,swiggy,delivered,284,960,1886,,false
488993,2026-07-12T11:48:33,Zone 2,swiggy,delivered,129,500,2105,,true
488861,2026-07-12T11:50:18,Zone 1,swiggy,delivered,434,523,1305,,false
488881,2026-07-12T12:08:55,Zone 2,zomato,delivered,248,598,1900,,true
488774,2026-07-12T12:09:56,Zone 1,swiggy,delivered,272,534,1528,,true
488919,2026-07-12T12:27:56,Zone 2,swiggy,delivered,122,579,1370,,false
488915,2026-07-12T12:35:00,Zone 1,zomato,delivered,197,1214,2356,,false
488998,2026-07-12T12:42:48,Zone 2,swiggy,delivered,199,667,1782,,false
488889,2026-07-12T12:53:06,Zone 3,swiggy,delivered,152,1164,2729,,true
488758,2026-07-12T13:20:04,Zone 1,swiggy,delivered,199,996,1855,,true
488976,2026-07-12T13:24:22,Zone 3,swiggy,delivered,551,846,1903,,true
488781,2026-07-12T13:29:20,Zone 3,swiggy,delivered,320,1290,2651,,true
488842,2026-07-12T13:30:17,Zone 3,swiggy,delivered,577,1016,2113,,true
488754,2026-07-12T13:32:08,Zone 3,zomato,cancelled,562,783,2178,weather_delay,false
488942,2026-07-12T13:36:58,Zone 3,swiggy,delivered,457,623,2703,,true
488751,2026-07-12T13:47:57,Zone 1,zomato,delivered,292,1294,2772,,false
488763,2026-07-12T13:54:33,Zone 2,swiggy,delivered,461,1386,2943,,false
488835,2026-07-12T13:59:24,Zone 1,zomato,delivered,249,797,2369,,false
488805,2026-07-12T14:15:01,Zone 2,zomato,delivered,460,1239,2722,,false
488829,2026-07-12T14:15:40,Zone 2,swiggy,delivered,491,1127,2134,,false
488745,2026-07-12T14:20:55,Zone 2,zomato,delivered,301,588,1645,,false
488956,2026-07-12T14:32:47,Zone 2,swiggy,delivered,299,592,1584,,false
489017,2026-07-12T14:39:35,Zone 1,swiggy,delivered,439,731,2323,,false
488767,2026-07-12T14:57:40,Zone 3,swiggy,delivered,488,1197,2968,,true
488887,2026-07-12T15:27:57,Zone 2,swiggy,delivered,520,632,2197,,false
488853,2026-07-12T16:29:48,Zone 1,swiggy,cancelled,427,706,,customer_cancelled_predispatch,false
488878,2026-07-12T16:35:31,Zone 1,zomato,delivered,463,745,1539,,true
488901,2026-07-12T17:51:46,Zone 2,swiggy,delivered,258,476,1592,,false
488810,2026-07-12T18:00:11,Zone 1,swiggy,delivered,217,844,2035,,true
488975,2026-07-12T18:07:22,Zone 1,zomato,delivered,186,1220,2461,,false
489004,2026-07-12T18:25:54,Zone 2,zomato,delivered,335,956,2187,,false
488938,2026-07-12T18:43:07,Zone 2,zomato,delivered,287,518,1532,,true
488946,2026-07-12T19:01:13,Zone 1,swiggy,delivered,287,1113,2415,,false
488954,2026-07-12T19:01:52,Zone 3,zomato,delivered,242,1207,3169,,false
488855,2026-07-12T19:02:28,Zone 3,zomato,delivered,500,664,2463,,false
488866,2026-07-12T19:08:09,Zone 1,swiggy,delivered,375,828,2205,,false
488951,2026-07-12T19:16:06,Zone 3,zomato,delivered,435,1027,2995,,true
488982,2026-07-12T19:26:44,Zone 1,zomato,cancelled,218,1066,2315,weather_delay,false
488847,2026-07-12T19:31:05,Zone 3,swiggy,cancelled,174,673,3068,weather_delay,true
488787,2026-07-12T19:32:52,Zone 3,swiggy,delivered,215,524,2311,,true
488965,2026-07-12T19:59:10,Zone 3,zomato,delivered,535,883,2054,,true
488912,2026-07-12T20:01:01,Zone 2,swiggy,delivered,430,1189,2378,,false
489018,2026-07-12T20:03:07,Zone 2,zomato,delivered,118,963,2320,,false
488934,2026-07-12T20:19:41,Zone 3,zomato,delivered,384,1124,2347,,true
488756,2026-07-12T20:23:40,Zone 2,zomato,delivered,213,1311,2183,,true
488971,2026-07-12T20:25:37,Zone 3,swiggy,cancelled,226,715,,customer_cancelled_predispatch,true
488953,2026-07-12T20:28:57,Zone 3,swiggy,delivered,99,989,2311,,true
488929,2026-07-12T20:44:17,Zone 1,swiggy,delivered,124,528,1722,,false
488795,2026-07-12T21:04:40,Zone 1,zomato,delivered,181,1136,2393,,true
488872,2026-07-12T21:04:51,Zone 3,swiggy,delivered,460,795,2436,,false
488800,2026-07-12T21:13:20,Zone 3,swiggy,delivered,468,1176,2359,,true
488836,2026-07-12T21:36:57,Zone 1,swiggy,delivered,521,1026,1821,,false
488874,2026-07-12T21:49:06,Zone 3,swiggy,delivered,293,777,2118,,true
488875,2026-07-12T22:13:54,Zone 1,swiggy,cancelled,176,856,2423,weather_delay,false
488768,2026-07-12T22:18:13,Zone 2,zomato,delivered,349,1081,1909,,true
488789,2026-07-12T22:41:30,Zone 1,zomato,delivered,530,1248,2830,,true
489003,2026-07-12T22:48:19,Zone 1,swiggy,delivered,247,601,1400,,true
488989,2026-07-12T22:50:49,Zone 1,swiggy,delivered,209,815,1920,,false
488824,2026-07-12T22:56:29,Zone 2,zomato,delivered,435,1068,2400,,false
488792,2026-07-12T22:59:01,Zone 1,swiggy,delivered,287,519,1567,,false
489114,2026-07-13T03:05:52,Zone 1,swiggy,delivered,142,900,1753,,false
489196,2026-07-13T05:30:16,Zone 3,zomato,delivered,675,597,1736,,false
489123,2026-07-13T05:53:48,Zone 3,swiggy,delivered,568,610,1525,,false
489173,2026-07-13T06:46:03,Zone 2,swiggy,cancelled,451,580,,customer_cancelled_predispatch,false
489172,2026-07-13T07:27:49,Zone 1,zomato,delivered,169,669,1816,,false
489033,2026-07-13T07:28:50,Zone 3,zomato,delivered,193,858,1678,,false
489048,2026-07-13T08:48:57,Zone 1,swiggy,delivered,336,964,1703,,false
489208,2026-07-13T09:57:49,Zone 3,swiggy,delivered,253,1024,1956,,false
489187,2026-07-13T10:23:00,Zone 1,swiggy,delivered,555,920,1869,,false
489161,2026-07-13T11:17:11,Zone 1,zomato,delivered,254,780,2047,,false
489119,2026-07-13T11:20:19,Zone 3,zomato,delivered,590,435,1626,,false
489110,2026-07-13T12:09:07,Zone 3,swiggy,delivered,210,466,1386,,false
489103,2026-07-13T12:14:02,Zone 3,zomato,delivered,348,1110,1853,,false
489105,2026-07-13T12:35:41,Zone 2,swiggy,delivered,212,547,1887,,false
489201,2026-07-13T12:41:09,Zone 2,swiggy,delivered,355,1246,2313,,false
489043,2026-07-13T12:45:06,Zone 2,zomato,delivered,329,945,1867,,false
489085,2026-07-13T12:54:14,Zone 1,zomato,delivered,645,1137,2288,,false
489065,2026-07-13T12:56:04,Zone 1,swiggy,delivered,871,716,1902,,false
489115,2026-07-13T13:15:41,Zone 2,zomato,delivered,529,1213,2248,,false
489029,2026-07-13T13:24:24,Zone 3,zomato,delivered,482,881,1566,,false
489202,2026-07-13T13:30:49,Zone 2,zomato,delivered,335,918,2136,,false
489023,2026-07-13T14:00:03,Zone 2,zomato,delivered,240,913,1688,,false
489145,2026-07-13T14:12:18,Zone 1,swiggy,delivered,362,580,1779,,false
489089,2026-07-13T14:16:27,Zone 3,swiggy,delivered,345,496,1298,,false
489088,2026-07-13T14:30:32,Zone 2,swiggy,delivered,293,687,1806,,false
489111,2026-07-13T15:07:02,Zone 2,zomato,delivered,426,1055,1975,,false
489078,2026-07-13T16:45:00,Zone 2,zomato,delivered,125,1176,2004,,false
489150,2026-07-13T17:34:27,Zone 2,zomato,delivered,361,1235,2225,,false
489096,2026-07-13T18:32:32,Zone 1,swiggy,delivered,276,942,1961,,false
489154,2026-07-13T19:08:01,Zone 1,zomato,delivered,505,1296,2350,,false
489038,2026-07-13T19:14:59,Zone 1,zomato,delivered,293,587,1364,,false
489153,2026-07-13T19:23:01,Zone 3,swiggy,delivered,266,1024,1690,,false
489063,2026-07-13T19:23:16,Zone 1,swiggy,delivered,426,698,1525,,false
489109,2026-07-13T19:31:01,Zone 3,swiggy,delivered,184,1369,2409,,false
489072,2026-07-13T19:43:47,Zone 2,swiggy,delivered,654,840,1541,,false
489159,2026-07-13T19:50:04,Zone 2,zomato,delivered,408,561,1493,,false
489140,2026-07-13T19:59:58,Zone 1,zomato,delivered,104,828,1614,,false
489190,2026-07-13T20:02:47,Zone 1,zomato,cancelled,363,519,1470,courier_no_show,false
489082,2026-07-13T20:12:02,Zone 2,zomato,delivered,210,989,2076,,false
489022,2026-07-13T20:13:26,Zone 1,zomato,delivered,410,1065,2135,,false
489030,2026-07-13T20:16:10,Zone 3,zomato,delivered,246,976,2002,,false
489037,2026-07-13T20:16:51,Zone 3,zomato,delivered,290,540,1424,,false
489064,2026-07-13T20:17:03,Zone 3,swiggy,delivered,242,1138,1890,,false
489042,2026-07-13T20:28:27,Zone 3,swiggy,delivered,283,1099,1822,,false
489070,2026-07-13T20:31:43,Zone 3,zomato,delivered,305,884,1999,,false
489090,2026-07-13T20:35:06,Zone 2,zomato,delivered,768,806,1542,,false
489055,2026-07-13T20:50:16,Zone 2,swiggy,delivered,172,650,1476,,false
489058,2026-07-13T20:56:30,Zone 1,swiggy,cancelled,374,1238,2717,item_unavailable,false
489102,2026-07-13T20:56:56,Zone 2,swiggy,delivered,450,591,1718,,false
489019,2026-07-13T21:02:22,Zone 1,swiggy,delivered,434,1261,2451,,false
489155,2026-07-13T21:11:24,Zone 1,swiggy,delivered,629,1402,2706,,false
489053,2026-07-13T21:11:36,Zone 3,swiggy,delivered,851,1355,2099,,false
489177,2026-07-13T21:17:54,Zone 3,swiggy,cancelled,700,733,1955,item_unavailable,false
489129,2026-07-13T21:21:01,Zone 1,swiggy,delivered,227,1330,2240,,false
489135,2026-07-13T21:45:05,Zone 3,zomato,delivered,208,1237,1957,,false
489167,2026-07-13T22:16:46,Zone 2,zomato,delivered,149,1032,2265,,false
489179,2026-07-13T22:33:11,Zone 3,zomato,delivered,215,801,2105,,false
489158,2026-07-13T22:50:29,Zone 2,swiggy,delivered,307,1023,1881,,false
489182,2026-07-13T22:50:49,Zone 1,swiggy,delivered,529,997,1688,,false
489287,2026-07-14T06:38:08,Zone 3,swiggy,delivered,547,542,1196,,false
489276,2026-07-14T08:47:50,Zone 2,zomato,delivered,713,429,1525,,false
489210,2026-07-14T08:57:18,Zone 3,zomato,delivered,471,813,1632,,false
489318,2026-07-14T10:56:06,Zone 2,swiggy,delivered,730,797,2067,,false
489301,2026-07-14T11:58:37,Zone 3,zomato,cancelled,230,665,,customer_cancelled_predispatch,false
489283,2026-07-14T11:59:00,Zone 3,swiggy,delivered,254,874,1904,,false
489248,2026-07-14T12:08:29,Zone 2,zomato,cancelled,454,790,,customer_cancelled_predispatch,false
489220,2026-07-14T12:19:59,Zone 2,swiggy,delivered,209,1191,2436,,false
489275,2026-07-14T12:37:03,Zone 1,zomato,delivered,449,1183,2432,,false
489306,2026-07-14T12:42:09,Zone 1,swiggy,delivered,322,647,1822,,false
489288,2026-07-14T12:44:10,Zone 2,zomato,delivered,418,1292,2029,,false
489225,2026-07-14T13:05:23,Zone 1,zomato,delivered,99,1327,2007,,false
489285,2026-07-14T13:36:55,Zone 1,zomato,cancelled,377,625,1517,payment_failed,false
489340,2026-07-14T13:49:12,Zone 1,swiggy,delivered,99,825,1566,,false
489221,2026-07-14T14:08:34,Zone 2,swiggy,delivered,567,1070,2034,,false
489327,2026-07-14T14:09:36,Zone 3,swiggy,delivered,157,887,1927,,false
489334,2026-07-14T14:19:37,Zone 3,zomato,delivered,240,1304,2091,,false
489319,2026-07-14T14:25:12,Zone 3,zomato,delivered,259,644,1614,,false
489261,2026-07-14T14:27:58,Zone 1,swiggy,delivered,461,477,1296,,false
489231,2026-07-14T14:39:23,Zone 1,zomato,delivered,226,1050,2325,,false
489331,2026-07-14T14:53:26,Zone 2,zomato,delivered,448,513,1439,,false
489320,2026-07-14T14:57:37,Zone 2,swiggy,delivered,509,1022,1735,,false
489267,2026-07-14T16:17:44,Zone 1,zomato,delivered,205,1084,2223,,false
489310,2026-07-14T17:07:04,Zone 3,zomato,delivered,367,990,2155,,false
489305,2026-07-14T17:10:46,Zone 1,swiggy,delivered,353,853,2090,,false
489297,2026-07-14T17:45:03,Zone 3,swiggy,cancelled,506,1121,2308,payment_failed,false
489294,2026-07-14T18:05:46,Zone 3,zomato,delivered,311,578,1495,,false
489289,2026-07-14T18:31:46,Zone 3,zomato,delivered,297,875,1785,,false
489234,2026-07-14T19:11:28,Zone 3,zomato,delivered,264,482,1664,,false
489243,2026-07-14T19:16:28,Zone 3,swiggy,delivered,299,1282,2242,,false
489226,2026-07-14T19:19:46,Zone 3,zomato,delivered,136,1228,1944,,false
489256,2026-07-14T19:21:09,Zone 2,swiggy,delivered,119,1024,2125,,false
489326,2026-07-14T19:52:43,Zone 1,swiggy,delivered,218,997,2081,,false
489269,2026-07-14T19:53:00,Zone 2,zomato,delivered,245,852,1824,,false
489286,2026-07-14T19:56:11,Zone 3,swiggy,delivered,269,547,1521,,false
489237,2026-07-14T20:03:05,Zone 1,swiggy,delivered,463,1364,2472,,false
489249,2026-07-14T20:04:03,Zone 3,swiggy,delivered,430,790,1582,,false
489316,2026-07-14T20:08:02,Zone 1,swiggy,delivered,205,1202,2447,,false
489252,2026-07-14T21:07:00,Zone 2,zomato,cancelled,331,1192,2393,item_unavailable,false
489215,2026-07-14T21:09:26,Zone 1,zomato,delivered,486,1027,2179,,false
489255,2026-07-14T22:14:41,Zone 3,zomato,delivered,185,736,2023,,false
489280,2026-07-14T22:35:58,Zone 2,swiggy,delivered,174,508,1312,,false
489229,2026-07-14T23:01:09,Zone 3,zomato,delivered,302,953,2047,,false
489268,2026-07-14T23:55:14,Zone 1,swiggy,delivered,272,523,1326,,false
489491,2026-07-15T00:08:01,Zone 1,zomato,delivered,423,1021,1766,,false
489484,2026-07-15T08:05:27,Zone 1,swiggy,delivered,507,657,1706,,false
489472,2026-07-15T08:49:24,Zone 2,swiggy,delivered,527,576,1557,,false
489398,2026-07-15T10:33:52,Zone 3,swiggy,delivered,158,833,2136,,false
489428,2026-07-15T11:02:12,Zone 1,zomato,delivered,261,1052,2207,,false
489419,2026-07-15T11:28:59,Zone 1,zomato,cancelled,268,954,,customer_cancelled_predispatch,false
489421,2026-07-15T11:54:43,Zone 3,swiggy,delivered,191,1111,2059,,false
489444,2026-07-15T12:27:05,Zone 2,swiggy,delivered,281,962,1970,,false
489470,2026-07-15T12:31:42,Zone 1,zomato,delivered,242,972,2244,,false
489389,2026-07-15T12:49:45,Zone 3,swiggy,delivered,276,716,2034,,false
489401,2026-07-15T13:10:13,Zone 3,zomato,delivered,480,1315,2287,,false
489414,2026-07-15T13:12:12,Zone 1,swiggy,delivered,121,1349,2249,,false
489407,2026-07-15T13:43:41,Zone 2,swiggy,delivered,194,1296,2420,,false
489374,2026-07-15T13:49:57,Zone 2,swiggy,delivered,360,724,1884,,false
489380,2026-07-15T13:53:59,Zone 3,swiggy,delivered,138,1192,2068,,false
489478,2026-07-15T14:04:20,Zone 1,swiggy,delivered,266,502,1590,,false
489341,2026-07-15T14:27:56,Zone 1,zomato,delivered,221,1035,2202,,false
489445,2026-07-15T14:31:50,Zone 3,zomato,delivered,160,755,1982,,false
489465,2026-07-15T14:52:56,Zone 3,swiggy,delivered,270,787,1882,,false
489368,2026-07-15T16:46:24,Zone 2,swiggy,delivered,253,871,2079,,false
489349,2026-07-15T17:38:43,Zone 1,zomato,delivered,286,1009,2157,,false
489451,2026-07-15T18:57:35,Zone 2,zomato,delivered,452,866,1957,,false
489362,2026-07-15T19:04:05,Zone 3,zomato,delivered,342,835,1744,,false
489492,2026-07-15T19:09:19,Zone 3,zomato,delivered,492,1390,2412,,false
489439,2026-07-15T19:11:00,Zone 2,swiggy,delivered,442,1279,2087,,false
489434,2026-07-15T19:11:36,Zone 2,swiggy,delivered,217,834,2063,,false
489427,2026-07-15T19:14:36,Zone 3,zomato,delivered,205,1254,2250,,false
489497,2026-07-15T19:25:02,Zone 3,swiggy,delivered,130,1339,2548,,false
489410,2026-07-15T19:26:50,Zone 3,zomato,delivered,207,911,1841,,false
489353,2026-07-15T19:36:43,Zone 1,swiggy,delivered,256,602,1945,,false
489488,2026-07-15T19:36:46,Zone 2,swiggy,delivered,249,819,1803,,false
489391,2026-07-15T19:37:12,Zone 3,swiggy,delivered,289,1226,2025,,false
489460,2026-07-15T19:47:36,Zone 3,zomato,delivered,436,645,1579,,false
489375,2026-07-15T20:24:51,Zone 2,zomato,cancelled,161,771,1477,kitchen_overload,false
489395,2026-07-15T20:28:36,Zone 1,zomato,cancelled,208,1166,2415,item_unavailable,false
489467,2026-07-15T20:55:51,Zone 1,zomato,delivered,343,1169,1892,,false
489436,2026-07-15T21:43:13,Zone 1,swiggy,delivered,442,682,1958,,false
489356,2026-07-15T22:11:56,Zone 3,swiggy,delivered,213,1269,1943,,false
489344,2026-07-15T22:35:44,Zone 1,swiggy,delivered,432,992,2016,,false
489384,2026-07-15T22:36:24,Zone 1,swiggy,delivered,154,442,1285,,false
489456,2026-07-15T22:48:16,Zone 3,zomato,delivered,317,1096,1893,,false
489501,2026-07-15T23:11:08,Zone 3,zomato,delivered,99,960,1984,,false
489458,2026-07-15T23:13:44,Zone 1,swiggy,delivered,150,601,1643,,false
489698,2026-07-16T00:22:35,Zone 1,swiggy,delivered,520,414,1438,,false
489592,2026-07-16T02:54:27,Zone 3,zomato,delivered,260,547,1318,,false
489638,2026-07-16T03:29:01,Zone 1,swiggy,cancelled,434,871,1822,restaurant_closed_early,false
489590,2026-07-16T06:12:16,Zone 2,swiggy,delivered,441,696,1999,,false
489595,2026-07-16T07:17:45,Zone 1,swiggy,delivered,308,1007,2215,,false
489614,2026-07-16T07:37:50,Zone 2,swiggy,delivered,344,1097,1850,,false
489546,2026-07-16T08:21:32,Zone 1,zomato,delivered,467,855,1955,,false
489529,2026-07-16T08:23:37,Zone 3,swiggy,delivered,261,521,1315,,false
489622,2026-07-16T08:54:03,Zone 1,swiggy,delivered,398,513,1843,,false
489580,2026-07-16T08:56:51,Zone 1,zomato,delivered,322,443,1788,,false
489648,2026-07-16T09:25:22,Zone 1,zomato,delivered,165,860,1616,,false
489659,2026-07-16T09:42:16,Zone 2,zomato,delivered,353,561,1669,,false
489673,2026-07-16T10:27:46,Zone 1,zomato,delivered,153,1140,1915,,false
489668,2026-07-16T10:53:43,Zone 1,swiggy,delivered,363,1142,2159,,false
489508,2026-07-16T11:37:04,Zone 3,zomato,delivered,321,1233,2202,,false
489663,2026-07-16T11:53:11,Zone 2,swiggy,delivered,420,998,2257,,false
489550,2026-07-16T11:55:30,Zone 2,swiggy,delivered,623,645,1584,,false
489679,2026-07-16T12:01:19,Zone 1,swiggy,delivered,387,1189,2352,,false
489573,2026-07-16T12:06:01,Zone 1,swiggy,delivered,369,1094,2021,,false
489616,2026-07-16T12:15:40,Zone 2,zomato,cancelled,131,572,,customer_cancelled_predispatch,false
489671,2026-07-16T12:20:33,Zone 3,zomato,delivered,403,1258,2451,,false
489691,2026-07-16T12:27:27,Zone 1,zomato,delivered,99,1144,1929,,false
489626,2026-07-16T12:35:29,Zone 1,swiggy,delivered,235,799,1673,,false
489568,2026-07-16T12:44:20,Zone 2,swiggy,delivered,207,795,1653,,false
489570,2026-07-16T12:53:26,Zone 3,zomato,delivered,99,738,1574,,false
489560,2026-07-16T12:55:29,Zone 3,zomato,delivered,342,627,1717,,false
489652,2026-07-16T13:04:20,Zone 1,swiggy,delivered,247,1135,2090,,false
489532,2026-07-16T13:05:54,Zone 2,zomato,delivered,393,1010,1935,,false
489643,2026-07-16T13:14:17,Zone 2,swiggy,delivered,248,1337,1999,,false
489552,2026-07-16T13:51:37,Zone 3,swiggy,delivered,216,731,1594,,false
489581,2026-07-16T13:53:20,Zone 1,swiggy,delivered,535,510,1551,,false
489692,2026-07-16T14:55:06,Zone 2,swiggy,delivered,558,1233,2268,,false
489525,2026-07-16T15:11:29,Zone 1,zomato,delivered,361,865,1740,,false
489542,2026-07-16T15:14:36,Zone 3,swiggy,delivered,340,937,1689,,false
489517,2026-07-16T15:28:59,Zone 3,swiggy,delivered,567,683,1357,,false
489702,2026-07-16T15:52:29,Zone 3,zomato,delivered,186,1127,2128,,false
489654,2026-07-16T16:46:51,Zone 2,swiggy,delivered,394,1015,1967,,false
489606,2026-07-16T17:52:16,Zone 1,zomato,cancelled,381,1177,2310,courier_no_show,false
489618,2026-07-16T18:32:02,Zone 3,zomato,cancelled,354,1087,2568,weather_delay,false
489667,2026-07-16T18:34:31,Zone 1,swiggy,delivered,251,482,1346,,false
489687,2026-07-16T18:38:39,Zone 2,swiggy,delivered,412,606,1270,,false
489608,2026-07-16T18:58:28,Zone 3,swiggy,delivered,172,1253,2125,,false
489593,2026-07-16T19:13:03,Zone 3,swiggy,delivered,210,1219,1988,,false
489503,2026-07-16T19:26:22,Zone 3,zomato,delivered,735,772,1486,,false
489624,2026-07-16T19:44:22,Zone 2,zomato,delivered,147,1350,2524,,false
489662,2026-07-16T20:02:02,Zone 2,zomato,delivered,208,550,1324,,false
489505,2026-07-16T20:21:19,Zone 1,swiggy,delivered,468,821,1572,,false
489641,2026-07-16T20:28:31,Zone 2,zomato,delivered,281,695,1763,,false
489539,2026-07-16T20:50:04,Zone 2,swiggy,delivered,493,1191,2034,,false
489564,2026-07-16T21:00:35,Zone 3,swiggy,delivered,365,531,1568,,false
489521,2026-07-16T21:02:01,Zone 1,swiggy,delivered,206,1028,1869,,false
489708,2026-07-16T21:25:11,Zone 2,swiggy,delivered,354,569,1352,,false
489602,2026-07-16T21:26:58,Zone 3,swiggy,delivered,472,1260,2355,,false
489549,2026-07-16T21:37:54,Zone 1,swiggy,delivered,1138,1192,1885,,false
489632,2026-07-16T21:37:56,Zone 2,zomato,delivered,763,466,1253,,false
489704,2026-07-16T21:43:50,Zone 1,swiggy,delivered,255,1068,2286,,false
489574,2026-07-16T21:53:01,Zone 2,zomato,delivered,454,1287,2345,,false
489599,2026-07-16T22:01:05,Zone 3,zomato,delivered,419,476,1434,,false
489557,2026-07-16T22:09:46,Zone 1,swiggy,delivered,99,1203,2398,,false
489536,2026-07-16T22:26:42,Zone 1,zomato,delivered,494,1263,2068,,false
489584,2026-07-16T22:27:25,Zone 1,zomato,delivered,472,1101,1844,,false
489514,2026-07-16T22:30:00,Zone 1,swiggy,delivered,243,1104,1962,,false
489684,2026-07-16T22:58:56,Zone 3,zomato,delivered,153,974,2156,,false
489636,2026-07-16T23:18:19,Zone 3,zomato,delivered,242,800,2096,,false
489586,2026-07-16T23:39:50,Zone 1,swiggy,delivered,253,483,1140,,false
489947,2026-07-17T04:16:06,Zone 3,zomato,delivered,394,1069,2297,,false
489874,2026-07-17T05:21:48,Zone 2,zomato,delivered,224,437,1735,,false
489779,2026-07-17T07:40:48,Zone 2,zomato,delivered,159,1101,2429,,false
489717,2026-07-17T07:48:40,Zone 2,zomato,delivered,99,803,1911,,false
489856,2026-07-17T08:37:36,Zone 3,zomato,delivered,153,837,1891,,false
489959,2026-07-17T08:44:31,Zone 2,zomato,delivered,146,609,1427,,false
489883,2026-07-17T09:29:36,Zone 2,swiggy,delivered,641,870,2073,,false
489978,2026-07-17T09:34:53,Zone 1,swiggy,delivered,275,953,1935,,false
489911,2026-07-17T09:40:18,Zone 3,swiggy,delivered,254,700,1748,,false
489886,2026-07-17T09:53:42,Zone 3,swiggy,cancelled,99,1175,2130,address_issue,false
489935,2026-07-17T10:17:56,Zone 1,zomato,delivered,553,1184,2364,,false
489892,2026-07-17T10:25:01,Zone 3,swiggy,delivered,215,400,1423,,false
489783,2026-07-17T10:38:02,Zone 2,zomato,delivered,844,693,1370,,false
489865,2026-07-17T11:18:24,Zone 3,swiggy,delivered,336,1188,2269,,false
489984,2026-07-17T11:25:28,Zone 3,swiggy,delivered,848,432,1637,,false
489825,2026-07-17T11:28:55,Zone 3,zomato,delivered,238,1109,2165,,false
489784,2026-07-17T11:49:08,Zone 2,swiggy,delivered,379,520,1708,,false
489799,2026-07-17T11:53:55,Zone 1,zomato,delivered,280,1194,1892,,false
489953,2026-07-17T11:55:14,Zone 2,zomato,delivered,263,412,1108,,false
489917,2026-07-17T12:11:33,Zone 2,swiggy,cancelled,126,833,,customer_cancelled_predispatch,false
489840,2026-07-17T12:18:52,Zone 2,swiggy,delivered,121,864,1743,,false
489916,2026-07-17T12:31:11,Zone 1,swiggy,delivered,377,1054,1944,,false
489831,2026-07-17T12:33:13,Zone 1,zomato,delivered,438,1048,2384,,false
489785,2026-07-17T12:54:11,Zone 2,swiggy,delivered,204,1063,1734,,false
489851,2026-07-17T13:13:52,Zone 1,zomato,delivered,222,1224,2508,,false
489931,2026-07-17T13:13:59,Zone 2,zomato,delivered,106,714,2006,,false
489765,2026-07-17T13:19:42,Zone 2,zomato,delivered,478,1282,2319,,false
489847,2026-07-17T13:24:31,Zone 3,swiggy,delivered,273,1238,1934,,false
489737,2026-07-17T13:32:37,Zone 3,swiggy,delivered,251,1107,1763,,false
489751,2026-07-17T13:37:34,Zone 1,swiggy,delivered,405,1302,2072,,false
489722,2026-07-17T13:49:04,Zone 1,zomato,delivered,797,802,1858,,false
489773,2026-07-17T14:06:35,Zone 3,swiggy,delivered,299,1196,2148,,false
489925,2026-07-17T14:07:02,Zone 3,swiggy,delivered,166,444,1388,,false
489732,2026-07-17T14:23:44,Zone 2,zomato,delivered,387,1182,2146,,false
489973,2026-07-17T14:31:53,Zone 3,swiggy,delivered,99,1060,1831,,false
489912,2026-07-17T14:50:56,Zone 1,swiggy,delivered,279,475,1481,,false
489766,2026-07-17T14:55:15,Zone 1,zomato,delivered,531,479,1605,,false
489930,2026-07-17T14:59:54,Zone 3,swiggy,delivered,223,541,1352,,false
489835,2026-07-17T15:02:32,Zone 2,zomato,delivered,561,687,1717,,false
489739,2026-07-17T15:19:56,Zone 2,zomato,delivered,302,515,1461,,false
489867,2026-07-17T15:23:28,Zone 2,zomato,delivered,578,668,1562,,false
489876,2026-07-17T15:48:55,Zone 2,swiggy,delivered,339,993,1790,,false
489750,2026-07-17T16:18:53,Zone 2,zomato,delivered,200,831,2179,,false
489970,2026-07-17T16:37:46,Zone 2,swiggy,delivered,278,1153,1931,,false
489711,2026-07-17T16:38:46,Zone 2,swiggy,delivered,448,1122,1838,,false
489789,2026-07-17T17:30:57,Zone 1,swiggy,delivered,528,591,1361,,false
489868,2026-07-17T17:33:47,Zone 3,swiggy,delivered,170,892,1968,,false
489945,2026-07-17T17:35:30,Zone 3,swiggy,delivered,333,584,1566,,false
489881,2026-07-17T17:48:27,Zone 1,swiggy,delivered,217,815,1658,,false
489964,2026-07-17T18:04:03,Zone 2,zomato,delivered,145,558,1589,,false
489862,2026-07-17T18:14:53,Zone 3,swiggy,delivered,451,792,2075,,false
489728,2026-07-17T18:15:34,Zone 1,zomato,delivered,187,1306,2061,,false
489760,2026-07-17T18:16:22,Zone 1,swiggy,delivered,356,921,2134,,false
489777,2026-07-17T18:32:48,Zone 3,zomato,delivered,414,573,1786,,false
489820,2026-07-17T19:23:19,Zone 1,swiggy,delivered,243,1214,2114,,false
489811,2026-07-17T19:35:20,Zone 3,zomato,delivered,183,768,1660,,false
489907,2026-07-17T19:36:15,Zone 2,zomato,delivered,254,1320,2650,,false
489746,2026-07-17T19:54:36,Zone 2,swiggy,delivered,332,1250,1979,,false
489846,2026-07-17T19:59:20,Zone 1,zomato,delivered,333,818,1600,,false
489710,2026-07-17T20:12:57,Zone 3,swiggy,delivered,427,1216,2494,,false
489815,2026-07-17T20:20:06,Zone 1,swiggy,cancelled,322,934,2057,weather_delay,false
489805,2026-07-17T20:30:15,Zone 1,zomato,delivered,325,756,1918,,false
489827,2026-07-17T20:36:29,Zone 1,zomato,delivered,382,717,1388,,false
489770,2026-07-17T20:48:43,Zone 1,zomato,delivered,520,689,2004,,false
489900,2026-07-17T20:54:32,Zone 1,swiggy,delivered,120,698,1628,,false
489952,2026-07-17T21:01:11,Zone 1,swiggy,delivered,225,503,1612,,false
489755,2026-07-17T21:02:10,Zone 1,swiggy,cancelled,281,1040,1883,address_issue,false
489894,2026-07-17T21:30:19,Zone 2,swiggy,cancelled,158,505,1866,item_unavailable,false
489932,2026-07-17T21:40:44,Zone 2,swiggy,delivered,346,1362,2548,,false
489933,2026-07-17T21:48:22,Zone 3,swiggy,delivered,589,1181,2423,,false
489794,2026-07-17T21:52:14,Zone 1,swiggy,delivered,587,740,1543,,false
489941,2026-07-17T21:52:17,Zone 3,swiggy,delivered,242,947,1643,,false
489869,2026-07-17T21:54:40,Zone 3,swiggy,delivered,348,1332,2039,,false
489882,2026-07-17T22:36:00,Zone 3,zomato,delivered,792,1067,1834,,false
489905,2026-07-17T22:59:44,Zone 2,swiggy,delivered,283,500,1507,,false
489743,2026-07-17T23:19:04,Zone 2,swiggy,delivered,524,952,1993,,false
489923,2026-07-17T23:29:20,Zone 3,swiggy,delivered,664,638,1318,,false
490186,2026-07-18T02:58:06,Zone 2,zomato,delivered,147,642,1827,,false
490003,2026-07-18T05:21:11,Zone 3,swiggy,delivered,135,1046,1708,,false
490175,2026-07-18T06:51:28,Zone 3,swiggy,delivered,392,811,2113,,false
490163,2026-07-18T07:56:26,Zone 3,zomato,delivered,99,809,1960,,false
490089,2026-07-18T07:57:16,Zone 3,swiggy,delivered,477,636,1826,,false
490210,2026-07-18T08:06:01,Zone 1,zomato,delivered,311,1040,2026,,false
490081,2026-07-18T08:11:50,Zone 3,swiggy,delivered,99,1110,1782,,false
490237,2026-07-18T08:21:49,Zone 3,swiggy,delivered,260,814,2004,,false
490190,2026-07-18T09:00:20,Zone 3,zomato,delivered,230,606,1599,,false
489991,2026-07-18T09:48:49,Zone 3,swiggy,delivered,142,1055,2225,,false
490084,2026-07-18T09:56:47,Zone 1,zomato,cancelled,362,904,,customer_cancelled_predispatch,false
490118,2026-07-18T10:05:21,Zone 2,swiggy,delivered,480,679,1449,,false
490112,2026-07-18T10:20:55,Zone 3,swiggy,delivered,243,986,1743,,false
490074,2026-07-18T11:14:50,Zone 2,swiggy,delivered,245,591,1253,,false
490100,2026-07-18T11:20:48,Zone 3,swiggy,delivered,308,734,1741,,false
490134,2026-07-18T11:45:46,Zone 3,swiggy,delivered,121,493,1723,,false
490038,2026-07-18T11:47:46,Zone 3,zomato,cancelled,252,1040,,customer_cancelled_predispatch,false
490198,2026-07-18T11:49:04,Zone 3,swiggy,delivered,145,716,1721,,false
490206,2026-07-18T11:50:18,Zone 3,zomato,delivered,269,1050,1726,,false
490001,2026-07-18T12:03:09,Zone 3,swiggy,delivered,529,621,1725,,false
490153,2026-07-18T12:07:26,Zone 2,zomato,delivered,333,887,1628,,false
490068,2026-07-18T12:37:56,Zone 1,swiggy,delivered,301,540,1377,,false
490158,2026-07-18T12:38:56,Zone 2,swiggy,delivered,319,947,2183,,false
490096,2026-07-18T12:40:19,Zone 3,swiggy,delivered,393,457,1627,,false
490180,2026-07-18T12:47:44,Zone 2,zomato,delivered,368,1244,2048,,false
489990,2026-07-18T13:03:06,Zone 1,swiggy,delivered,543,490,1571,,false
490009,2026-07-18T13:06:14,Zone 2,swiggy,cancelled,311,1153,1960,payment_failed,false
490075,2026-07-18T13:10:39,Zone 3,zomato,delivered,168,567,1510,,false
490202,2026-07-18T13:16:09,Zone 3,zomato,delivered,503,906,1824,,false
490019,2026-07-18T13:29:16,Zone 2,swiggy,delivered,573,550,1600,,false
490228,2026-07-18T13:46:35,Zone 2,zomato,delivered,264,1319,2322,,false
490007,2026-07-18T13:47:52,Zone 3,swiggy,delivered,188,664,1763,,false
490128,2026-07-18T13:51:46,Zone 1,swiggy,delivered,387,870,1688,,false
490169,2026-07-18T14:11:10,Zone 2,swiggy,delivered,504,1198,2314,,false
490168,2026-07-18T14:22:29,Zone 1,swiggy,delivered,222,611,1410,,false
490140,2026-07-18T14:45:39,Zone 3,swiggy,delivered,370,1316,2333,,false
490224,2026-07-18T15:08:00,Zone 3,swiggy,delivered,200,454,1249,,false
490034,2026-07-18T15:28:02,Zone 1,swiggy,cancelled,229,984,,customer_cancelled_predispatch,false
490057,2026-07-18T15:56:06,Zone 3,zomato,delivered,135,1121,2235,,false
490234,2026-07-18T16:03:26,Zone 3,zomato,delivered,336,1202,2016,,false
489995,2026-07-18T16:04:41,Zone 2,swiggy,delivered,99,652,1843,,false
490082,2026-07-18T16:11:14,Zone 1,swiggy,delivered,114,592,1303,,false
490139,2026-07-18T16:41:35,Zone 1,zomato,delivered,693,1113,2454,,false
490047,2026-07-18T16:45:39,Zone 2,swiggy,delivered,475,1198,2508,,false
490024,2026-07-18T17:39:54,Zone 1,swiggy,delivered,105,1020,2323,,false
490125,2026-07-18T17:55:32,Zone 3,swiggy,delivered,230,853,1787,,false
490044,2026-07-18T18:05:07,Zone 1,zomato,delivered,99,1182,2359,,false
490123,2026-07-18T18:05:33,Zone 2,swiggy,delivered,424,629,1831,,false
490060,2026-07-18T18:23:44,Zone 2,swiggy,cancelled,365,563,1907,kitchen_overload,false
490041,2026-07-18T18:24:15,Zone 3,zomato,cancelled,306,971,2285,item_unavailable,false
490070,2026-07-18T19:01:51,Zone 3,swiggy,delivered,141,1365,2374,,false
490062,2026-07-18T19:04:23,Zone 2,swiggy,delivered,288,784,1859,,false
490099,2026-07-18T19:13:46,Zone 2,swiggy,delivered,212,881,1818,,false
490109,2026-07-18T19:23:00,Zone 2,zomato,delivered,553,1021,2352,,false
490071,2026-07-18T19:49:18,Zone 1,zomato,cancelled,168,958,1918,courier_no_show,false
490046,2026-07-18T19:52:15,Zone 3,swiggy,delivered,307,1125,2179,,false
490135,2026-07-18T19:58:03,Zone 1,swiggy,delivered,156,1141,2204,,false
490029,2026-07-18T20:12:25,Zone 3,zomato,delivered,592,1465,2303,,false
490189,2026-07-18T20:24:44,Zone 2,zomato,delivered,211,1100,1967,,false
490220,2026-07-18T20:25:43,Zone 2,swiggy,delivered,305,1319,2283,,false
490092,2026-07-18T20:48:16,Zone 2,swiggy,delivered,671,1379,2322,,false
489999,2026-07-18T20:50:07,Zone 1,swiggy,cancelled,555,959,,customer_cancelled_predispatch,false
490176,2026-07-18T20:56:09,Zone 2,zomato,delivered,601,1309,1962,,false
490126,2026-07-18T21:01:22,Zone 3,zomato,delivered,188,1304,2414,,false
490018,2026-07-18T21:16:30,Zone 2,zomato,delivered,161,1420,2420,,false
490215,2026-07-18T21:18:52,Zone 3,swiggy,cancelled,250,638,1604,item_unavailable,false
489986,2026-07-18T21:26:46,Zone 1,swiggy,delivered,286,495,1478,,false
490051,2026-07-18T21:35:27,Zone 3,swiggy,delivered,378,1028,1831,,false
490194,2026-07-18T21:37:50,Zone 3,swiggy,delivered,315,772,2027,,false
490104,2026-07-18T21:45:51,Zone 3,zomato,delivered,525,1283,1987,,false
490146,2026-07-18T21:58:00,Zone 1,swiggy,delivered,299,972,1638,,false
490179,2026-07-18T22:13:12,Zone 1,zomato,delivered,563,658,1505,,false
490152,2026-07-18T22:35:33,Zone 3,swiggy,delivered,486,1119,1808,,false
490013,2026-07-18T22:37:59,Zone 1,swiggy,delivered,683,1051,2263,,false
490012,2026-07-18T22:52:44,Zone 2,swiggy,delivered,275,524,1398,,false
490108,2026-07-18T22:56:28,Zone 3,swiggy,delivered,394,1164,2219,,false
490121,2026-07-18T23:42:44,Zone 3,zomato,delivered,139,939,2131,,false
490214,2026-07-18T23:48:14,Zone 3,swiggy,delivered,145,1190,2383,,false
490387,2026-07-19T07:45:14,Zone 1,zomato,delivered,136,671,1754,,false
490530,2026-07-19T10:03:59,Zone 3,swiggy,cancelled,239,430,1155,kitchen_overload,false
490318,2026-07-19T10:15:31,Zone 1,swiggy,delivered,244,520,1439,,false
490391,2026-07-19T10:19:53,Zone 1,zomato,delivered,207,951,1616,,false
490245,2026-07-19T10:46:13,Zone 1,swiggy,delivered,148,1064,2170,,false
490337,2026-07-19T11:06:04,Zone 3,zomato,delivered,263,631,1379,,false
490497,2026-07-19T11:07:35,Zone 2,swiggy,delivered,551,787,1441,,false
490486,2026-07-19T11:07:44,Zone 1,zomato,delivered,359,1043,1974,,false
490299,2026-07-19T11:10:15,Zone 1,swiggy,delivered,271,682,1374,,false
490314,2026-07-19T11:37:03,Zone 3,zomato,delivered,279,915,2231,,false
490277,2026-07-19T11:48:31,Zone 2,swiggy,delivered,277,445,1489,,false
490296,2026-07-19T12:02:17,Zone 2,zomato,delivered,372,596,1419,,false
490421,2026-07-19T12:18:11,Zone 3,zomato,delivered,681,890,1610,,false
490238,2026-07-19T12:26:47,Zone 3,swiggy,cancelled,627,690,,customer_cancelled_predispatch,false
490405,2026-07-19T12:27:05,Zone 3,zomato,delivered,633,642,1431,,false
490368,2026-07-19T12:49:40,Zone 3,swiggy,delivered,372,598,1493,,false
490265,2026-07-19T12:53:29,Zone 1,swiggy,delivered,368,1251,2295,,false
490260,2026-07-19T12:57:11,Zone 2,zomato,delivered,363,540,1376,,false
490291,2026-07-19T13:00:26,Zone 2,swiggy,delivered,288,627,1743,,false
490519,2026-07-19T13:14:43,Zone 2,zomato,cancelled,369,1328,2709,courier_no_show,false
490379,2026-07-19T13:36:11,Zone 1,swiggy,delivered,449,628,1306,,false
490382,2026-07-19T14:00:16,Zone 3,swiggy,delivered,369,603,1453,,false
490410,2026-07-19T14:00:41,Zone 1,zomato,delivered,278,1171,2345,,false
490285,2026-07-19T14:13:37,Zone 1,zomato,delivered,372,1086,2118,,false
490433,2026-07-19T14:16:28,Zone 3,swiggy,delivered,265,919,1834,,false
490463,2026-07-19T14:18:15,Zone 2,zomato,delivered,99,642,1479,,false
490455,2026-07-19T14:24:05,Zone 3,zomato,delivered,289,1200,2464,,false
490374,2026-07-19T14:37:48,Zone 3,zomato,delivered,140,1149,1990,,false
490357,2026-07-19T14:39:03,Zone 2,zomato,delivered,422,684,1567,,false
490476,2026-07-19T14:48:13,Zone 2,swiggy,delivered,563,1060,2063,,false
490502,2026-07-19T14:53:19,Zone 1,swiggy,delivered,237,1082,2213,,false
490281,2026-07-19T15:08:53,Zone 3,swiggy,delivered,409,770,1871,,false
490428,2026-07-19T15:17:49,Zone 1,swiggy,delivered,205,1038,2039,,false
490465,2026-07-19T15:32:15,Zone 1,swiggy,delivered,300,1068,2272,,false
490355,2026-07-19T15:40:24,Zone 1,swiggy,delivered,212,881,1779,,false
490325,2026-07-19T15:44:14,Zone 2,swiggy,delivered,283,1099,1972,,false
490482,2026-07-19T16:25:01,Zone 3,zomato,delivered,403,1080,2130,,false
490365,2026-07-19T16:25:50,Zone 1,swiggy,delivered,281,870,1734,,false
490416,2026-07-19T16:29:30,Zone 3,swiggy,cancelled,317,1141,2008,address_issue,false
490450,2026-07-19T16:41:40,Zone 3,swiggy,delivered,307,819,1789,,false
490397,2026-07-19T17:29:31,Zone 1,swiggy,delivered,282,1029,1717,,false
490249,2026-07-19T17:38:07,Zone 1,swiggy,delivered,521,1142,1994,,false
490363,2026-07-19T17:50:22,Zone 2,swiggy,delivered,480,1051,2198,,false
490425,2026-07-19T18:01:05,Zone 2,zomato,delivered,184,466,1508,,false
490339,2026-07-19T18:06:19,Zone 3,swiggy,delivered,622,953,1786,,false
490310,2026-07-19T18:22:36,Zone 3,zomato,delivered,210,1284,2123,,false
490345,2026-07-19T19:08:23,Zone 3,zomato,delivered,175,1001,1829,,false
490261,2026-07-19T19:17:31,Zone 1,swiggy,delivered,655,1329,2624,,false
490242,2026-07-19T19:20:26,Zone 1,swiggy,delivered,378,1162,1923,,false
490509,2026-07-19T19:26:28,Zone 3,zomato,delivered,122,995,1903,,false
490329,2026-07-19T19:32:40,Zone 1,swiggy,delivered,753,1336,2300,,false
490302,2026-07-19T19:46:14,Zone 1,zomato,delivered,630,1261,2110,,false
490471,2026-07-19T19:49:32,Zone 2,swiggy,delivered,252,792,2021,,false
490324,2026-07-19T19:55:17,Zone 1,swiggy,delivered,303,1245,2022,,false
490531,2026-07-19T19:55:54,Zone 2,swiggy,delivered,342,874,2133,,false
490508,2026-07-19T19:56:05,Zone 3,zomato,cancelled,241,1056,2376,courier_no_show,false
490334,2026-07-19T20:01:00,Zone 2,zomato,delivered,680,801,1494,,false
490490,2026-07-19T20:01:26,Zone 1,zomato,delivered,503,649,1772,,false
490263,2026-07-19T20:05:25,Zone 2,zomato,delivered,702,1426,2215,,false
490446,2026-07-19T20:15:20,Zone 2,zomato,cancelled,99,962,1702,kitchen_overload,false
490350,2026-07-19T20:20:44,Zone 3,zomato,delivered,478,788,1783,,false
490456,2026-07-19T20:25:35,Zone 2,swiggy,delivered,443,1302,2352,,false
490438,2026-07-19T20:26:35,Zone 1,zomato,delivered,184,1219,2326,,false
490270,2026-07-19T20:27:15,Zone 1,swiggy,delivered,359,1241,1934,,false
490371,2026-07-19T20:34:11,Zone 3,zomato,delivered,402,1368,2138,,false
490304,2026-07-19T20:39:12,Zone 1,swiggy,delivered,619,649,1304,,false
490518,2026-07-19T20:44:43,Zone 1,zomato,cancelled,153,1345,2808,kitchen_overload,false
490254,2026-07-19T21:25:36,Zone 1,swiggy,cancelled,901,1378,2723,item_unavailable,false
490495,2026-07-19T21:30:12,Zone 2,zomato,delivered,332,1108,2134,,false
490467,2026-07-19T21:35:59,Zone 1,swiggy,delivered,287,1336,2529,,false
490243,2026-07-19T21:37:45,Zone 1,zomato,delivered,223,921,2096,,false
490525,2026-07-19T21:37:58,Zone 3,zomato,delivered,414,466,1658,,false
490275,2026-07-19T21:39:46,Zone 3,zomato,delivered,151,1171,2144,,false
490460,2026-07-19T22:09:28,Zone 3,swiggy,delivered,336,1047,2283,,false
490293,2026-07-19T22:36:53,Zone 2,swiggy,delivered,513,1116,2383,,false
490441,2026-07-19T23:00:38,Zone 1,zomato,delivered,396,997,1711,,false
490512,2026-07-19T23:33:10,Zone 1,zomato,delivered,484,1033,2171,,false
490401,2026-07-19T23:55:08,Zone 1,zomato,delivered,458,407,1381,,false
490659,2026-07-20T00:18:00,Zone 1,zomato,delivered,245,455,1245,,true
490752,2026-07-20T00:28:14,Zone 3,zomato,delivered,557,408,2036,,true
490713,2026-07-20T00:58:24,Zone 2,swiggy,delivered,279,666,1448,,false
490719,2026-07-20T07:46:33,Zone 1,zomato,delivered,99,476,1741,,true
490597,2026-07-20T07:57:04,Zone 1,zomato,delivered,312,1039,2602,,false
490615,2026-07-20T07:59:31,Zone 2,zomato,delivered,392,1115,2581,,true
490626,2026-07-20T09:33:27,Zone 2,swiggy,delivered,412,1177,2659,,false
490691,2026-07-20T09:34:17,Zone 2,swiggy,delivered,282,492,1604,,true
490704,2026-07-20T09:48:04,Zone 2,swiggy,delivered,256,616,1797,,false
490546,2026-07-20T11:59:26,Zone 3,zomato,delivered,205,723,2427,,true
490634,2026-07-20T12:10:04,Zone 3,swiggy,delivered,138,1066,2233,,true
490555,2026-07-20T12:38:01,Zone 1,zomato,delivered,308,620,1871,,false
490594,2026-07-20T12:38:52,Zone 1,swiggy,delivered,192,529,1640,,false
490540,2026-07-20T12:41:29,Zone 1,swiggy,delivered,292,555,2077,,false
490643,2026-07-20T13:19:17,Zone 1,zomato,delivered,324,1182,2680,,false
490742,2026-07-20T13:26:24,Zone 1,zomato,cancelled,291,983,2376,weather_delay,true
490697,2026-07-20T13:29:51,Zone 3,swiggy,delivered,208,1113,3153,,true
490550,2026-07-20T13:33:43,Zone 3,swiggy,cancelled,487,1354,4017,weather_delay,true
490639,2026-07-20T13:39:47,Zone 2,swiggy,delivered,320,504,1433,,true
490630,2026-07-20T13:50:19,Zone 1,zomato,cancelled,319,1278,2714,weather_delay,true
490701,2026-07-20T14:17:18,Zone 3,zomato,delivered,343,1131,3110,,true
490565,2026-07-20T14:17:43,Zone 3,zomato,cancelled,228,895,3315,weather_delay,true
490581,2026-07-20T14:25:04,Zone 3,zomato,delivered,192,985,2958,,true
490708,2026-07-20T14:26:08,Zone 1,swiggy,delivered,345,773,2305,,false
490592,2026-07-20T14:32:29,Zone 2,zomato,delivered,158,592,2091,,false
490561,2026-07-20T14:52:59,Zone 1,zomato,delivered,304,1114,2155,,false
490570,2026-07-20T15:31:15,Zone 2,zomato,delivered,174,503,1596,,false
490609,2026-07-20T17:09:57,Zone 3,swiggy,delivered,388,678,2008,,true
490741,2026-07-20T17:18:56,Zone 3,swiggy,cancelled,652,977,3059,weather_delay,true
490674,2026-07-20T18:00:09,Zone 2,zomato,delivered,441,613,1586,,true
490725,2026-07-20T18:10:03,Zone 1,swiggy,delivered,99,570,2132,,false
490621,2026-07-20T18:52:02,Zone 3,swiggy,delivered,417,1257,2708,,true
490738,2026-07-20T19:44:18,Zone 1,swiggy,delivered,399,1004,2304,,false
490746,2026-07-20T19:48:26,Zone 1,swiggy,delivered,121,498,1439,,false
490586,2026-07-20T19:52:09,Zone 3,zomato,delivered,352,1201,3147,,false
490647,2026-07-20T19:54:49,Zone 1,zomato,delivered,181,809,1904,,false
490670,2026-07-20T20:02:15,Zone 2,zomato,delivered,436,1457,2783,,false
490675,2026-07-20T20:08:12,Zone 3,zomato,delivered,225,1393,3227,,true
490644,2026-07-20T20:20:04,Zone 3,swiggy,delivered,519,1272,3340,,true
490731,2026-07-20T20:36:29,Zone 2,swiggy,cancelled,411,878,1938,courier_no_show,true
490575,2026-07-20T20:38:49,Zone 3,swiggy,delivered,163,1052,3048,,true
490665,2026-07-20T20:38:59,Zone 2,swiggy,delivered,99,868,2284,,false
490611,2026-07-20T20:42:44,Zone 1,swiggy,delivered,455,1004,2473,,false
490544,2026-07-20T21:10:51,Zone 2,swiggy,cancelled,343,695,2412,weather_delay,false
490654,2026-07-20T21:16:17,Zone 3,swiggy,delivered,382,846,2745,,true
490680,2026-07-20T21:31:02,Zone 3,zomato,delivered,103,577,1685,,true
490686,2026-07-20T21:52:44,Zone 3,swiggy,delivered,141,1335,2753,,true
490534,2026-07-20T21:53:33,Zone 3,swiggy,delivered,308,1096,3136,,false
490577,2026-07-20T21:57:11,Zone 3,zomato,delivered,340,1384,2531,,true
490564,2026-07-20T21:57:44,Zone 1,swiggy,delivered,293,541,1683,,false
490603,2026-07-20T22:19:47,Zone 3,zomato,cancelled,473,622,3186,weather_delay,false
490735,2026-07-20T22:22:58,Zone 3,zomato,cancelled,229,1271,3447,weather_delay,true
490648,2026-07-20T23:02:38,Zone 2,swiggy,delivered,259,987,2030,,true
490924,2026-07-21T06:26:59,Zone 1,swiggy,delivered,414,846,1644,,true
490874,2026-07-21T07:04:28,Zone 3,swiggy,delivered,394,591,2155,,true
490922,2026-07-21T09:34:32,Zone 1,swiggy,delivered,266,649,1920,,false
490832,2026-07-21T09:45:35,Zone 3,zomato,delivered,130,480,2098,,true
490764,2026-07-21T10:15:12,Zone 3,swiggy,delivered,358,1160,2676,,true
490753,2026-07-21T10:16:19,Zone 1,zomato,delivered,362,694,2091,,true
490928,2026-07-21T11:10:14,Zone 3,zomato,delivered,562,763,2718,,true
490901,2026-07-21T11:14:06,Zone 3,zomato,delivered,344,914,2045,,true
490867,2026-07-21T11:30:27,Zone 1,swiggy,delivered,256,751,1637,,false
490947,2026-07-21T11:37:25,Zone 1,swiggy,delivered,619,862,1720,,false
490774,2026-07-21T11:38:23,Zone 2,swiggy,delivered,170,988,2333,,false
490783,2026-07-21T11:43:11,Zone 2,swiggy,delivered,123,596,1802,,false
490801,2026-07-21T12:23:03,Zone 2,swiggy,delivered,183,733,1579,,false
490881,2026-07-21T12:42:37,Zone 2,swiggy,delivered,385,1256,2778,,true
490793,2026-07-21T12:43:09,Zone 3,swiggy,delivered,521,908,2152,,true
490756,2026-07-21T12:43:51,Zone 3,zomato,delivered,115,565,1659,,true
490888,2026-07-21T12:48:49,Zone 3,swiggy,delivered,249,1335,3077,,false
490777,2026-07-21T12:55:25,Zone 1,swiggy,delivered,165,603,2049,,false
490787,2026-07-21T13:13:19,Zone 3,zomato,cancelled,427,772,2295,kitchen_overload,true
490833,2026-07-21T13:16:01,Zone 3,swiggy,cancelled,482,1302,3531,weather_delay,true
490905,2026-07-21T13:32:57,Zone 3,zomato,delivered,465,944,2092,,true
490880,2026-07-21T14:11:02,Zone 2,swiggy,delivered,345,984,2382,,false
490864,2026-07-21T14:17:21,Zone 3,swiggy,delivered,252,1235,3318,,true
490941,2026-07-21T14:35:13,Zone 1,swiggy,delivered,340,1299,2407,,false
490791,2026-07-21T14:58:59,Zone 2,zomato,cancelled,126,636,1856,courier_no_show,false
490935,2026-07-21T15:31:20,Zone 1,swiggy,cancelled,678,910,2052,weather_delay,false
490956,2026-07-21T16:58:25,Zone 3,zomato,delivered,372,1028,2192,,true
490920,2026-07-21T17:06:54,Zone 1,swiggy,delivered,138,1082,2523,,false
490936,2026-07-21T17:22:37,Zone 2,zomato,delivered,241,913,2014,,false
490815,2026-07-21T17:22:40,Zone 3,zomato,delivered,471,779,2313,,false
490811,2026-07-21T17:27:29,Zone 1,zomato,cancelled,829,417,,customer_cancelled_predispatch,true
490817,2026-07-21T18:06:33,Zone 3,zomato,delivered,320,909,2999,,true
490860,2026-07-21T18:36:56,Zone 2,swiggy,delivered,145,1226,2572,,true
490958,2026-07-21T18:57:14,Zone 1,zomato,delivered,619,967,1781,,false
490837,2026-07-21T18:58:19,Zone 1,zomato,delivered,179,838,2024,,false
490827,2026-07-21T19:09:52,Zone 3,swiggy,delivered,164,1045,2163,,true
490871,2026-07-21T19:22:04,Zone 2,swiggy,cancelled,185,766,2330,weather_delay,true
490761,2026-07-21T19:33:40,Zone 2,swiggy,delivered,240,1035,2134,,false
490910,2026-07-21T19:50:41,Zone 3,zomato,delivered,230,626,1872,,true
490896,2026-07-21T20:02:51,Zone 3,swiggy,delivered,338,1356,3280,,true
490770,2026-07-21T20:15:47,Zone 2,swiggy,delivered,349,492,1738,,false
490823,2026-07-21T20:16:38,Zone 2,swiggy,delivered,703,500,1861,,false
490858,2026-07-21T20:24:12,Zone 2,zomato,delivered,635,687,1504,,false
490852,2026-07-21T20:36:38,Zone 3,zomato,delivered,494,914,2214,,true
490932,2026-07-21T20:40:40,Zone 1,zomato,delivered,312,809,2108,,true
490847,2026-07-21T21:04:24,Zone 1,zomato,delivered,197,1015,2046,,false
490884,2026-07-21T21:08:53,Zone 2,swiggy,cancelled,201,723,1688,weather_delay,true
490894,2026-07-21T21:37:53,Zone 3,swiggy,delivered,296,1055,2768,,true
490807,2026-07-21T21:40:30,Zone 1,swiggy,delivered,227,1295,2703,,false
490842,2026-07-21T21:49:32,Zone 1,zomato,delivered,340,927,2158,,true
490873,2026-07-21T22:00:09,Zone 1,swiggy,delivered,293,636,1803,,false
490782,2026-07-21T22:24:39,Zone 3,swiggy,delivered,455,903,2063,,true
490799,2026-07-21T22:26:56,Zone 2,zomato,delivered,283,853,1998,,false
490952,2026-07-21T22:41:50,Zone 2,swiggy,delivered,503,548,1865,,false
490916,2026-07-21T23:27:01,Zone 2,zomato,delivered,394,768,1787,,false
491016,2026-07-22T00:00:10,Zone 1,zomato,delivered,284,854,2128,,false
490962,2026-07-22T07:31:20,Zone 2,swiggy,delivered,337,557,1444,,false
490999,2026-07-22T07:36:53,Zone 2,swiggy,delivered,451,509,1318,,false
491044,2026-07-22T08:37:50,Zone 3,zomato,delivered,716,678,1776,,false
491131,2026-07-22T09:30:05,Zone 2,zomato,delivered,446,555,1857,,false
491117,2026-07-22T09:44:11,Zone 3,swiggy,delivered,564,449,1727,,false
491019,2026-07-22T09:50:48,Zone 3,zomato,delivered,276,968,2012,,false
491033,2026-07-22T10:43:44,Zone 1,zomato,delivered,101,559,1505,,false
490992,2026-07-22T11:20:30,Zone 3,swiggy,delivered,201,891,1858,,false
491107,2026-07-22T12:11:47,Zone 3,zomato,delivered,264,872,1960,,false
490975,2026-07-22T12:17:45,Zone 1,swiggy,delivered,149,510,1826,,false
491036,2026-07-22T12:26:31,Zone 2,swiggy,delivered,315,518,1381,,false
491050,2026-07-22T13:11:47,Zone 2,zomato,delivered,524,741,2004,,false
491134,2026-07-22T13:13:42,Zone 2,swiggy,delivered,490,1017,1738,,false
491005,2026-07-22T13:24:54,Zone 2,swiggy,delivered,396,702,1624,,false
491106,2026-07-22T13:32:25,Zone 3,swiggy,delivered,301,631,1582,,false
490972,2026-07-22T13:40:02,Zone 3,swiggy,delivered,161,922,2186,,false
490982,2026-07-22T13:48:25,Zone 2,zomato,delivered,370,1299,2325,,false
491103,2026-07-22T14:07:50,Zone 1,zomato,delivered,221,807,1545,,false
491055,2026-07-22T14:09:11,Zone 3,swiggy,delivered,215,664,1579,,false
491124,2026-07-22T14:15:25,Zone 3,swiggy,delivered,677,1289,2215,,false
491041,2026-07-22T14:56:19,Zone 3,swiggy,delivered,113,658,1574,,false
491082,2026-07-22T15:03:26,Zone 2,zomato,delivered,170,872,2169,,false
491047,2026-07-22T16:28:24,Zone 3,swiggy,delivered,107,1092,2312,,false
491076,2026-07-22T16:35:04,Zone 2,swiggy,delivered,426,655,1536,,false
491064,2026-07-22T17:29:37,Zone 1,swiggy,delivered,438,892,1851,,false
490990,2026-07-22T18:18:01,Zone 3,swiggy,cancelled,631,1150,,customer_cancelled_predispatch,false
491129,2026-07-22T18:21:47,Zone 1,swiggy,delivered,770,773,1529,,false
491014,2026-07-22T18:34:18,Zone 1,zomato,delivered,226,1251,1946,,false
490966,2026-07-22T19:00:51,Zone 2,zomato,delivered,507,1111,1831,,false
491069,2026-07-22T19:27:06,Zone 1,zomato,delivered,551,530,1555,,false
490977,2026-07-22T19:44:06,Zone 3,zomato,delivered,537,665,1626,,false
491022,2026-07-22T19:51:28,Zone 1,zomato,delivered,375,594,1709,,false
491091,2026-07-22T20:01:25,Zone 2,swiggy,delivered,130,1074,1791,,false
491061,2026-07-22T20:05:23,Zone 2,zomato,delivered,196,600,1662,,false
491139,2026-07-22T20:09:18,Zone 2,zomato,delivered,390,1244,1948,,false
491028,2026-07-22T20:11:07,Zone 3,swiggy,delivered,305,1232,2172,,false
491084,2026-07-22T20:23:16,Zone 3,swiggy,delivered,284,681,1683,,false
491127,2026-07-22T20:42:14,Zone 1,zomato,delivered,439,613,1799,,false
491039,2026-07-22T21:07:17,Zone 1,swiggy,delivered,217,525,1452,,false
491101,2026-07-22T21:07:48,Zone 1,swiggy,delivered,207,683,1460,,false
490988,2026-07-22T21:09:14,Zone 3,zomato,delivered,397,955,2288,,false
491113,2026-07-22T21:15:17,Zone 2,zomato,delivered,265,1259,2493,,false
491093,2026-07-22T21:27:57,Zone 1,zomato,cancelled,168,596,1482,restaurant_rejected,false
491087,2026-07-22T21:41:44,Zone 3,swiggy,delivered,251,626,1343,,false
491031,2026-07-22T22:00:08,Zone 3,zomato,delivered,231,1245,2489,,false
491071,2026-07-22T22:05:19,Zone 2,swiggy,delivered,297,581,1791,,false
491119,2026-07-22T22:23:50,Zone 3,swiggy,delivered,392,695,1893,,false
490998,2026-07-22T22:38:58,Zone 3,zomato,delivered,212,1280,2076,,false
491008,2026-07-22T22:58:13,Zone 1,swiggy,delivered,314,586,1756,,false
491099,2026-07-22T23:08:11,Zone 1,swiggy,delivered,168,1175,2355,,false
491023,2026-07-22T23:12:49,Zone 3,swiggy,cancelled,625,1152,2320,restaurant_closed_early,false
491189,2026-07-23T02:18:37,Zone 3,zomato,delivered,617,1048,1725,,false
491243,2026-07-23T07:18:54,Zone 3,swiggy,delivered,207,677,2000,,false
491262,2026-07-23T08:57:19,Zone 2,zomato,delivered,457,634,1894,,false
491237,2026-07-23T09:09:24,Zone 1,zomato,cancelled,284,706,,customer_cancelled_predispatch,false
491263,2026-07-23T10:48:32,Zone 3,swiggy,delivered,313,757,1847,,false
491218,2026-07-23T12:22:21,Zone 3,swiggy,cancelled,415,1279,2205,kitchen_overload,false
491256,2026-07-23T12:56:50,Zone 3,zomato,delivered,260,1242,2028,,false
491282,2026-07-23T13:22:58,Zone 3,zomato,delivered,242,986,2039,,false
491233,2026-07-23T13:42:58,Zone 1,swiggy,delivered,330,1279,2376,,false
491183,2026-07-23T13:46:03,Zone 3,swiggy,delivered,204,705,1428,,false
491157,2026-07-23T13:50:12,Zone 3,zomato,delivered,301,1079,2253,,false
491250,2026-07-23T13:51:48,Zone 2,swiggy,delivered,99,649,1384,,false
491144,2026-07-23T14:14:43,Zone 1,swiggy,cancelled,523,1061,,customer_cancelled_predispatch,false
491172,2026-07-23T14:56:35,Zone 1,swiggy,delivered,152,787,1987,,false
491152,2026-07-23T15:30:35,Zone 1,zomato,delivered,276,569,1305,,false
491146,2026-07-23T17:13:30,Zone 2,swiggy,delivered,181,409,1434,,false
491193,2026-07-23T17:53:56,Zone 3,zomato,delivered,284,433,1696,,false
491178,2026-07-23T18:07:25,Zone 1,zomato,delivered,495,635,1436,,false
491269,2026-07-23T18:11:05,Zone 2,zomato,delivered,386,626,1963,,false
491203,2026-07-23T18:13:58,Zone 2,swiggy,delivered,449,868,1613,,false
491275,2026-07-23T18:45:01,Zone 3,swiggy,delivered,372,559,1671,,false
491170,2026-07-23T19:11:41,Zone 3,swiggy,delivered,237,1074,2195,,false
491195,2026-07-23T19:15:18,Zone 1,zomato,delivered,197,1193,2230,,false
491207,2026-07-23T19:18:05,Zone 1,swiggy,delivered,166,1148,2223,,false
491229,2026-07-23T19:32:36,Zone 1,swiggy,delivered,269,1082,2035,,false
491261,2026-07-23T19:59:42,Zone 3,zomato,cancelled,103,981,1695,weather_delay,false
491224,2026-07-23T20:04:59,Zone 2,swiggy,delivered,451,1011,1959,,false
491216,2026-07-23T20:05:58,Zone 1,swiggy,delivered,378,1147,2082,,false
491206,2026-07-23T20:37:43,Zone 3,zomato,delivered,311,647,1686,,false
491166,2026-07-23T20:37:55,Zone 2,swiggy,delivered,204,748,1454,,false
491278,2026-07-23T20:45:28,Zone 3,zomato,delivered,575,1061,1943,,false
491287,2026-07-23T20:53:26,Zone 3,zomato,delivered,110,1379,2590,,false
491198,2026-07-23T21:03:13,Zone 1,swiggy,delivered,444,1107,2414,,false
491249,2026-07-23T21:16:02,Zone 2,zomato,delivered,1153,859,1550,,false
491255,2026-07-23T21:33:12,Zone 3,zomato,delivered,141,995,2207,,false
491252,2026-07-23T21:42:10,Zone 1,zomato,delivered,188,736,1716,,false
491182,2026-07-23T22:26:53,Zone 3,swiggy,cancelled,436,519,1857,item_unavailable,false
491258,2026-07-23T22:28:59,Zone 1,zomato,delivered,376,437,1289,,false
491212,2026-07-23T23:30:54,Zone 2,swiggy,cancelled,128,1178,2119,kitchen_overload,false
491161,2026-07-23T23:40:10,Zone 3,swiggy,delivered,491,1058,2030,,false
491213,2026-07-23T23:42:24,Zone 3,zomato,delivered,183,492,1176,,false
491298,2026-07-24T00:02:17,Zone 2,swiggy,delivered,152,553,1623,,false
491396,2026-07-24T00:58:22,Zone 3,swiggy,delivered,415,521,1542,,false
491288,2026-07-24T05:04:46,Zone 2,swiggy,delivered,215,568,1248,,false
491345,2026-07-24T06:36:10,Zone 1,zomato,cancelled,249,680,1428,restaurant_closed_early,false
491511,2026-07-24T06:44:18,Zone 3,swiggy,delivered,503,971,1679,,false
491501,2026-07-24T06:45:23,Zone 1,zomato,delivered,232,884,1789,,false
491314,2026-07-24T07:34:49,Zone 1,swiggy,delivered,290,419,1519,,false
491470,2026-07-24T07:43:21,Zone 3,zomato,cancelled,294,1062,1924,address_issue,false
491357,2026-07-24T07:47:15,Zone 3,zomato,delivered,217,823,2085,,false
491530,2026-07-24T09:16:24,Zone 3,zomato,delivered,821,709,1941,,false
491402,2026-07-24T09:28:35,Zone 3,zomato,delivered,194,1110,2409,,false
491306,2026-07-24T09:40:34,Zone 2,swiggy,delivered,231,509,1288,,false
491346,2026-07-24T10:04:43,Zone 2,zomato,delivered,432,702,1795,,false
491459,2026-07-24T11:04:30,Zone 3,zomato,delivered,254,578,1478,,false
491472,2026-07-24T11:32:21,Zone 1,zomato,delivered,187,764,1867,,false
491336,2026-07-24T12:00:50,Zone 1,swiggy,delivered,497,1020,2314,,false
491295,2026-07-24T12:01:32,Zone 1,zomato,delivered,390,1019,1858,,false
491475,2026-07-24T12:04:40,Zone 3,zomato,delivered,180,931,1880,,false
491348,2026-07-24T12:15:08,Zone 1,swiggy,delivered,347,517,1740,,false
491528,2026-07-24T12:18:32,Zone 3,swiggy,delivered,719,551,1531,,false
491324,2026-07-24T12:21:24,Zone 3,swiggy,delivered,324,793,1659,,false
491318,2026-07-24T12:39:14,Zone 2,swiggy,delivered,99,1052,1966,,false
491420,2026-07-24T12:54:28,Zone 2,swiggy,delivered,533,1357,2291,,false
491367,2026-07-24T13:13:58,Zone 1,swiggy,delivered,521,494,1391,,false
491302,2026-07-24T13:21:20,Zone 1,zomato,delivered,593,827,1592,,false
491444,2026-07-24T13:24:57,Zone 2,zomato,delivered,401,957,1824,,false
491446,2026-07-24T13:32:03,Zone 1,zomato,delivered,148,1355,2318,,false
491292,2026-07-24T14:09:28,Zone 1,swiggy,delivered,421,965,1713,,false
491499,2026-07-24T14:29:26,Zone 1,zomato,delivered,433,648,1484,,false
491309,2026-07-24T14:34:59,Zone 3,swiggy,delivered,215,802,1784,,false
491523,2026-07-24T14:35:36,Zone 1,swiggy,delivered,313,846,2094,,false
491304,2026-07-24T15:15:48,Zone 1,swiggy,delivered,539,637,1443,,false
491362,2026-07-24T16:34:45,Zone 1,zomato,delivered,198,730,1998,,false
491451,2026-07-24T16:52:28,Zone 1,swiggy,delivered,703,928,2002,,false
491297,2026-07-24T16:53:31,Zone 2,zomato,delivered,190,1127,1988,,false
491353,2026-07-24T17:18:41,Zone 2,swiggy,delivered,327,1111,1896,,false
491537,2026-07-24T17:19:25,Zone 2,zomato,delivered,376,1006,1859,,false
491439,2026-07-24T17:32:36,Zone 3,zomato,cancelled,234,457,,customer_cancelled_predispatch,false
491390,2026-07-24T18:13:16,Zone 3,zomato,delivered,129,696,1806,,false
491463,2026-07-24T18:37:22,Zone 2,zomato,delivered,350,1271,2326,,false
491465,2026-07-24T18:48:32,Zone 1,swiggy,delivered,418,1230,2115,,false
491376,2026-07-24T19:26:16,Zone 2,swiggy,delivered,294,1262,2408,,false
491340,2026-07-24T19:31:27,Zone 3,swiggy,delivered,259,1101,1798,,false
491453,2026-07-24T19:41:45,Zone 2,swiggy,delivered,142,1372,2581,,false
491432,2026-07-24T19:48:55,Zone 3,zomato,delivered,271,1412,2116,,false
491408,2026-07-24T19:54:55,Zone 2,swiggy,delivered,125,1242,2467,,false
491359,2026-07-24T20:04:13,Zone 1,swiggy,delivered,417,866,1605,,false
491486,2026-07-24T20:14:35,Zone 3,zomato,delivered,537,1405,2136,,false
491403,2026-07-24T20:17:20,Zone 3,swiggy,delivered,282,498,1589,,false
491369,2026-07-24T20:25:18,Zone 2,zomato,delivered,674,854,1845,,false
491496,2026-07-24T20:27:59,Zone 3,zomato,delivered,316,1195,2385,,false
491326,2026-07-24T20:37:39,Zone 1,swiggy,delivered,521,1462,2276,,false
491507,2026-07-24T20:39:12,Zone 1,zomato,delivered,369,730,1389,,false
491426,2026-07-24T20:40:05,Zone 1,swiggy,delivered,255,1092,2046,,false
491380,2026-07-24T21:01:19,Zone 2,swiggy,delivered,275,1286,2407,,false
491532,2026-07-24T21:01:56,Zone 1,zomato,delivered,325,1093,1845,,false
491392,2026-07-24T21:11:09,Zone 1,swiggy,delivered,353,1359,2520,,false
491433,2026-07-24T21:18:25,Zone 2,zomato,cancelled,343,1142,2015,address_issue,false
491488,2026-07-24T21:32:18,Zone 1,zomato,cancelled,318,838,1545,kitchen_overload,false
491307,2026-07-24T21:39:38,Zone 2,swiggy,delivered,238,598,1459,,false
491384,2026-07-24T21:49:08,Zone 3,zomato,delivered,187,1172,2252,,false
491414,2026-07-24T21:57:56,Zone 3,swiggy,delivered,568,1296,2641,,false
491480,2026-07-24T22:00:51,Zone 2,swiggy,delivered,360,1213,2310,,false
491517,2026-07-24T22:02:47,Zone 1,swiggy,cancelled,454,800,,customer_cancelled_predispatch,false
491431,2026-07-24T22:08:01,Zone 3,zomato,delivered,231,476,1228,,false
491489,2026-07-24T22:09:04,Zone 3,zomato,delivered,231,1027,2299,,false
491495,2026-07-24T22:22:47,Zone 2,zomato,delivered,420,513,1813,,false
491330,2026-07-24T22:41:40,Zone 2,zomato,delivered,509,763,1615,,false
491311,2026-07-24T23:00:25,Zone 3,zomato,delivered,492,493,1253,,false
491458,2026-07-24T23:07:05,Zone 2,zomato,delivered,276,992,2107,,false
491371,2026-07-24T23:20:22,Zone 3,zomato,delivered,322,941,2117,,false
491544,2026-07-25T06:05:37,Zone 2,swiggy,delivered,201,1039,2145,,false
491608,2026-07-25T07:04:58,Zone 3,swiggy,delivered,319,829,1576,,false
491615,2026-07-25T07:55:41,Zone 3,swiggy,delivered,382,846,1862,,false
491581,2026-07-25T09:51:31,Zone 2,zomato,delivered,332,1101,2123,,false
491621,2026-07-25T10:46:56,Zone 2,swiggy,delivered,407,895,1665,,false
491602,2026-07-25T11:20:38,Zone 2,swiggy,delivered,600,713,1380,,false
491667,2026-07-25T11:29:38,Zone 3,zomato,delivered,436,1031,2264,,false
491641,2026-07-25T12:21:46,Zone 1,zomato,delivered,724,1065,2364,,false
491710,2026-07-25T12:39:38,Zone 3,swiggy,delivered,325,762,1917,,false
491558,2026-07-25T12:44:17,Zone 2,zomato,delivered,380,1084,1895,,false
491717,2026-07-25T12:50:14,Zone 3,swiggy,delivered,100,1239,2093,,false
491664,2026-07-25T12:59:01,Zone 2,swiggy,delivered,190,740,2009,,false
491673,2026-07-25T13:05:51,Zone 3,swiggy,delivered,169,1016,2274,,false
491692,2026-07-25T13:22:20,Zone 1,swiggy,delivered,99,595,1837,,false
491677,2026-07-25T14:11:56,Zone 3,swiggy,delivered,297,1251,2142,,false
491696,2026-07-25T14:12:15,Zone 1,swiggy,delivered,608,1037,1949,,false
491653,2026-07-25T14:30:00,Zone 3,swiggy,delivered,178,804,1847,,false
491628,2026-07-25T14:56:02,Zone 3,swiggy,delivered,195,1167,2450,,false
491707,2026-07-25T15:10:00,Zone 2,swiggy,delivered,364,1080,2283,,false
491702,2026-07-25T15:46:48,Zone 1,swiggy,delivered,293,829,2027,,false
491619,2026-07-25T15:53:56,Zone 2,swiggy,delivered,111,412,1199,,false
491644,2026-07-25T17:42:47,Zone 2,zomato,delivered,359,957,2065,,false
491557,2026-07-25T18:33:07,Zone 1,zomato,delivered,626,470,1808,,false
491631,2026-07-25T19:27:08,Zone 3,zomato,delivered,267,1241,2587,,false
491598,2026-07-25T19:29:18,Zone 2,zomato,delivered,361,786,1772,,false
491681,2026-07-25T19:33:23,Zone 1,swiggy,delivered,459,756,1588,,false
491656,2026-07-25T19:41:16,Zone 1,zomato,delivered,296,799,1698,,false
491640,2026-07-25T19:58:31,Zone 1,swiggy,delivered,745,823,2131,,false
491575,2026-07-25T20:00:55,Zone 2,zomato,delivered,383,776,1816,,false
491627,2026-07-25T20:01:25,Zone 2,swiggy,delivered,622,697,1740,,false
491686,2026-07-25T20:02:51,Zone 3,zomato,delivered,371,564,1860,,false
491566,2026-07-25T20:05:08,Zone 3,swiggy,delivered,124,1350,2546,,false
491587,2026-07-25T20:10:29,Zone 1,swiggy,delivered,293,1000,1658,,false
491593,2026-07-25T20:12:28,Zone 2,zomato,delivered,191,1088,2114,,false
491637,2026-07-25T20:20:31,Zone 1,zomato,delivered,230,1149,2430,,false
491659,2026-07-25T20:50:19,Zone 3,swiggy,delivered,464,1017,1783,,false
491550,2026-07-25T20:56:41,Zone 3,zomato,delivered,248,1141,2210,,false
491551,2026-07-25T20:57:12,Zone 1,swiggy,delivered,466,1012,1826,,false
491661,2026-07-25T21:03:29,Zone 1,zomato,delivered,499,1007,1970,,false
491583,2026-07-25T21:13:26,Zone 2,swiggy,delivered,421,549,1814,,false
491570,2026-07-25T21:16:49,Zone 3,zomato,delivered,139,1116,2238,,false
491712,2026-07-25T21:34:09,Zone 3,zomato,delivered,290,1233,2550,,false
491543,2026-07-25T21:44:56,Zone 3,swiggy,delivered,351,548,1462,,false
491663,2026-07-25T22:31:58,Zone 3,zomato,delivered,227,735,1865,,false
491648,2026-07-25T22:40:10,Zone 3,swiggy,delivered,336,456,1429,,false
491564,2026-07-25T22:45:14,Zone 2,swiggy,delivered,216,581,1248,,false
491612,2026-07-25T22:55:22,Zone 2,swiggy,delivered,344,531,1549,,false
491577,2026-07-25T23:47:19,Zone 3,zomato,delivered,315,1096,2276,,false
491719,2026-07-26T08:23:38,Zone 2,swiggy,delivered,186,478,1458,,false
491805,2026-07-26T08:46:08,Zone 3,zomato,cancelled,502,698,1711,courier_no_show,false
491837,2026-07-26T09:07:28,Zone 2,zomato,delivered,282,1067,2031,,false
491812,2026-07-26T09:11:18,Zone 1,zomato,cancelled,200,608,,customer_cancelled_predispatch,false
491739,2026-07-26T10:43:59,Zone 2,swiggy,delivered,524,443,1693,,false
491774,2026-07-26T10:49:40,Zone 1,zomato,cancelled,213,929,2012,weather_delay,false
491770,2026-07-26T11:06:15,Zone 3,swiggy,cancelled,512,977,1986,restaurant_closed_early,false
491892,2026-07-26T11:10:47,Zone 1,zomato,delivered,680,597,1535,,false
491897,2026-07-26T11:48:35,Zone 1,zomato,delivered,99,609,1516,,false
491729,2026-07-26T12:05:33,Zone 1,swiggy,delivered,298,660,1931,,false
491775,2026-07-26T12:24:38,Zone 2,swiggy,delivered,452,848,1528,,false
491875,2026-07-26T12:40:09,Zone 3,zomato,delivered,380,750,1447,,false
491887,2026-07-26T12:41:48,Zone 2,swiggy,delivered,124,1344,2648,,false
491879,2026-07-26T12:51:02,Zone 3,swiggy,delivered,364,690,1846,,false
491867,2026-07-26T12:58:07,Zone 1,zomato,delivered,341,485,1352,,false
491764,2026-07-26T13:04:34,Zone 3,swiggy,delivered,293,508,1739,,false
491816,2026-07-26T13:34:36,Zone 2,zomato,cancelled,353,686,1775,item_unavailable,false
491851,2026-07-26T13:55:15,Zone 3,swiggy,delivered,143,1403,2300,,false
491845,2026-07-26T13:59:55,Zone 1,swiggy,delivered,231,1221,2120,,false
491781,2026-07-26T14:05:16,Zone 3,zomato,delivered,307,679,1885,,false
491755,2026-07-26T14:12:03,Zone 1,swiggy,delivered,163,1104,2146,,false
491758,2026-07-26T14:15:41,Zone 1,zomato,delivered,463,804,1930,,false
491906,2026-07-26T14:17:00,Zone 3,swiggy,delivered,244,995,1690,,false
491807,2026-07-26T14:31:27,Zone 3,swiggy,delivered,552,524,1612,,false
491752,2026-07-26T14:36:32,Zone 2,swiggy,delivered,407,971,2131,,false
491873,2026-07-26T14:52:55,Zone 3,zomato,delivered,352,575,1924,,false
491889,2026-07-26T15:30:44,Zone 1,zomato,delivered,453,977,1720,,false
491885,2026-07-26T17:47:21,Zone 1,zomato,delivered,444,1141,2116,,false
491800,2026-07-26T17:48:09,Zone 1,swiggy,delivered,150,1043,2236,,false
491741,2026-07-26T17:53:27,Zone 3,swiggy,delivered,114,596,1356,,false
491803,2026-07-26T18:01:23,Zone 2,swiggy,delivered,195,894,2120,,false
491757,2026-07-26T18:02:56,Zone 3,swiggy,delivered,259,955,1922,,false
491746,2026-07-26T18:15:25,Zone 3,zomato,delivered,301,815,2006,,false
491880,2026-07-26T18:20:14,Zone 1,swiggy,delivered,113,1221,2289,,false
491871,2026-07-26T19:03:15,Zone 3,zomato,delivered,490,1225,2114,,false
491765,2026-07-26T19:28:11,Zone 1,zomato,delivered,146,836,1703,,false
491820,2026-07-26T19:41:14,Zone 3,zomato,delivered,133,1418,2169,,false
491843,2026-07-26T19:50:53,Zone 2,swiggy,delivered,367,1036,2106,,false
491735,2026-07-26T19:54:10,Zone 3,swiggy,delivered,157,783,1911,,false
491886,2026-07-26T19:58:46,Zone 2,zomato,delivered,383,576,1769,,false
491901,2026-07-26T20:19:28,Zone 2,zomato,delivered,140,1000,2336,,false
491723,2026-07-26T20:28:24,Zone 1,zomato,delivered,152,1076,2166,,false
491850,2026-07-26T20:35:39,Zone 3,zomato,delivered,131,1286,2542,,false
491792,2026-07-26T20:39:16,Zone 1,swiggy,delivered,267,628,1515,,false
491786,2026-07-26T20:42:34,Zone 2,swiggy,delivered,308,567,1764,,false
491831,2026-07-26T20:43:09,Zone 1,swiggy,delivered,183,766,1551,,false
491878,2026-07-26T20:57:53,Zone 3,zomato,delivered,729,592,1370,,false
491861,2026-07-26T21:13:33,Zone 3,zomato,delivered,343,1132,1927,,false
491865,2026-07-26T21:31:04,Zone 3,swiggy,delivered,540,575,1914,,false
491796,2026-07-26T21:38:11,Zone 2,swiggy,delivered,299,1240,2363,,false
491855,2026-07-26T21:47:55,Zone 1,zomato,delivered,385,1338,2050,,false
491894,2026-07-26T22:11:46,Zone 2,swiggy,delivered,99,518,1371,,false
491826,2026-07-26T22:38:07,Zone 2,swiggy,cancelled,117,627,1367,weather_delay,false
492036,2026-07-27T04:02:16,Zone 1,zomato,delivered,477,797,1700,,false
491972,2026-07-27T05:21:50,Zone 2,zomato,cancelled,534,620,1920,address_issue,false
491923,2026-07-27T05:39:50,Zone 3,swiggy,cancelled,232,475,1317,courier_no_show,false
492053,2026-07-27T05:41:39,Zone 1,swiggy,delivered,211,909,1689,,false
492055,2026-07-27T08:04:13,Zone 2,swiggy,delivered,243,1090,2154,,false
492076,2026-07-27T09:13:58,Zone 1,zomato,delivered,271,1162,2035,,false
492061,2026-07-27T09:29:46,Zone 2,swiggy,cancelled,307,1067,1977,courier_no_show,false
491929,2026-07-27T09:47:33,Zone 2,zomato,delivered,474,1025,1877,,false
492073,2026-07-27T09:58:47,Zone 3,zomato,delivered,288,1097,1814,,false
492067,2026-07-27T09:59:57,Zone 3,swiggy,delivered,465,785,1685,,false
491983,2026-07-27T11:24:55,Zone 2,zomato,delivered,398,613,1664,,false
492019,2026-07-27T11:55:30,Zone 2,swiggy,cancelled,378,654,1967,restaurant_closed_early,false
491995,2026-07-27T12:20:26,Zone 1,swiggy,delivered,292,1081,2148,,false
491944,2026-07-27T13:06:53,Zone 2,swiggy,cancelled,308,965,2304,restaurant_closed_early,false
491949,2026-07-27T13:08:35,Zone 3,swiggy,delivered,229,1162,2279,,false
491977,2026-07-27T13:11:50,Zone 2,swiggy,delivered,450,1325,2062,,false
492046,2026-07-27T13:13:47,Zone 3,swiggy,delivered,294,758,2054,,false
491921,2026-07-27T13:14:34,Zone 1,swiggy,delivered,594,983,2059,,false
492014,2026-07-27T13:18:41,Zone 3,zomato,delivered,458,804,1979,,false
491961,2026-07-27T13:45:59,Zone 1,swiggy,cancelled,586,1161,2295,courier_no_show,false
491931,2026-07-27T13:46:35,Zone 2,zomato,delivered,165,485,1373,,false
491940,2026-07-27T13:58:30,Zone 3,swiggy,delivered,294,1300,2179,,false
491993,2026-07-27T13:58:32,Zone 1,zomato,delivered,454,966,1650,,false
492042,2026-07-27T14:05:38,Zone 3,swiggy,cancelled,375,719,1965,item_unavailable,false
492054,2026-07-27T14:18:54,Zone 1,zomato,delivered,432,816,1513,,false
492029,2026-07-27T14:22:46,Zone 1,zomato,delivered,466,909,1792,,false
491999,2026-07-27T14:49:38,Zone 3,zomato,delivered,211,1043,1849,,false
492003,2026-07-27T15:26:05,Zone 3,zomato,delivered,109,1085,1946,,false
491912,2026-07-27T16:20:19,Zone 1,zomato,delivered,394,1065,1768,,false
491962,2026-07-27T17:01:43,Zone 2,zomato,delivered,223,975,2111,,false
491953,2026-07-27T17:27:27,Zone 2,zomato,delivered,222,990,2237,,false
492050,2026-07-27T17:48:41,Zone 2,zomato,delivered,232,892,1998,,false
492012,2026-07-27T17:57:58,Zone 3,zomato,delivered,563,819,1731,,false
491917,2026-07-27T19:11:15,Zone 2,swiggy,delivered,371,883,1651,,false
492024,2026-07-27T19:13:03,Zone 2,zomato,delivered,407,1298,2505,,false
492032,2026-07-27T19:23:15,Zone 3,zomato,delivered,287,1084,2204,,false
491957,2026-07-27T19:55:55,Zone 2,swiggy,cancelled,223,552,1891,restaurant_closed_early,false
491925,2026-07-27T20:17:26,Zone 1,swiggy,delivered,336,1437,2418,,false
492052,2026-07-27T20:24:35,Zone 3,swiggy,delivered,271,890,1950,,false
491988,2026-07-27T20:26:55,Zone 3,zomato,delivered,195,707,1416,,false
491990,2026-07-27T20:54:48,Zone 2,zomato,delivered,381,1292,1943,,false
492015,2026-07-27T20:56:52,Zone 3,zomato,delivered,316,1043,1879,,false
492007,2026-07-27T21:29:29,Zone 1,swiggy,delivered,166,840,1978,,false
491934,2026-07-27T21:36:55,Zone 1,zomato,delivered,358,965,1876,,false
491913,2026-07-27T21:49:04,Zone 2,swiggy,delivered,248,1181,1954,,false
491980,2026-07-27T22:54:08,Zone 1,zomato,delivered,637,1200,2149,,false
491968,2026-07-27T23:23:39,Zone 3,zomato,delivered,252,1201,2383,,false
492123,2026-07-28T06:06:58,Zone 3,zomato,delivered,274,384,1656,,false
492133,2026-07-28T07:12:40,Zone 2,zomato,delivered,454,390,1137,,false
492177,2026-07-28T08:36:21,Zone 1,zomato,delivered,280,839,2020,,false
492143,2026-07-28T08:41:42,Zone 3,swiggy,delivered,257,495,1535,,false
492109,2026-07-28T08:56:47,Zone 2,swiggy,delivered,421,759,1905,,false
492190,2026-07-28T11:23:13,Zone 2,swiggy,delivered,258,654,1600,,false
492104,2026-07-28T12:05:05,Zone 3,swiggy,delivered,219,1045,2289,,false
492096,2026-07-28T12:34:04,Zone 3,swiggy,delivered,161,1208,1968,,false
492164,2026-07-28T12:42:03,Zone 2,zomato,delivered,167,1271,2481,,false
492112,2026-07-28T12:51:19,Zone 3,swiggy,delivered,525,621,1370,,false
492168,2026-07-28T13:15:35,Zone 3,zomato,delivered,243,1185,2401,,false
492081,2026-07-28T13:39:59,Zone 3,swiggy,delivered,182,991,2255,,false
492091,2026-07-28T14:23:51,Zone 3,zomato,delivered,152,1118,2145,,false
492183,2026-07-28T14:40:33,Zone 3,zomato,delivered,253,571,1478,,false
492216,2026-07-28T14:41:27,Zone 3,zomato,delivered,300,650,1939,,false
492160,2026-07-28T17:59:32,Zone 3,swiggy,delivered,293,1220,2036,,false
492199,2026-07-28T18:53:36,Zone 2,swiggy,delivered,264,1259,2150,,false
492166,2026-07-28T19:13:32,Zone 1,swiggy,delivered,464,1437,2780,,false
492155,2026-07-28T19:21:02,Zone 2,swiggy,delivered,136,1179,2134,,false
492189,2026-07-28T19:42:34,Zone 1,zomato,cancelled,340,993,2115,restaurant_closed_early,false
492208,2026-07-28T19:45:40,Zone 3,swiggy,delivered,700,888,1622,,false
492101,2026-07-28T19:56:23,Zone 2,zomato,cancelled,603,571,1649,courier_no_show,false
492148,2026-07-28T20:01:45,Zone 3,zomato,delivered,282,530,1301,,false
492086,2026-07-28T20:03:51,Zone 2,zomato,delivered,430,1402,2440,,false
492213,2026-07-28T20:07:50,Zone 2,swiggy,delivered,254,892,1592,,false
492205,2026-07-28T20:21:38,Zone 1,swiggy,delivered,394,1194,1905,,false
492171,2026-07-28T20:23:14,Zone 2,zomato,delivered,374,1442,2243,,false
492139,2026-07-28T20:40:59,Zone 2,swiggy,delivered,164,535,1287,,false
492165,2026-07-28T21:35:24,Zone 3,swiggy,delivered,374,892,2070,,false
492129,2026-07-28T21:46:33,Zone 1,zomato,delivered,165,852,2079,,false
492093,2026-07-28T22:06:37,Zone 1,zomato,cancelled,364,1063,,customer_cancelled_predispatch,false
492146,2026-07-28T22:09:39,Zone 1,swiggy,delivered,738,723,1992,,false
492130,2026-07-28T22:09:43,Zone 2,swiggy,delivered,412,976,2294,,false
492149,2026-07-28T22:11:16,Zone 2,swiggy,delivered,240,829,1964,,false
492156,2026-07-28T22:16:13,Zone 1,swiggy,delivered,397,1142,2183,,false
492105,2026-07-28T22:20:14,Zone 1,zomato,delivered,239,901,1621,,false
492195,2026-07-28T22:40:31,Zone 1,zomato,delivered,231,623,1787,,false
492117,2026-07-28T22:54:57,Zone 1,swiggy,delivered,290,1256,2469,,false
492239,2026-07-29T07:56:27,Zone 3,zomato,delivered,579,930,1614,,false
492322,2026-07-29T09:57:45,Zone 1,zomato,delivered,368,935,2231,,false
492261,2026-07-29T11:58:10,Zone 1,swiggy,delivered,317,646,1608,,false
492287,2026-07-29T12:04:52,Zone 1,swiggy,delivered,165,790,1676,,false
492290,2026-07-29T12:14:21,Zone 2,zomato,delivered,322,946,1858,,false
492292,2026-07-29T12:42:20,Zone 1,swiggy,delivered,268,963,2085,,false
492330,2026-07-29T13:06:48,Zone 2,swiggy,delivered,192,1336,2331,,false
492245,2026-07-29T13:13:25,Zone 3,swiggy,delivered,365,1125,2350,,false
492251,2026-07-29T13:28:47,Zone 3,swiggy,cancelled,328,628,1614,weather_delay,false
492334,2026-07-29T13:39:14,Zone 2,zomato,delivered,208,1203,2162,,false
492275,2026-07-29T13:50:45,Zone 2,swiggy,delivered,314,786,1831,,false
492257,2026-07-29T13:56:54,Zone 3,swiggy,delivered,217,940,1814,,false
492320,2026-07-29T14:36:50,Zone 1,swiggy,delivered,349,597,1467,,false
492266,2026-07-29T15:23:23,Zone 1,zomato,delivered,230,650,1537,,false
492324,2026-07-29T15:25:43,Zone 2,swiggy,delivered,295,700,1599,,false
492340,2026-07-29T15:46:14,Zone 3,swiggy,cancelled,267,718,,customer_cancelled_predispatch,false
492273,2026-07-29T16:28:28,Zone 2,zomato,delivered,370,410,1568,,false
492224,2026-07-29T16:40:09,Zone 3,swiggy,delivered,340,1038,2229,,false
492328,2026-07-29T17:26:02,Zone 1,swiggy,delivered,344,1055,1866,,false
492348,2026-07-29T17:48:33,Zone 2,zomato,delivered,139,513,1725,,false
492313,2026-07-29T18:02:33,Zone 1,zomato,delivered,271,463,1247,,false
492222,2026-07-29T18:13:22,Zone 2,swiggy,cancelled,595,599,1561,restaurant_closed_early,false
492296,2026-07-29T18:53:22,Zone 3,swiggy,delivered,322,516,1197,,false
492269,2026-07-29T19:27:58,Zone 2,swiggy,delivered,500,974,2088,,false
492302,2026-07-29T19:28:00,Zone 1,swiggy,delivered,282,1419,2136,,false
492228,2026-07-29T19:30:24,Zone 2,zomato,cancelled,337,1107,,customer_cancelled_predispatch,false
492231,2026-07-29T19:32:02,Zone 1,swiggy,delivered,128,1317,2136,,false
492265,2026-07-29T19:53:01,Zone 3,swiggy,delivered,523,1025,2028,,false
492307,2026-07-29T20:31:42,Zone 2,zomato,delivered,573,777,1927,,false
492235,2026-07-29T20:33:25,Zone 3,swiggy,delivered,228,831,2106,,false
492299,2026-07-29T20:58:33,Zone 2,swiggy,delivered,194,699,1900,,false
492337,2026-07-29T21:04:44,Zone 2,swiggy,cancelled,450,1317,,customer_cancelled_predispatch,false
492314,2026-07-29T21:06:01,Zone 2,zomato,delivered,99,1190,1865,,false
492344,2026-07-29T21:11:42,Zone 1,zomato,delivered,558,1141,1890,,false
492280,2026-07-29T22:46:00,Zone 1,zomato,delivered,239,616,1593,,false
492281,2026-07-29T23:42:03,Zone 1,swiggy,delivered,220,581,1904,,false
492471,2026-07-30T02:32:16,Zone 2,zomato,delivered,297,904,2160,,false
492426,2026-07-30T03:14:21,Zone 2,swiggy,delivered,324,882,1774,,false
492500,2026-07-30T06:25:52,Zone 3,zomato,delivered,209,674,1415,,false
492387,2026-07-30T07:34:33,Zone 2,swiggy,delivered,240,1018,1826,,false
492396,2026-07-30T07:45:57,Zone 3,zomato,delivered,99,577,1250,,false
492376,2026-07-30T10:28:10,Zone 1,swiggy,delivered,195,1098,1952,,false
492382,2026-07-30T11:38:23,Zone 2,zomato,delivered,439,752,1751,,false
492452,2026-07-30T12:11:16,Zone 3,zomato,delivered,466,1297,2574,,false
492494,2026-07-30T12:14:12,Zone 3,swiggy,delivered,531,997,1843,,false
492416,2026-07-30T13:16:24,Zone 1,zomato,cancelled,259,621,,customer_cancelled_predispatch,false
492504,2026-07-30T13:34:56,Zone 2,swiggy,delivered,242,793,2027,,false
492351,2026-07-30T13:42:10,Zone 3,zomato,delivered,135,933,1980,,false
492411,2026-07-30T13:43:53,Zone 2,swiggy,delivered,266,1233,2219,,false
492453,2026-07-30T13:55:21,Zone 3,swiggy,delivered,232,506,1767,,false
492371,2026-07-30T14:08:10,Zone 3,swiggy,delivered,338,728,2008,,false
492488,2026-07-30T14:08:35,Zone 2,swiggy,delivered,537,1305,2073,,false
492477,2026-07-30T15:29:28,Zone 2,swiggy,delivered,414,1130,2043,,false
492454,2026-07-30T15:51:13,Zone 2,zomato,delivered,277,1091,1777,,false
492483,2026-07-30T17:37:11,Zone 3,zomato,delivered,126,451,1268,,false
492431,2026-07-30T17:58:03,Zone 1,swiggy,delivered,767,410,1335,,false
492437,2026-07-30T18:14:48,Zone 2,zomato,delivered,201,924,1964,,false
492370,2026-07-30T18:28:53,Zone 2,swiggy,delivered,146,677,1383,,false
492400,2026-07-30T18:45:48,Zone 2,swiggy,delivered,163,1312,2379,,false
492364,2026-07-30T18:54:48,Zone 2,swiggy,delivered,170,1160,1880,,false
492401,2026-07-30T19:07:35,Zone 3,swiggy,delivered,365,1436,2360,,false
492457,2026-07-30T19:54:37,Zone 3,zomato,delivered,239,1279,1965,,false
492472,2026-07-30T19:55:26,Zone 1,swiggy,delivered,286,505,1465,,false
492421,2026-07-30T20:05:09,Zone 1,swiggy,delivered,253,1120,2166,,false
492465,2026-07-30T20:09:10,Zone 3,swiggy,cancelled,331,1474,,customer_cancelled_predispatch,false
492441,2026-07-30T20:25:29,Zone 3,swiggy,delivered,120,710,2028,,false
492406,2026-07-30T20:32:00,Zone 3,zomato,delivered,211,854,1856,,false
492390,2026-07-30T21:10:24,Zone 3,zomato,delivered,222,750,1458,,false
492404,2026-07-30T21:10:25,Zone 1,swiggy,delivered,364,489,1458,,false
492447,2026-07-30T21:59:37,Zone 2,zomato,delivered,606,1076,1891,,false
492381,2026-07-30T22:02:46,Zone 1,swiggy,delivered,422,1289,2265,,false
492403,2026-07-30T22:29:17,Zone 1,swiggy,delivered,217,994,1741,,false
492461,2026-07-30T22:36:30,Zone 1,swiggy,delivered,236,800,1808,,false
492358,2026-07-30T22:44:13,Zone 2,zomato,delivered,232,527,1718,,false
492356,2026-07-30T23:53:21,Zone 3,swiggy,delivered,499,1178,2019,,false
492597,2026-07-31T08:06:43,Zone 1,swiggy,delivered,309,710,1541,,false
492539,2026-07-31T08:56:17,Zone 2,zomato,delivered,248,1019,1953,,false
492642,2026-07-31T09:01:31,Zone 1,zomato,delivered,250,439,1765,,false
492594,2026-07-31T11:02:14,Zone 3,swiggy,delivered,378,1204,2295,,false
492620,2026-07-31T11:32:31,Zone 3,zomato,delivered,248,449,1222,,false
492559,2026-07-31T11:58:06,Zone 2,zomato,cancelled,762,1081,2423,address_issue,false
492527,2026-07-31T12:10:51,Zone 2,zomato,delivered,185,890,1815,,false
492624,2026-07-31T12:25:39,Zone 2,zomato,delivered,491,862,2116,,false
492515,2026-07-31T12:28:26,Zone 3,swiggy,delivered,546,1248,2283,,false
492532,2026-07-31T12:31:19,Zone 3,swiggy,delivered,99,1128,1781,,false
492586,2026-07-31T12:33:55,Zone 2,zomato,delivered,388,1158,2458,,false
492556,2026-07-31T12:45:09,Zone 2,swiggy,delivered,227,634,1522,,false
492610,2026-07-31T13:26:43,Zone 3,swiggy,delivered,317,1405,2472,,false
492529,2026-07-31T13:27:00,Zone 1,swiggy,delivered,356,469,1610,,false
492590,2026-07-31T14:22:30,Zone 2,swiggy,delivered,443,1186,2019,,false
492545,2026-07-31T14:45:41,Zone 2,zomato,delivered,165,678,1568,,false
492572,2026-07-31T17:34:15,Zone 1,swiggy,delivered,366,1065,2030,,false
492606,2026-07-31T17:47:17,Zone 3,swiggy,delivered,366,1101,2204,,false
492634,2026-07-31T17:57:14,Zone 1,swiggy,delivered,230,1154,1839,,false
492524,2026-07-31T18:08:34,Zone 2,zomato,delivered,178,869,2009,,false
492648,2026-07-31T18:10:23,Zone 3,swiggy,delivered,211,461,1473,,false
492618,2026-07-31T18:36:02,Zone 3,swiggy,delivered,240,490,1358,,false
492551,2026-07-31T19:01:39,Zone 2,zomato,delivered,108,622,1519,,false
492564,2026-07-31T19:05:18,Zone 1,swiggy,delivered,530,1380,2631,,false
492542,2026-07-31T19:28:16,Zone 1,swiggy,delivered,654,939,1828,,false
492519,2026-07-31T19:28:34,Zone 1,swiggy,delivered,210,598,1869,,false
492588,2026-07-31T19:41:18,Zone 1,zomato,cancelled,290,502,1683,courier_no_show,false
492645,2026-07-31T19:44:03,Zone 1,zomato,delivered,569,1390,2090,,false
492632,2026-07-31T19:55:11,Zone 2,swiggy,delivered,357,915,2124,,false
492612,2026-07-31T20:10:27,Zone 3,swiggy,delivered,521,497,1247,,false
492636,2026-07-31T20:29:10,Zone 1,swiggy,delivered,250,534,1276,,false
492535,2026-07-31T20:31:23,Zone 2,swiggy,delivered,282,1105,2242,,false
492549,2026-07-31T20:39:40,Zone 1,swiggy,delivered,466,982,2315,,false
492578,2026-07-31T20:41:27,Zone 3,swiggy,delivered,193,1115,1978,,false
492507,2026-07-31T20:55:16,Zone 2,zomato,delivered,255,1265,1990,,false
492544,2026-07-31T20:59:51,Zone 1,zomato,delivered,270,628,1667,,false
492580,2026-07-31T21:33:31,Zone 2,zomato,delivered,266,1329,2575,,false
492520,2026-07-31T22:02:57,Zone 2,zomato,delivered,251,797,1861,,false
492626,2026-07-31T22:14:39,Zone 1,swiggy,delivered,366,675,1843,,false
492602,2026-07-31T22:21:26,Zone 3,swiggy,delivered,226,1135,2016,,false
492512,2026-07-31T22:40:48,Zone 3,swiggy,delivered,266,1229,1884,,false
492566,2026-07-31T23:19:58,Zone 1,zomato,delivered,582,524,1595,,false
492635,2026-07-31T23:27:19,Zone 3,swiggy,delivered,499,413,1325,,false
492770,2026-08-01T07:16:05,Zone 1,zomato,delivered,335,1053,2146,,false
492662,2026-08-01T08:42:55,Zone 3,zomato,delivered,460,497,1148,,false
492795,2026-08-01T09:20:14,Zone 1,zomato,delivered,99,631,1606,,false
492807,2026-08-01T09:59:56,Zone 2,zomato,delivered,499,1201,1868,,false
492757,2026-08-01T10:16:50,Zone 2,swiggy,delivered,365,460,1761,,false
492781,2026-08-01T10:48:09,Zone 2,zomato,delivered,380,758,1564,,false
492686,2026-08-01T11:12:29,Zone 2,swiggy,delivered,312,1009,2331,,false
492755,2026-08-01T11:51:16,Zone 2,swiggy,delivered,350,1009,1982,,false
492726,2026-08-01T12:01:31,Zone 3,swiggy,delivered,299,1343,2686,,false
492684,2026-08-01T12:02:00,Zone 3,zomato,delivered,404,1075,1928,,false
492674,2026-08-01T12:33:07,Zone 3,swiggy,delivered,345,940,2243,,false
492745,2026-08-01T12:37:08,Zone 2,swiggy,delivered,230,482,1692,,false
492691,2026-08-01T12:49:25,Zone 2,zomato,delivered,501,1368,2467,,false
492720,2026-08-01T12:50:49,Zone 1,swiggy,delivered,369,741,1824,,false
492802,2026-08-01T12:51:06,Zone 3,zomato,delivered,307,1150,2465,,false
492696,2026-08-01T13:18:38,Zone 1,swiggy,cancelled,133,717,1838,courier_no_show,false
492771,2026-08-01T13:21:58,Zone 3,swiggy,delivered,246,1300,2167,,false
492710,2026-08-01T13:30:43,Zone 1,swiggy,delivered,224,1377,2230,,false
492801,2026-08-01T13:35:24,Zone 2,zomato,delivered,375,959,2238,,false
492713,2026-08-01T13:42:03,Zone 1,zomato,delivered,331,500,1793,,false
492749,2026-08-01T14:20:08,Zone 2,swiggy,delivered,354,1208,1967,,false
492731,2026-08-01T14:24:09,Zone 2,zomato,delivered,265,1154,2040,,false
492663,2026-08-01T15:04:20,Zone 1,swiggy,delivered,384,809,1915,,false
492735,2026-08-01T15:20:40,Zone 1,swiggy,delivered,219,1133,2044,,false
492775,2026-08-01T15:32:23,Zone 1,zomato,delivered,536,1138,1995,,false
492756,2026-08-01T16:19:23,Zone 1,swiggy,delivered,344,704,1765,,false
492818,2026-08-01T16:43:01,Zone 3,swiggy,delivered,756,1010,2146,,false
492665,2026-08-01T18:06:02,Zone 3,zomato,delivered,290,474,1228,,false
492824,2026-08-01T18:11:24,Zone 2,swiggy,delivered,463,1276,2379,,false
492664,2026-08-01T19:29:56,Zone 1,zomato,delivered,442,1358,2530,,false
492816,2026-08-01T19:33:19,Zone 2,swiggy,delivered,448,1384,2724,,false
492788,2026-08-01T19:45:14,Zone 3,zomato,delivered,235,1083,1783,,false
492701,2026-08-01T19:50:23,Zone 1,swiggy,delivered,110,898,1651,,false
492708,2026-08-01T20:01:43,Zone 1,swiggy,delivered,356,1268,1993,,false
492706,2026-08-01T20:08:22,Zone 3,swiggy,delivered,253,726,1710,,false
492806,2026-08-01T20:14:41,Zone 1,zomato,delivered,378,1301,2262,,false
492697,2026-08-01T20:28:23,Zone 3,swiggy,delivered,323,911,1593,,false
492736,2026-08-01T20:28:54,Zone 1,swiggy,delivered,269,529,1825,,false
492762,2026-08-01T20:55:32,Zone 3,swiggy,delivered,147,1285,2156,,false
492790,2026-08-01T21:01:14,Zone 2,zomato,delivered,261,1137,2030,,false
492741,2026-08-01T21:10:49,Zone 3,swiggy,delivered,126,507,1237,,false
492777,2026-08-01T21:29:33,Zone 1,swiggy,delivered,224,1194,2064,,false
492670,2026-08-01T21:33:32,Zone 1,zomato,delivered,100,1321,2241,,false
492717,2026-08-01T21:36:54,Zone 2,swiggy,delivered,338,761,1561,,false
492651,2026-08-01T21:52:46,Zone 3,swiggy,delivered,484,761,2063,,false
492784,2026-08-01T21:59:28,Zone 1,zomato,delivered,388,895,1706,,false
492680,2026-08-01T22:02:22,Zone 1,zomato,delivered,254,922,1838,,false
492810,2026-08-01T22:17:18,Zone 1,zomato,delivered,264,804,1617,,false
492791,2026-08-01T22:25:15,Zone 3,swiggy,delivered,99,789,1724,,false
492657,2026-08-01T22:40:41,Zone 3,swiggy,delivered,99,536,1778,,false
492767,2026-08-01T22:42:43,Zone 1,swiggy,delivered,321,1021,1715,,false
492655,2026-08-01T23:39:45,Zone 1,zomato,delivered,326,1152,1963,,false
492941,2026-08-02T01:39:28,Zone 2,swiggy,delivered,434,822,2338,,false
493040,2026-08-02T07:53:44,Zone 1,swiggy,delivered,553,746,2256,,false
492855,2026-08-02T08:01:39,Zone 2,swiggy,delivered,134,1051,2452,,true
492869,2026-08-02T08:42:16,Zone 1,zomato,delivered,312,897,2424,,false
492998,2026-08-02T08:42:32,Zone 2,swiggy,delivered,209,1132,2660,,false
492858,2026-08-02T09:05:54,Zone 1,zomato,delivered,168,826,2412,,false
492856,2026-08-02T09:20:27,Zone 2,zomato,delivered,359,1181,2479,,false
492835,2026-08-02T09:44:05,Zone 1,swiggy,delivered,506,712,1846,,true
493025,2026-08-02T10:02:28,Zone 2,zomato,delivered,166,1137,2106,,false
492950,2026-08-02T10:15:20,Zone 1,zomato,delivered,452,610,2069,,true
492979,2026-08-02T10:38:57,Zone 2,zomato,delivered,509,685,1498,,false
492888,2026-08-02T12:14:50,Zone 3,zomato,delivered,417,581,1750,,true
493082,2026-08-02T12:19:39,Zone 2,zomato,delivered,471,631,1979,,false
493054,2026-08-02T12:22:20,Zone 2,swiggy,delivered,219,1354,2908,,false
492829,2026-08-02T12:29:13,Zone 3,zomato,cancelled,176,1116,3680,restaurant_closed_early,true
493015,2026-08-02T12:36:29,Zone 3,swiggy,delivered,363,887,2203,,false
493083,2026-08-02T12:47:40,Zone 3,swiggy,delivered,525,555,1806,,false
492992,2026-08-02T12:49:13,Zone 2,swiggy,delivered,120,632,1975,,false
493045,2026-08-02T13:00:15,Zone 2,zomato,delivered,506,679,2257,,true
493070,2026-08-02T13:00:31,Zone 2,swiggy,delivered,245,687,1804,,false
492921,2026-08-02T13:22:04,Zone 3,zomato,delivered,305,535,1777,,true
492952,2026-08-02T13:29:21,Zone 2,zomato,delivered,169,494,1996,,false
493038,2026-08-02T13:32:48,Zone 3,swiggy,delivered,273,1417,2757,,true
493051,2026-08-02T13:44:03,Zone 1,swiggy,delivered,322,1222,2025,,true
493096,2026-08-02T14:09:10,Zone 3,zomato,delivered,367,699,2161,,true
493058,2026-08-02T14:17:51,Zone 3,swiggy,cancelled,353,1032,3088,weather_delay,true
493066,2026-08-02T14:18:18,Zone 2,swiggy,cancelled,250,959,,customer_cancelled_predispatch,false
492873,2026-08-02T14:20:46,Zone 1,swiggy,delivered,513,559,1677,,false
492928,2026-08-02T14:35:18,Zone 3,swiggy,delivered,281,1105,2271,,true
492836,2026-08-02T14:35:41,Zone 2,swiggy,delivered,385,1081,2139,,true
492883,2026-08-02T14:48:07,Zone 2,zomato,cancelled,192,984,1920,courier_no_show,false
492841,2026-08-02T14:51:37,Zone 2,zomato,delivered,224,624,1978,,false
492957,2026-08-02T14:58:16,Zone 3,swiggy,delivered,225,465,1787,,true
492922,2026-08-02T14:59:29,Zone 1,swiggy,delivered,263,853,1714,,true
493090,2026-08-02T15:03:20,Zone 2,swiggy,delivered,345,535,1431,,false
492847,2026-08-02T15:06:18,Zone 3,zomato,delivered,99,889,2614,,true
492972,2026-08-02T15:11:29,Zone 3,zomato,delivered,302,414,1698,,true
493087,2026-08-02T16:10:11,Zone 1,swiggy,delivered,692,925,1934,,false
492853,2026-08-02T16:53:06,Zone 2,swiggy,delivered,371,657,2144,,false
492940,2026-08-02T17:05:10,Zone 2,zomato,delivered,503,696,1865,,false
493102,2026-08-02T17:20:08,Zone 3,swiggy,delivered,362,1091,3060,,true
492968,2026-08-02T17:25:11,Zone 3,zomato,delivered,155,538,2095,,true
492949,2026-08-02T17:39:19,Zone 2,swiggy,cancelled,295,981,2949,weather_delay,true
492959,2026-08-02T18:18:06,Zone 2,swiggy,delivered,386,974,2096,,true
493021,2026-08-02T18:39:54,Zone 3,swiggy,delivered,310,1013,2357,,true
492990,2026-08-02T18:57:54,Zone 3,zomato,delivered,101,1206,3260,,false
492943,2026-08-02T19:20:04,Zone 2,zomato,delivered,141,490,1333,,false
493036,2026-08-02T19:21:40,Zone 3,zomato,delivered,561,1027,2584,,true
493081,2026-08-02T19:25:06,Zone 3,swiggy,cancelled,465,1130,3348,weather_delay,true
492916,2026-08-02T19:36:31,Zone 3,zomato,delivered,541,1278,3211,,false
493043,2026-08-02T19:55:12,Zone 3,zomato,cancelled,331,1038,3450,weather_delay,true
492906,2026-08-02T20:01:20,Zone 2,swiggy,delivered,449,1145,2564,,true
492956,2026-08-02T20:14:07,Zone 3,zomato,cancelled,596,1161,2493,weather_delay,true
492983,2026-08-02T20:22:36,Zone 2,swiggy,delivered,433,1474,2436,,false
492912,2026-08-02T20:24:15,Zone 1,swiggy,cancelled,250,1021,2304,weather_delay,false
492901,2026-08-02T20:27:49,Zone 3,swiggy,delivered,244,707,1741,,true
492877,2026-08-02T20:33:46,Zone 3,swiggy,delivered,404,1203,2379,,true
492958,2026-08-02T20:35:01,Zone 2,zomato,delivered,240,898,2104,,false
493004,2026-08-02T20:47:15,Zone 3,zomato,delivered,367,1080,2775,,true
492987,2026-08-02T20:48:21,Zone 2,swiggy,delivered,250,590,1366,,false
492960,2026-08-02T20:49:12,Zone 2,swiggy,delivered,178,648,2241,,true
493062,2026-08-02T20:50:00,Zone 2,swiggy,delivered,173,1134,2437,,false
493077,2026-08-02T20:52:53,Zone 3,swiggy,cancelled,99,670,3442,weather_delay,false
493030,2026-08-02T20:53:22,Zone 1,swiggy,delivered,475,1065,2015,,false
493011,2026-08-02T21:32:23,Zone 2,zomato,delivered,333,565,1556,,false
492864,2026-08-02T21:39:03,Zone 3,zomato,delivered,358,587,1831,,true
492892,2026-08-02T21:51:25,Zone 3,swiggy,delivered,215,1043,2399,,false
492833,2026-08-02T21:54:33,Zone 3,zomato,delivered,393,1095,2594,,true
492895,2026-08-02T21:59:11,Zone 1,zomato,delivered,222,731,2175,,false
492965,2026-08-02T22:20:32,Zone 1,swiggy,cancelled,242,670,2341,weather_delay,false
493108,2026-08-02T22:28:09,Zone 2,zomato,delivered,186,830,1814,,false
492934,2026-08-02T22:40:16,Zone 2,swiggy,cancelled,764,1137,2811,weather_delay,true
493049,2026-08-02T22:43:51,Zone 1,swiggy,delivered,443,1145,2296,,true
493005,2026-08-02T22:44:25,Zone 3,zomato,delivered,338,908,2298,,true
492908,2026-08-02T22:44:56,Zone 3,swiggy,delivered,113,940,1965,,false
492977,2026-08-02T22:51:57,Zone 3,swiggy,cancelled,376,910,3497,address_issue,true
493075,2026-08-02T23:36:46,Zone 1,zomato,delivered,99,997,2244,,false
493208,2026-08-03T00:58:39,Zone 3,zomato,delivered,203,1059,3111,,true
493189,2026-08-03T01:48:02,Zone 1,zomato,delivered,259,734,1516,,true
493137,2026-08-03T06:28:00,Zone 1,swiggy,cancelled,467,1035,2460,weather_delay,false
493202,2026-08-03T08:17:22,Zone 2,zomato,delivered,647,890,2207,,false
493170,2026-08-03T08:23:33,Zone 2,swiggy,cancelled,229,420,1870,restaurant_closed_early,false
493186,2026-08-03T08:34:16,Zone 3,zomato,delivered,424,871,1961,,true
493194,2026-08-03T08:48:51,Zone 2,zomato,delivered,347,703,1966,,false
493317,2026-08-03T09:51:45,Zone 3,zomato,delivered,317,856,2170,,true
493167,2026-08-03T10:43:57,Zone 3,swiggy,delivered,258,1042,2699,,true
493246,2026-08-03T11:39:34,Zone 3,swiggy,delivered,495,1027,2260,,true
493176,2026-08-03T11:47:02,Zone 2,swiggy,delivered,361,770,1857,,true
493182,2026-08-03T12:09:28,Zone 2,swiggy,delivered,441,1101,2455,,true
493267,2026-08-03T12:40:42,Zone 1,swiggy,delivered,303,740,1728,,false
493147,2026-08-03T12:43:39,Zone 1,swiggy,delivered,392,789,2068,,false
493302,2026-08-03T13:23:56,Zone 3,zomato,cancelled,163,1322,4011,payment_failed,true
493153,2026-08-03T13:29:43,Zone 3,zomato,delivered,210,772,2851,,true
493287,2026-08-03T13:29:58,Zone 2,swiggy,delivered,389,1022,2500,,false
493281,2026-08-03T13:42:27,Zone 3,swiggy,delivered,394,1124,2785,,true
493161,2026-08-03T14:07:22,Zone 1,swiggy,delivered,530,520,1452,,false
493220,2026-08-03T14:08:45,Zone 2,zomato,delivered,113,1300,2814,,true
493131,2026-08-03T14:23:43,Zone 1,zomato,delivered,137,1315,2309,,false
493218,2026-08-03T14:35:51,Zone 1,swiggy,cancelled,416,664,1829,weather_delay,false
493187,2026-08-03T14:36:26,Zone 2,swiggy,delivered,306,1022,2508,,false
493114,2026-08-03T15:09:57,Zone 2,zomato,cancelled,175,725,2185,weather_delay,false
493250,2026-08-03T15:24:33,Zone 3,swiggy,delivered,665,717,2312,,true
493206,2026-08-03T15:34:33,Zone 3,swiggy,delivered,334,1020,2283,,true
493292,2026-08-03T15:39:03,Zone 3,swiggy,delivered,100,1174,2419,,false
493265,2026-08-03T15:41:45,Zone 1,swiggy,delivered,264,577,2000,,true
493211,2026-08-03T15:44:29,Zone 3,swiggy,delivered,201,603,1731,,true
493294,2026-08-03T15:53:51,Zone 2,swiggy,delivered,415,817,2425,,true
493163,2026-08-03T16:49:39,Zone 3,zomato,delivered,280,1031,2450,,true
493307,2026-08-03T17:45:18,Zone 1,zomato,delivered,399,1140,1937,,true
493145,2026-08-03T17:47:23,Zone 3,swiggy,delivered,260,800,2817,,true
493125,2026-08-03T18:23:40,Zone 1,zomato,delivered,159,1103,2343,,true
493235,2026-08-03T18:27:37,Zone 3,swiggy,delivered,228,1062,2406,,false
493109,2026-08-03T18:34:16,Zone 2,zomato,delivered,228,844,1663,,false
493258,2026-08-03T18:53:17,Zone 3,zomato,delivered,189,1158,2853,,true
493241,2026-08-03T18:56:10,Zone 3,zomato,delivered,99,644,2563,,true
493254,2026-08-03T19:21:11,Zone 1,swiggy,delivered,99,478,1656,,false
493299,2026-08-03T19:23:23,Zone 3,swiggy,delivered,438,1018,2506,,true
493141,2026-08-03T19:46:03,Zone 3,swiggy,delivered,293,834,2253,,true
493224,2026-08-03T19:48:58,Zone 1,swiggy,delivered,233,1320,2814,,false
493230,2026-08-03T20:06:08,Zone 1,swiggy,delivered,350,1389,2830,,true
493270,2026-08-03T20:09:21,Zone 2,zomato,delivered,469,709,1860,,false
493155,2026-08-03T20:16:53,Zone 2,swiggy,delivered,389,1154,2164,,false
493277,2026-08-03T20:18:25,Zone 2,swiggy,delivered,385,1450,2999,,false
493310,2026-08-03T20:35:09,Zone 3,swiggy,cancelled,435,1209,4047,weather_delay,true
493304,2026-08-03T20:41:32,Zone 3,swiggy,cancelled,144,1115,3825,weather_delay,true
493144,2026-08-03T20:41:58,Zone 2,zomato,delivered,585,537,1993,,true
493322,2026-08-03T20:47:46,Zone 1,swiggy,delivered,126,1252,2605,,false
493234,2026-08-03T21:05:33,Zone 1,zomato,delivered,186,1362,2574,,false
493316,2026-08-03T21:18:00,Zone 3,zomato,delivered,298,1264,2896,,false
493191,2026-08-03T21:18:34,Zone 3,swiggy,delivered,320,1291,2451,,false
493326,2026-08-03T21:27:34,Zone 1,swiggy,delivered,162,609,1901,,true
493320,2026-08-03T21:38:58,Zone 1,zomato,cancelled,285,1325,,customer_cancelled_predispatch,false
493331,2026-08-03T21:45:13,Zone 1,swiggy,delivered,376,498,2067,,true
493264,2026-08-03T21:48:48,Zone 3,swiggy,delivered,293,1087,3018,,true
493214,2026-08-03T21:53:33,Zone 3,swiggy,delivered,463,854,1937,,true
493124,2026-08-03T22:02:21,Zone 3,swiggy,delivered,602,764,2823,,true
493200,2026-08-03T22:06:30,Zone 2,swiggy,cancelled,538,662,1936,weather_delay,false
493298,2026-08-03T22:23:38,Zone 3,swiggy,delivered,370,742,2366,,true
493233,2026-08-03T22:26:04,Zone 3,swiggy,delivered,333,763,2124,,true
493288,2026-08-03T22:26:17,Zone 2,swiggy,delivered,250,544,1507,,false
493271,2026-08-03T22:29:41,Zone 1,swiggy,delivered,357,491,1618,,false
493289,2026-08-03T22:36:32,Zone 3,swiggy,delivered,327,762,2038,,false
493120,2026-08-03T23:57:25,Zone 3,zomato,cancelled,222,396,2707,weather_delay,true
493343,2026-08-04T08:30:05,Zone 3,swiggy,delivered,352,889,2094,,false
493342,2026-08-04T09:09:14,Zone 3,zomato,delivered,322,1186,2323,,false
493413,2026-08-04T09:26:41,Zone 1,zomato,delivered,1020,701,1986,,false
493380,2026-08-04T10:39:49,Zone 3,zomato,delivered,524,1131,1897,,false
493366,2026-08-04T10:43:20,Zone 3,zomato,delivered,369,444,1486,,false
493369,2026-08-04T12:11:13,Zone 1,swiggy,delivered,493,947,1797,,false
493408,2026-08-04T12:32:48,Zone 3,zomato,cancelled,1190,914,1636,courier_no_show,false
493396,2026-08-04T13:10:36,Zone 2,swiggy,delivered,223,470,1645,,false
493399,2026-08-04T13:51:05,Zone 2,swiggy,delivered,453,1137,1838,,false
493411,2026-08-04T13:51:43,Zone 2,swiggy,cancelled,263,870,2251,restaurant_rejected,false
493422,2026-08-04T13:57:48,Zone 1,zomato,delivered,397,645,1627,,false
493420,2026-08-04T14:50:55,Zone 3,swiggy,delivered,432,1317,2148,,false
493426,2026-08-04T16:00:44,Zone 1,swiggy,delivered,364,863,1600,,false
493344,2026-08-04T16:02:20,Zone 1,zomato,delivered,268,795,1808,,false
493392,2026-08-04T17:47:30,Zone 1,swiggy,delivered,323,438,1408,,false
493379,2026-08-04T17:56:20,Zone 3,swiggy,delivered,271,1025,2374,,false
493402,2026-08-04T18:07:06,Zone 2,swiggy,delivered,196,509,1439,,false
493440,2026-08-04T18:14:20,Zone 1,swiggy,delivered,203,573,1736,,false
493355,2026-08-04T18:24:55,Zone 1,swiggy,delivered,310,955,2245,,false
493337,2026-08-04T18:41:33,Zone 1,swiggy,delivered,288,569,1620,,false
493452,2026-08-04T19:39:18,Zone 3,swiggy,delivered,214,1320,2628,,false
493419,2026-08-04T19:44:06,Zone 3,zomato,delivered,302,673,1485,,false
493446,2026-08-04T19:45:05,Zone 3,zomato,delivered,114,923,1645,,false
493338,2026-08-04T19:55:37,Zone 2,swiggy,delivered,204,1408,2545,,false
493350,2026-08-04T20:22:03,Zone 2,swiggy,delivered,450,1345,2153,,false
493385,2026-08-04T20:27:31,Zone 2,swiggy,delivered,456,1363,2148,,false
493421,2026-08-04T20:38:36,Zone 2,zomato,delivered,265,556,1691,,false
493374,2026-08-04T20:44:33,Zone 1,zomato,cancelled,183,1085,1934,item_unavailable,false
493405,2026-08-04T20:50:21,Zone 2,zomato,delivered,273,744,1745,,false
493361,2026-08-04T21:25:25,Zone 2,zomato,delivered,167,674,1344,,false
493429,2026-08-04T21:38:22,Zone 1,zomato,cancelled,294,597,1854,restaurant_closed_early,false
493433,2026-08-04T21:44:22,Zone 1,swiggy,delivered,328,572,1742,,false
493352,2026-08-04T21:48:47,Zone 1,swiggy,delivered,195,1079,1794,,false
493386,2026-08-04T22:34:01,Zone 1,swiggy,delivered,221,705,1915,,false
493353,2026-08-04T23:42:47,Zone 1,zomato,delivered,496,1183,2365,,false
493434,2026-08-04T23:59:45,Zone 2,swiggy,delivered,228,933,2109,,false
493600,2026-08-05T00:33:21,Zone 1,zomato,delivered,274,612,1542,,false
493621,2026-08-05T02:35:33,Zone 2,zomato,delivered,99,1088,2027,,false
493471,2026-08-05T09:05:21,Zone 2,zomato,cancelled,340,776,2108,weather_delay,false
493627,2026-08-05T09:27:50,Zone 3,zomato,delivered,144,1138,2248,,false
493536,2026-08-05T09:32:21,Zone 2,swiggy,delivered,282,494,1535,,false
493548,2026-08-05T11:13:16,Zone 1,swiggy,delivered,226,1145,1882,,false
493545,2026-08-05T11:49:33,Zone 2,zomato,delivered,591,820,1706,,false
493630,2026-08-05T12:31:50,Zone 3,zomato,delivered,347,1269,2469,,false
493651,2026-08-05T12:32:55,Zone 2,zomato,delivered,278,1015,1851,,false
493605,2026-08-05T12:36:22,Zone 3,swiggy,delivered,266,1056,2035,,false
493573,2026-08-05T13:20:13,Zone 1,zomato,delivered,196,1391,2412,,false
493567,2026-08-05T13:46:53,Zone 1,swiggy,delivered,422,678,1438,,false
493626,2026-08-05T13:48:28,Zone 3,zomato,delivered,196,807,2115,,false
493472,2026-08-05T13:59:46,Zone 2,zomato,delivered,155,538,1368,,false
493529,2026-08-05T14:14:03,Zone 1,zomato,delivered,420,747,1657,,false
493522,2026-08-05T14:28:08,Zone 2,swiggy,delivered,230,895,1858,,false
493628,2026-08-05T14:35:06,Zone 1,zomato,delivered,565,813,2048,,false
493587,2026-08-05T14:37:52,Zone 2,swiggy,cancelled,266,1052,2069,courier_no_show,false
493473,2026-08-05T14:41:05,Zone 3,zomato,delivered,215,848,1619,,false
493502,2026-08-05T14:52:42,Zone 1,swiggy,delivered,461,607,1588,,false
493543,2026-08-05T14:59:13,Zone 1,swiggy,delivered,204,571,1709,,false
493534,2026-08-05T15:15:00,Zone 3,zomato,delivered,516,1022,1831,,false
493518,2026-08-05T15:26:59,Zone 1,swiggy,delivered,119,633,1851,,false
493593,2026-08-05T15:58:47,Zone 2,zomato,delivered,508,773,1769,,false
493541,2026-08-05T16:40:36,Zone 3,swiggy,delivered,544,1109,2406,,false
493598,2026-08-05T16:55:19,Zone 2,swiggy,delivered,217,686,1959,,false
493581,2026-08-05T16:58:43,Zone 2,swiggy,delivered,202,414,1480,,false
493606,2026-08-05T17:13:02,Zone 1,zomato,delivered,554,576,1381,,false
493466,2026-08-05T17:35:07,Zone 1,zomato,delivered,289,634,1782,,false
493455,2026-08-05T18:05:44,Zone 1,zomato,delivered,403,647,1839,,false
493547,2026-08-05T18:06:02,Zone 3,zomato,cancelled,579,1061,2228,item_unavailable,false
493497,2026-08-05T18:23:58,Zone 3,swiggy,delivered,204,1312,2249,,false
493527,2026-08-05T18:31:30,Zone 2,zomato,delivered,254,562,1894,,false
493489,2026-08-05T18:56:07,Zone 1,swiggy,delivered,254,506,1696,,false
493512,2026-08-05T18:56:56,Zone 1,swiggy,delivered,377,1041,1904,,false
493641,2026-08-05T18:57:19,Zone 2,swiggy,delivered,342,874,1715,,false
493556,2026-08-05T18:59:00,Zone 2,swiggy,delivered,376,997,2302,,false
493575,2026-08-05T19:16:46,Zone 2,zomato,delivered,402,686,1973,,false
493561,2026-08-05T19:30:26,Zone 3,swiggy,delivered,716,847,1991,,false
493553,2026-08-05T19:56:51,Zone 1,swiggy,delivered,282,552,1543,,false
493612,2026-08-05T20:10:22,Zone 2,zomato,delivered,199,672,1465,,false
493483,2026-08-05T20:15:31,Zone 3,zomato,delivered,358,1213,1903,,false
493477,2026-08-05T20:55:58,Zone 1,zomato,delivered,510,1032,1918,,false
493460,2026-08-05T20:56:52,Zone 1,swiggy,delivered,182,957,1891,,false
493646,2026-08-05T21:22:02,Zone 3,swiggy,delivered,392,843,1533,,false
493491,2026-08-05T21:35:10,Zone 2,zomato,delivered,372,1101,1765,,false
493503,2026-08-05T21:47:37,Zone 2,zomato,delivered,322,969,2132,,false
493635,2026-08-05T22:20:08,Zone 3,swiggy,cancelled,253,1242,,customer_cancelled_predispatch,false
493617,2026-08-05T22:28:17,Zone 1,zomato,delivered,294,1134,1807,,false
493602,2026-08-05T22:28:18,Zone 2,zomato,delivered,209,974,1826,,false
493507,2026-08-05T22:45:48,Zone 3,zomato,delivered,208,1138,2282,,false
493659,2026-08-06T00:19:37,Zone 1,swiggy,delivered,300,921,2031,,false
493658,2026-08-06T07:15:32,Zone 1,swiggy,delivered,107,624,1541,,false
493695,2026-08-06T08:12:17,Zone 2,zomato,delivered,104,1083,1762,,false
493699,2026-08-06T08:52:13,Zone 3,swiggy,delivered,338,516,1545,,false
493813,2026-08-06T08:53:52,Zone 3,swiggy,delivered,265,690,1435,,false
493744,2026-08-06T09:38:51,Zone 1,swiggy,delivered,890,797,1888,,false
493777,2026-08-06T09:55:01,Zone 3,swiggy,delivered,207,1045,2285,,false
493761,2026-08-06T10:05:45,Zone 2,swiggy,cancelled,257,1060,2430,courier_no_show,false
493750,2026-08-06T10:18:43,Zone 2,swiggy,delivered,370,1169,2090,,false
493814,2026-08-06T10:42:41,Zone 2,swiggy,delivered,534,395,1056,,false
493792,2026-08-06T11:19:10,Zone 2,swiggy,delivered,513,768,1651,,false
493715,2026-08-06T11:27:50,Zone 1,zomato,delivered,566,764,1767,,false
493772,2026-08-06T11:56:37,Zone 3,zomato,delivered,208,1084,2182,,false
493710,2026-08-06T12:03:24,Zone 3,swiggy,delivered,129,1076,1809,,false
493788,2026-08-06T12:39:36,Zone 3,swiggy,delivered,329,1341,2388,,false
493668,2026-08-06T13:00:49,Zone 1,swiggy,cancelled,337,1302,,customer_cancelled_predispatch,false
493665,2026-08-06T13:22:35,Zone 3,zomato,cancelled,449,1328,2270,restaurant_closed_early,false
493672,2026-08-06T13:22:54,Zone 1,swiggy,delivered,276,1238,2313,,false
493667,2026-08-06T13:38:14,Zone 1,swiggy,cancelled,349,1097,2209,address_issue,false
493654,2026-08-06T13:55:14,Zone 1,swiggy,delivered,253,643,1542,,false
493730,2026-08-06T13:56:22,Zone 3,swiggy,delivered,432,783,1784,,false
493705,2026-08-06T14:06:04,Zone 3,zomato,delivered,188,1314,1987,,false
493734,2026-08-06T14:08:44,Zone 1,swiggy,delivered,377,992,2225,,false
493759,2026-08-06T14:10:53,Zone 3,zomato,delivered,238,1243,2241,,false
493817,2026-08-06T14:17:59,Zone 2,zomato,delivered,242,717,1516,,false
493767,2026-08-06T14:46:57,Zone 2,zomato,delivered,192,682,1344,,false
493711,2026-08-06T15:53:41,Zone 2,zomato,delivered,423,946,1757,,false
493806,2026-08-06T16:33:43,Zone 3,zomato,delivered,253,599,1637,,false
493782,2026-08-06T16:53:30,Zone 3,swiggy,delivered,172,742,1552,,false
493795,2026-08-06T17:28:18,Zone 3,swiggy,delivered,508,841,1628,,false
493808,2026-08-06T17:32:30,Zone 1,swiggy,delivered,281,1168,2191,,false
493737,2026-08-06T18:02:31,Zone 1,zomato,cancelled,132,977,2040,kitchen_overload,false
493811,2026-08-06T18:31:19,Zone 3,zomato,delivered,303,544,1413,,false
493755,2026-08-06T19:08:17,Zone 3,zomato,delivered,399,873,1610,,false
493751,2026-08-06T19:28:24,Zone 1,swiggy,cancelled,167,859,,customer_cancelled_predispatch,false
493686,2026-08-06T19:39:09,Zone 3,zomato,delivered,492,1296,2614,,false
493769,2026-08-06T19:53:39,Zone 1,swiggy,cancelled,173,1162,,customer_cancelled_predispatch,false
493713,2026-08-06T19:54:38,Zone 1,swiggy,delivered,264,965,2119,,false
493716,2026-08-06T19:54:52,Zone 3,zomato,delivered,450,1026,2059,,false
493676,2026-08-06T20:07:12,Zone 2,zomato,delivered,99,607,1826,,false
493801,2026-08-06T20:31:52,Zone 1,swiggy,delivered,489,808,1505,,false
493729,2026-08-06T20:44:39,Zone 3,swiggy,delivered,551,722,1600,,false
493725,2026-08-06T20:49:06,Zone 3,zomato,delivered,220,1292,2556,,false
493681,2026-08-06T21:14:53,Zone 2,swiggy,delivered,328,936,1961,,false
493765,2026-08-06T21:19:38,Zone 3,swiggy,delivered,151,519,1175,,false
493690,2026-08-06T21:23:01,Zone 3,zomato,delivered,380,1385,2604,,false
493661,2026-08-06T21:27:05,Zone 1,zomato,delivered,106,1160,2094,,false
493741,2026-08-06T21:41:28,Zone 1,zomato,delivered,428,740,1663,,false
493719,2026-08-06T22:22:01,Zone 1,swiggy,cancelled,495,1131,,customer_cancelled_predispatch,false
493840,2026-08-07T03:43:28,Zone 3,swiggy,delivered,629,477,1254,,false
493955,2026-08-07T06:05:16,Zone 1,swiggy,delivered,452,820,1486,,false
494039,2026-08-07T07:03:59,Zone 1,swiggy,delivered,469,638,1807,,false
493894,2026-08-07T08:32:51,Zone 2,swiggy,delivered,177,684,1406,,false
493937,2026-08-07T08:51:56,Zone 1,swiggy,delivered,559,1066,1748,,false
494056,2026-08-07T09:03:32,Zone 1,swiggy,delivered,299,758,1847,,false
493820,2026-08-07T09:07:43,Zone 1,zomato,delivered,699,1152,2104,,false
493884,2026-08-07T09:57:30,Zone 2,zomato,delivered,274,860,1672,,false
494012,2026-08-07T10:05:42,Zone 1,swiggy,delivered,669,418,1745,,false
493952,2026-08-07T10:19:33,Zone 2,swiggy,delivered,361,809,2063,,false
493989,2026-08-07T10:28:35,Zone 1,zomato,delivered,278,589,1539,,false
494028,2026-08-07T11:43:12,Zone 3,swiggy,delivered,229,701,1704,,false
494034,2026-08-07T12:23:23,Zone 2,swiggy,delivered,341,1122,2009,,false
494005,2026-08-07T12:28:38,Zone 2,zomato,delivered,229,507,1481,,false
493934,2026-08-07T12:38:07,Zone 2,swiggy,delivered,445,1175,2146,,false
494066,2026-08-07T12:38:30,Zone 1,swiggy,delivered,456,1279,2128,,false
494047,2026-08-07T13:01:32,Zone 1,swiggy,delivered,285,692,1653,,false
493984,2026-08-07T13:13:27,Zone 3,zomato,cancelled,224,642,,customer_cancelled_predispatch,false
493836,2026-08-07T13:30:46,Zone 1,swiggy,delivered,206,1287,2184,,false
493898,2026-08-07T13:43:39,Zone 3,swiggy,delivered,327,640,1580,,false
493996,2026-08-07T13:47:37,Zone 1,zomato,delivered,396,470,1360,,false
494090,2026-08-07T13:53:23,Zone 3,zomato,delivered,293,1392,2303,,false
493928,2026-08-07T13:53:47,Zone 2,swiggy,cancelled,209,783,2135,item_unavailable,false
493932,2026-08-07T13:55:02,Zone 2,swiggy,delivered,343,975,2031,,false
493879,2026-08-07T14:16:31,Zone 1,swiggy,delivered,138,908,2118,,false
493847,2026-08-07T14:37:53,Zone 2,zomato,delivered,99,1030,2301,,false
493882,2026-08-07T14:52:58,Zone 3,zomato,delivered,99,1318,2367,,false
493890,2026-08-07T15:02:37,Zone 2,swiggy,delivered,188,547,1669,,false
494042,2026-08-07T15:06:43,Zone 1,zomato,delivered,237,878,2027,,false
493923,2026-08-07T15:16:55,Zone 2,zomato,delivered,267,537,1578,,false
494083,2026-08-07T15:28:16,Zone 3,swiggy,delivered,240,1145,2139,,false
493965,2026-08-07T15:30:03,Zone 1,zomato,delivered,447,497,1275,,false
493997,2026-08-07T15:39:49,Zone 1,swiggy,delivered,200,429,1742,,false
493943,2026-08-07T16:41:27,Zone 3,zomato,delivered,296,572,1318,,false
493948,2026-08-07T16:52:50,Zone 2,swiggy,delivered,255,439,1492,,false
493826,2026-08-07T17:03:45,Zone 1,zomato,delivered,175,587,1880,,false
493862,2026-08-07T17:05:44,Zone 3,zomato,delivered,828,1089,2236,,false
493829,2026-08-07T17:31:57,Zone 2,swiggy,delivered,178,1131,2171,,false
493870,2026-08-07T18:04:13,Zone 1,swiggy,delivered,378,625,1664,,false
493849,2026-08-07T18:14:06,Zone 1,zomato,delivered,225,891,1946,,false
493863,2026-08-07T18:16:10,Zone 2,swiggy,delivered,495,614,1399,,false
494078,2026-08-07T18:50:26,Zone 3,swiggy,cancelled,252,734,,customer_cancelled_predispatch,false
493821,2026-08-07T19:01:05,Zone 3,zomato,delivered,535,758,1755,,false
493867,2026-08-07T19:21:36,Zone 1,swiggy,delivered,294,946,1849,,false
494085,2026-08-07T19:25:23,Zone 3,zomato,delivered,568,1145,1867,,false
493999,2026-08-07T19:25:24,Zone 1,zomato,delivered,217,860,1512,,false
493841,2026-08-07T19:34:08,Zone 2,zomato,delivered,636,1311,2298,,false
493978,2026-08-07T19:48:25,Zone 2,zomato,delivered,570,953,1972,,false
493920,2026-08-07T19:52:37,Zone 1,swiggy,delivered,132,1082,1925,,false
493940,2026-08-07T20:09:26,Zone 2,zomato,delivered,305,692,1989,,false
493994,2026-08-07T20:20:47,Zone 2,swiggy,delivered,223,528,1579,,false
493961,2026-08-07T20:22:42,Zone 3,swiggy,delivered,190,1211,2190,,false
493824,2026-08-07T20:34:44,Zone 3,zomato,delivered,396,1009,2312,,false
493981,2026-08-07T20:43:41,Zone 2,zomato,delivered,334,497,1736,,false
493843,2026-08-07T20:48:28,Zone 2,zomato,delivered,204,1336,2491,,false
493874,2026-08-07T21:02:06,Zone 1,zomato,delivered,254,465,1640,,false
493949,2026-08-07T21:04:03,Zone 1,zomato,delivered,298,975,2042,,false
493911,2026-08-07T21:18:53,Zone 3,zomato,delivered,228,626,1619,,false
493966,2026-08-07T21:25:59,Zone 3,zomato,delivered,161,707,1769,,false
494072,2026-08-07T21:36:44,Zone 2,zomato,delivered,812,566,1354,,false
493903,2026-08-07T21:37:27,Zone 2,swiggy,delivered,438,1121,1815,,false
494050,2026-08-07T21:38:59,Zone 2,swiggy,delivered,446,666,1672,,false
493897,2026-08-07T21:41:23,Zone 3,swiggy,cancelled,195,932,,customer_cancelled_predispatch,false
493914,2026-08-07T21:42:27,Zone 2,zomato,delivered,543,960,1881,,false
493858,2026-08-07T21:47:15,Zone 2,swiggy,delivered,357,681,1769,,false
494007,2026-08-07T22:01:07,Zone 3,zomato,delivered,264,1293,1958,,false
494023,2026-08-07T22:09:17,Zone 2,zomato,cancelled,213,761,,customer_cancelled_predispatch,false
494061,2026-08-07T22:17:23,Zone 3,swiggy,delivered,204,1183,2402,,false
494017,2026-08-07T22:22:19,Zone 1,swiggy,delivered,497,825,2043,,false
493832,2026-08-07T22:28:00,Zone 2,zomato,delivered,678,894,1933,,false
493909,2026-08-07T22:33:21,Zone 2,swiggy,delivered,260,1286,2509,,false
494086,2026-08-07T22:40:52,Zone 1,swiggy,delivered,267,1129,2215,,false
493873,2026-08-07T22:41:34,Zone 1,zomato,delivered,385,1147,1877,,false
493972,2026-08-07T22:43:06,Zone 3,swiggy,cancelled,254,1118,2425,item_unavailable,false
493854,2026-08-07T23:05:07,Zone 3,zomato,delivered,543,520,1253,,false
494262,2026-08-08T00:41:04,Zone 1,zomato,delivered,312,515,1648,,false
494225,2026-08-08T01:30:45,Zone 3,swiggy,delivered,448,795,1642,,false
494372,2026-08-08T03:33:21,Zone 3,swiggy,delivered,750,1016,1973,,false
494254,2026-08-08T06:31:54,Zone 3,swiggy,delivered,223,380,1484,,false
494203,2026-08-08T06:48:09,Zone 2,swiggy,cancelled,173,476,,customer_cancelled_predispatch,false
494192,2026-08-08T06:54:08,Zone 1,swiggy,delivered,390,1100,1901,,false
494250,2026-08-08T07:22:45,Zone 3,swiggy,delivered,173,828,1736,,false
494242,2026-08-08T08:03:43,Zone 3,zomato,delivered,374,880,1703,,false
494270,2026-08-08T08:17:42,Zone 2,zomato,delivered,331,472,1421,,false
494176,2026-08-08T08:20:05,Zone 2,zomato,delivered,341,921,1857,,false
494288,2026-08-08T08:22:06,Zone 2,swiggy,delivered,559,906,1935,,false
494355,2026-08-08T08:51:39,Zone 3,swiggy,cancelled,436,432,1873,restaurant_closed_early,false
494361,2026-08-08T09:11:00,Zone 1,zomato,cancelled,322,706,1755,kitchen_overload,false
494188,2026-08-08T09:17:22,Zone 3,zomato,delivered,592,1070,2153,,false
494126,2026-08-08T09:48:26,Zone 2,swiggy,delivered,686,1048,2079,,false
494342,2026-08-08T09:50:45,Zone 1,swiggy,delivered,321,780,1674,,false
494349,2026-08-08T09:53:26,Zone 3,zomato,delivered,179,1071,1947,,false
494184,2026-08-08T10:13:35,Zone 1,swiggy,cancelled,390,1054,1856,courier_no_show,false
494216,2026-08-08T11:06:45,Zone 1,swiggy,delivered,186,749,1633,,false
494170,2026-08-08T12:02:03,Zone 1,zomato,delivered,333,874,1782,,false
494310,2026-08-08T12:04:15,Zone 2,swiggy,delivered,249,574,1731,,false
494110,2026-08-08T12:04:42,Zone 2,swiggy,delivered,409,533,1736,,false
494208,2026-08-08T12:11:15,Zone 3,swiggy,cancelled,550,1303,2221,address_issue,false
494167,2026-08-08T12:26:58,Zone 1,swiggy,delivered,287,854,1680,,false
494195,2026-08-08T12:27:04,Zone 2,swiggy,delivered,283,718,1509,,false
494200,2026-08-08T12:27:26,Zone 2,swiggy,delivered,206,1289,2177,,false
494322,2026-08-08T12:41:17,Zone 3,zomato,delivered,271,1052,2378,,false
494284,2026-08-08T12:59:46,Zone 3,zomato,delivered,542,1176,2072,,false
494132,2026-08-08T13:01:16,Zone 2,swiggy,delivered,435,938,1873,,false
494165,2026-08-08T13:04:54,Zone 1,swiggy,delivered,489,715,1786,,false
494144,2026-08-08T13:05:51,Zone 2,swiggy,cancelled,245,1053,,customer_cancelled_predispatch,false
494104,2026-08-08T13:10:05,Zone 3,swiggy,cancelled,211,832,2077,weather_delay,false
494153,2026-08-08T13:32:15,Zone 3,zomato,delivered,252,1230,2353,,false
494141,2026-08-08T13:33:28,Zone 1,zomato,delivered,222,673,1755,,false
494211,2026-08-08T13:37:44,Zone 3,zomato,delivered,290,519,1377,,false
494128,2026-08-08T13:44:05,Zone 1,zomato,delivered,284,731,1670,,false
494351,2026-08-08T14:10:00,Zone 3,zomato,delivered,257,787,1556,,false
494229,2026-08-08T14:16:14,Zone 3,swiggy,delivered,409,852,2025,,false
494145,2026-08-08T14:50:37,Zone 3,zomato,delivered,552,1295,2238,,false
494231,2026-08-08T15:07:52,Zone 2,zomato,delivered,394,955,2209,,false
494159,2026-08-08T15:25:41,Zone 3,zomato,delivered,580,714,1402,,false
494316,2026-08-08T15:36:10,Zone 1,swiggy,delivered,300,752,1408,,false
494256,2026-08-08T15:41:46,Zone 2,zomato,delivered,570,1021,2252,,false
494135,2026-08-08T15:50:41,Zone 2,zomato,delivered,353,1099,2146,,false
494301,2026-08-08T16:07:11,Zone 1,swiggy,delivered,134,961,1909,,false
494313,2026-08-08T16:14:15,Zone 3,swiggy,delivered,439,881,1915,,false
494197,2026-08-08T16:18:28,Zone 3,swiggy,delivered,233,498,1708,,false
494359,2026-08-08T17:04:03,Zone 2,zomato,delivered,151,517,1701,,false
494314,2026-08-08T17:30:32,Zone 1,zomato,delivered,284,897,1805,,false
494098,2026-08-08T18:01:32,Zone 3,swiggy,delivered,197,758,1738,,false
494305,2026-08-08T18:09:24,Zone 1,swiggy,delivered,291,597,1722,,false
494152,2026-08-08T18:17:03,Zone 3,swiggy,delivered,335,696,1711,,false
494205,2026-08-08T18:20:29,Zone 3,zomato,delivered,136,1181,2313,,false
494111,2026-08-08T18:38:05,Zone 1,zomato,cancelled,184,682,1931,kitchen_overload,false
494292,2026-08-08T18:46:07,Zone 3,swiggy,delivered,304,871,1783,,false
494367,2026-08-08T19:05:33,Zone 3,swiggy,delivered,158,663,1825,,false
494345,2026-08-08T19:07:13,Zone 3,zomato,delivered,372,1414,2434,,false
494328,2026-08-08T19:13:22,Zone 2,zomato,delivered,126,813,1562,,false
494179,2026-08-08T19:15:14,Zone 3,swiggy,delivered,224,652,1696,,false
494239,2026-08-08T19:23:02,Zone 2,swiggy,delivered,481,1223,2407,,false
494204,2026-08-08T19:30:47,Zone 1,zomato,delivered,612,1368,2047,,false
494244,2026-08-08T19:31:37,Zone 3,swiggy,delivered,407,1056,2212,,false
494326,2026-08-08T19:31:46,Zone 3,zomato,delivered,308,1359,2157,,false
494265,2026-08-08T19:33:01,Zone 3,zomato,delivered,423,923,1920,,false
494122,2026-08-08T19:33:10,Zone 3,swiggy,delivered,344,760,1725,,false
494352,2026-08-08T19:36:18,Zone 2,zomato,delivered,491,758,1676,,false
494274,2026-08-08T19:47:38,Zone 1,swiggy,delivered,323,780,1703,,false
494257,2026-08-08T19:50:47,Zone 1,swiggy,delivered,156,1332,2287,,false
494148,2026-08-08T19:56:41,Zone 1,zomato,delivered,167,692,1682,,false
494222,2026-08-08T20:06:03,Zone 1,swiggy,delivered,516,710,1895,,false
494341,2026-08-08T20:34:20,Zone 1,zomato,delivered,228,1065,1901,,false
494279,2026-08-08T20:43:07,Zone 3,swiggy,delivered,263,1329,2237,,false
494116,2026-08-08T20:45:13,Zone 2,swiggy,delivered,104,1151,2181,,false
494094,2026-08-08T20:55:48,Zone 2,swiggy,delivered,573,1244,2456,,false
494346,2026-08-08T20:56:40,Zone 1,swiggy,delivered,327,785,1472,,false
494343,2026-08-08T21:09:07,Zone 1,swiggy,delivered,127,1077,2353,,false
494183,2026-08-08T21:30:57,Zone 2,zomato,delivered,190,1030,2226,,false
494194,2026-08-08T21:32:52,Zone 1,zomato,delivered,99,1164,2070,,false
494217,2026-08-08T22:21:47,Zone 2,swiggy,delivered,516,715,1718,,false
494236,2026-08-08T22:40:52,Zone 3,swiggy,delivered,406,761,1729,,false
494333,2026-08-08T23:10:03,Zone 1,swiggy,delivered,530,965,2066,,false
494338,2026-08-08T23:11:56,Zone 1,swiggy,delivered,146,1118,2452,,false
494146,2026-08-08T23:33:04,Zone 3,swiggy,delivered,602,1037,2227,,false
494298,2026-08-08T23:59:39,Zone 3,swiggy,delivered,353,586,1641,,false
494388,2026-08-09T01:05:13,Zone 3,zomato,delivered,281,505,1753,,false
494431,2026-08-09T06:53:13,Zone 1,zomato,delivered,427,826,2153,,false
494400,2026-08-09T09:03:33,Zone 3,swiggy,delivered,265,828,2153,,false
494397,2026-08-09T09:26:19,Zone 3,zomato,delivered,193,487,1762,,false
494501,2026-08-09T09:26:23,Zone 3,zomato,delivered,237,448,1175,,false
494504,2026-08-09T10:21:23,Zone 3,swiggy,delivered,241,772,1525,,false
494492,2026-08-09T11:15:03,Zone 3,swiggy,delivered,212,485,1305,,false
494499,2026-08-09T11:16:27,Zone 2,zomato,delivered,344,933,1628,,false
494433,2026-08-09T11:51:29,Zone 2,swiggy,delivered,259,770,2112,,false
494464,2026-08-09T11:57:23,Zone 2,swiggy,delivered,568,996,2075,,false
494478,2026-08-09T12:31:15,Zone 3,zomato,delivered,168,840,2080,,false
494536,2026-08-09T13:03:43,Zone 2,zomato,delivered,463,1109,2415,,false
494468,2026-08-09T13:06:37,Zone 1,zomato,delivered,152,1348,2416,,false
494532,2026-08-09T13:12:49,Zone 2,swiggy,delivered,428,495,1507,,false
494530,2026-08-09T13:31:51,Zone 2,zomato,delivered,214,599,1444,,false
494406,2026-08-09T13:34:16,Zone 3,zomato,delivered,172,1167,1939,,false
494526,2026-08-09T13:47:32,Zone 3,zomato,delivered,136,901,1747,,false
494389,2026-08-09T14:09:00,Zone 3,zomato,delivered,99,1236,2319,,false
494498,2026-08-09T14:35:23,Zone 1,swiggy,delivered,175,664,1627,,false
494412,2026-08-09T14:53:05,Zone 1,zomato,delivered,217,1118,1937,,false
494451,2026-08-09T15:37:37,Zone 3,zomato,cancelled,248,782,,customer_cancelled_predispatch,false
494517,2026-08-09T15:47:28,Zone 3,swiggy,delivered,318,504,1530,,false
494416,2026-08-09T15:51:02,Zone 2,swiggy,delivered,514,998,2092,,false
494452,2026-08-09T16:54:41,Zone 2,swiggy,delivered,466,1024,1872,,false
494392,2026-08-09T17:19:44,Zone 2,zomato,delivered,334,742,1773,,false
494474,2026-08-09T17:21:06,Zone 1,zomato,delivered,497,414,1578,,false
494459,2026-08-09T18:00:51,Zone 3,swiggy,delivered,387,918,1763,,false
494383,2026-08-09T18:07:41,Zone 1,swiggy,delivered,364,669,1396,,false
494435,2026-08-09T18:13:37,Zone 2,zomato,delivered,493,1057,2093,,false
494522,2026-08-09T18:36:14,Zone 2,zomato,cancelled,178,851,2021,courier_no_show,false
494500,2026-08-09T18:36:30,Zone 1,swiggy,delivered,245,618,1482,,false
494456,2026-08-09T18:39:50,Zone 1,swiggy,delivered,273,1277,1976,,false
494547,2026-08-09T18:56:10,Zone 3,zomato,cancelled,101,1030,2345,courier_no_show,false
494527,2026-08-09T18:57:43,Zone 2,zomato,cancelled,416,1073,2409,kitchen_overload,false
494394,2026-08-09T19:09:29,Zone 3,zomato,delivered,218,1333,2408,,false
494445,2026-08-09T19:10:49,Zone 2,swiggy,cancelled,99,1188,,customer_cancelled_predispatch,false
494421,2026-08-09T19:37:48,Zone 2,zomato,delivered,734,1355,2685,,false
494509,2026-08-09T19:43:14,Zone 3,swiggy,cancelled,640,599,1924,courier_no_show,false
494377,2026-08-09T19:46:30,Zone 1,swiggy,delivered,252,767,1477,,false
494441,2026-08-09T20:14:35,Zone 1,zomato,delivered,539,677,1461,,false
494479,2026-08-09T20:29:55,Zone 3,swiggy,delivered,204,598,1557,,false
494514,2026-08-09T20:51:48,Zone 3,zomato,delivered,370,1039,2007,,false
494485,2026-08-09T20:56:08,Zone 1,swiggy,delivered,490,909,1908,,false
494425,2026-08-09T20:57:55,Zone 2,swiggy,delivered,102,664,1796,,false
494488,2026-08-09T21:04:05,Zone 2,zomato,delivered,214,1323,2326,,false
494449,2026-08-09T21:22:57,Zone 3,swiggy,cancelled,338,1018,,customer_cancelled_predispatch,false
494541,2026-08-09T21:28:48,Zone 3,zomato,delivered,307,946,2276,,false
494484,2026-08-09T21:55:33,Zone 3,zomato,delivered,210,759,1886,,false
494533,2026-08-09T21:57:29,Zone 1,swiggy,delivered,313,1199,2240,,false
494689,2026-08-10T00:28:48,Zone 1,swiggy,delivered,397,1119,2438,,false
494694,2026-08-10T00:36:35,Zone 1,swiggy,cancelled,99,1112,2485,kitchen_overload,false
494702,2026-08-10T06:38:03,Zone 1,swiggy,delivered,415,1034,1769,,false
494671,2026-08-10T09:10:35,Zone 1,swiggy,delivered,462,782,1907,,false
494710,2026-08-10T09:20:51,Zone 3,zomato,delivered,335,680,1642,,false
494587,2026-08-10T10:04:43,Zone 1,zomato,delivered,293,918,2092,,false
494632,2026-08-10T11:23:16,Zone 3,zomato,delivered,105,456,1536,,false
494572,2026-08-10T12:05:32,Zone 3,swiggy,delivered,166,696,1611,,false
494682,2026-08-10T12:13:20,Zone 1,zomato,delivered,210,1267,2468,,false
494561,2026-08-10T12:19:53,Zone 3,zomato,delivered,361,899,1970,,false
494610,2026-08-10T12:42:47,Zone 2,zomato,delivered,331,477,1348,,false
494598,2026-08-10T12:48:49,Zone 2,swiggy,cancelled,342,1030,,customer_cancelled_predispatch,false
494664,2026-08-10T12:54:09,Zone 1,swiggy,delivered,203,816,1557,,false
494676,2026-08-10T13:22:10,Zone 3,zomato,delivered,301,866,1707,,false
494657,2026-08-10T13:51:19,Zone 3,zomato,delivered,456,901,1632,,false
494555,2026-08-10T13:52:31,Zone 3,zomato,delivered,289,1235,2236,,false
494735,2026-08-10T14:06:31,Zone 1,swiggy,delivered,238,1208,1933,,false
494590,2026-08-10T14:12:35,Zone 3,swiggy,delivered,293,805,1674,,false
494667,2026-08-10T14:29:26,Zone 3,zomato,delivered,230,1091,2206,,false
494573,2026-08-10T14:32:50,Zone 1,swiggy,delivered,134,488,1307,,false
494620,2026-08-10T14:50:37,Zone 1,swiggy,delivered,99,1222,2145,,false
494749,2026-08-10T14:51:59,Zone 2,swiggy,delivered,295,890,1997,,false
494658,2026-08-10T15:12:46,Zone 2,zomato,delivered,433,1055,1780,,false
494752,2026-08-10T15:39:57,Zone 1,swiggy,delivered,128,869,1596,,false
494718,2026-08-10T16:00:10,Zone 1,zomato,delivered,334,796,1936,,false
494557,2026-08-10T16:00:14,Zone 1,swiggy,delivered,108,634,1304,,false
494723,2026-08-10T16:21:43,Zone 2,zomato,delivered,373,474,1332,,false
494696,2026-08-10T16:54:53,Zone 1,swiggy,delivered,316,1164,2333,,false
494698,2026-08-10T17:03:57,Zone 3,swiggy,delivered,404,428,1459,,false
494549,2026-08-10T17:04:07,Zone 1,swiggy,cancelled,301,853,1629,payment_failed,false
494745,2026-08-10T17:53:55,Zone 3,zomato,delivered,344,923,1633,,false
494731,2026-08-10T18:07:18,Zone 1,swiggy,cancelled,354,716,1623,payment_failed,false
494626,2026-08-10T18:08:47,Zone 2,zomato,delivered,548,955,2176,,false
494652,2026-08-10T18:22:09,Zone 3,swiggy,delivered,529,1235,2393,,false
494705,2026-08-10T18:48:17,Zone 1,zomato,cancelled,407,796,,customer_cancelled_predispatch,false
494692,2026-08-10T18:50:24,Zone 1,swiggy,delivered,266,650,1549,,false
494629,2026-08-10T18:57:41,Zone 3,swiggy,delivered,370,450,1117,,false
494584,2026-08-10T19:07:37,Zone 2,swiggy,delivered,478,670,1572,,false
494712,2026-08-10T19:12:10,Zone 1,zomato,cancelled,340,893,2344,kitchen_overload,false
494646,2026-08-10T19:44:49,Zone 1,zomato,delivered,379,723,1481,,false
494568,2026-08-10T19:47:32,Zone 2,swiggy,delivered,312,984,2288,,false
494579,2026-08-10T20:17:12,Zone 3,swiggy,delivered,274,782,1988,,false
494583,2026-08-10T20:21:13,Zone 1,swiggy,delivered,411,609,1439,,false
494687,2026-08-10T20:33:13,Zone 2,zomato,cancelled,191,830,,customer_cancelled_predispatch,false
494595,2026-08-10T20:36:45,Zone 1,zomato,delivered,288,1019,1900,,false
494641,2026-08-10T20:45:30,Zone 1,zomato,delivered,515,857,1669,,false
494739,2026-08-10T20:58:45,Zone 2,zomato,delivered,301,1045,1989,,false
494563,2026-08-10T21:03:48,Zone 2,swiggy,delivered,543,1404,2364,,false
494725,2026-08-10T21:28:11,Zone 2,zomato,delivered,430,635,1522,,false
494604,2026-08-10T21:37:52,Zone 1,swiggy,delivered,260,685,1374,,false
494554,2026-08-10T21:44:19,Zone 2,swiggy,delivered,338,726,1464,,false
494615,2026-08-10T21:45:42,Zone 1,zomato,delivered,711,1238,2440,,false
494618,2026-08-10T21:58:08,Zone 1,zomato,delivered,315,707,1548,,false
494638,2026-08-10T23:14:09,Zone 3,swiggy,delivered,300,1168,2475,,false
494763,2026-08-11T00:02:30,Zone 2,swiggy,delivered,125,704,1760,,false
494776,2026-08-11T00:55:21,Zone 3,swiggy,cancelled,414,1086,2001,weather_delay,false
494887,2026-08-11T07:25:21,Zone 2,zomato,cancelled,213,912,,customer_cancelled_predispatch,false
494924,2026-08-11T07:59:45,Zone 3,zomato,delivered,250,384,1210,,false
494788,2026-08-11T09:17:50,Zone 1,swiggy,delivered,654,646,1434,,false
494878,2026-08-11T09:56:00,Zone 3,zomato,cancelled,618,888,2084,restaurant_closed_early,false
494821,2026-08-11T10:29:41,Zone 2,swiggy,delivered,246,1066,2340,,false
494807,2026-08-11T11:13:45,Zone 3,swiggy,delivered,400,1000,2060,,false
494846,2026-08-11T11:27:04,Zone 3,swiggy,delivered,102,547,1524,,false
494852,2026-08-11T12:02:15,Zone 3,swiggy,delivered,218,955,2002,,false
494889,2026-08-11T12:08:24,Zone 2,zomato,delivered,141,669,1539,,false
494804,2026-08-11T13:17:10,Zone 2,zomato,delivered,397,1159,2159,,false
494856,2026-08-11T13:33:31,Zone 2,zomato,cancelled,263,565,,customer_cancelled_predispatch,false
494907,2026-08-11T13:59:06,Zone 2,swiggy,delivered,149,701,1891,,false
494920,2026-08-11T14:29:42,Zone 3,zomato,delivered,136,816,2154,,false
494757,2026-08-11T14:42:38,Zone 3,zomato,delivered,222,1278,2117,,false
494824,2026-08-11T14:52:47,Zone 2,zomato,delivered,324,1036,2256,,false
494928,2026-08-11T14:56:13,Zone 1,swiggy,delivered,577,943,2005,,false
494876,2026-08-11T15:55:23,Zone 2,zomato,delivered,193,994,2335,,false
494901,2026-08-11T16:42:35,Zone 1,swiggy,delivered,439,500,1482,,false
494794,2026-08-11T18:05:42,Zone 2,zomato,delivered,274,1051,2313,,false
494772,2026-08-11T18:23:14,Zone 3,swiggy,delivered,517,436,1593,,false
494840,2026-08-11T18:34:33,Zone 2,zomato,delivered,328,844,1687,,false
494883,2026-08-11T18:40:17,Zone 3,swiggy,delivered,581,1069,1847,,false
494866,2026-08-11T18:45:56,Zone 2,zomato,delivered,125,1246,2374,,false
494899,2026-08-11T18:50:29,Zone 1,swiggy,delivered,241,506,1164,,false
494815,2026-08-11T19:00:18,Zone 1,swiggy,delivered,306,541,1658,,false
494919,2026-08-11T19:02:14,Zone 3,zomato,delivered,152,808,1946,,false
494860,2026-08-11T19:29:45,Zone 3,swiggy,delivered,674,669,1817,,false
494904,2026-08-11T19:31:27,Zone 2,swiggy,delivered,123,818,1704,,false
494850,2026-08-11T19:41:33,Zone 3,swiggy,delivered,120,608,1930,,false
494859,2026-08-11T19:59:16,Zone 2,zomato,delivered,202,912,1944,,false
494836,2026-08-11T19:59:21,Zone 1,swiggy,delivered,252,652,1345,,false
494910,2026-08-11T20:08:38,Zone 1,zomato,delivered,590,831,1550,,false
494898,2026-08-11T20:22:03,Zone 1,swiggy,cancelled,479,670,2122,item_unavailable,false
494809,2026-08-11T20:57:53,Zone 1,zomato,delivered,99,1307,2636,,false
494770,2026-08-11T21:11:04,Zone 3,swiggy,delivered,354,1096,1990,,false
494782,2026-08-11T21:15:52,Zone 2,zomato,delivered,160,880,1717,,false
494853,2026-08-11T21:15:52,Zone 3,swiggy,cancelled,153,716,1817,courier_no_show,false
494915,2026-08-11T21:32:11,Zone 3,swiggy,delivered,204,1005,2077,,false
494786,2026-08-11T21:38:54,Zone 3,zomato,delivered,327,507,1814,,false
494871,2026-08-11T21:44:07,Zone 2,zomato,delivered,152,1168,2420,,false
494880,2026-08-11T21:47:43,Zone 3,swiggy,delivered,147,1207,2303,,false
494912,2026-08-11T21:53:54,Zone 2,zomato,delivered,298,1282,2361,,false
494875,2026-08-11T22:19:40,Zone 2,zomato,delivered,376,1213,2062,,false
494894,2026-08-11T22:38:48,Zone 3,swiggy,delivered,229,555,1413,,false
494830,2026-08-11T22:52:30,Zone 2,swiggy,delivered,219,471,1127,,false
494800,2026-08-11T22:57:30,Zone 2,swiggy,delivered,299,562,1719,,false
494768,2026-08-11T23:57:44,Zone 1,swiggy,delivered,989,1025,1930,,false
495060,2026-08-12T06:55:38,Zone 1,swiggy,delivered,131,891,1672,,false
494968,2026-08-12T08:04:14,Zone 1,zomato,delivered,521,1001,2336,,false
495003,2026-08-12T08:06:59,Zone 2,zomato,delivered,273,527,1447,,false
495100,2026-08-12T08:39:38,Zone 2,swiggy,delivered,103,445,1594,,false
494941,2026-08-12T08:58:13,Zone 2,swiggy,delivered,292,505,1757,,false
495027,2026-08-12T09:13:06,Zone 3,swiggy,delivered,369,571,1391,,false
495041,2026-08-12T09:49:29,Zone 2,swiggy,cancelled,366,401,,customer_cancelled_predispatch,false
494977,2026-08-12T10:16:01,Zone 3,zomato,cancelled,423,551,1682,item_unavailable,false
494964,2026-08-12T10:31:25,Zone 1,swiggy,delivered,170,564,1806,,false
495051,2026-08-12T11:11:57,Zone 3,swiggy,delivered,394,1016,2269,,false
494934,2026-08-12T11:44:48,Zone 1,swiggy,delivered,398,1147,2299,,false
495099,2026-08-12T12:01:07,Zone 2,swiggy,delivered,194,1281,2305,,false
494973,2026-08-12T12:09:10,Zone 2,swiggy,delivered,460,1326,2252,,false
494939,2026-08-12T12:10:29,Zone 1,zomato,delivered,742,1306,2294,,false
494988,2026-08-12T12:26:32,Zone 3,zomato,delivered,251,761,1527,,false
495088,2026-08-12T12:28:39,Zone 1,swiggy,delivered,415,473,1314,,false
495037,2026-08-12T12:35:38,Zone 2,swiggy,delivered,153,1011,2325,,false
494981,2026-08-12T12:42:18,Zone 2,zomato,delivered,99,857,1719,,false
495093,2026-08-12T13:02:21,Zone 1,swiggy,delivered,306,888,1634,,false
494954,2026-08-12T13:13:20,Zone 3,swiggy,delivered,151,1414,2536,,false
495101,2026-08-12T13:30:51,Zone 3,swiggy,delivered,424,801,1759,,false
495068,2026-08-12T13:33:57,Zone 1,zomato,cancelled,325,1181,1970,item_unavailable,false
495016,2026-08-12T13:51:05,Zone 3,swiggy,delivered,620,683,1941,,false
494957,2026-08-12T14:52:36,Zone 3,swiggy,delivered,528,1128,2272,,false
495062,2026-08-12T15:10:23,Zone 3,swiggy,delivered,180,479,1371,,false
495075,2026-08-12T15:14:49,Zone 1,swiggy,delivered,365,960,1847,,false
494959,2026-08-12T15:20:09,Zone 2,swiggy,cancelled,228,513,,customer_cancelled_predispatch,false
494986,2026-08-12T15:25:24,Zone 1,zomato,delivered,296,402,1496,,false
495105,2026-08-12T15:32:35,Zone 3,zomato,delivered,140,1042,1731,,false
494948,2026-08-12T16:01:15,Zone 1,swiggy,delivered,204,628,1732,,false
494992,2026-08-12T16:11:24,Zone 2,zomato,delivered,202,511,1731,,false
494998,2026-08-12T16:40:19,Zone 3,swiggy,delivered,348,973,1661,,false
495017,2026-08-12T18:34:01,Zone 2,zomato,delivered,226,490,1723,,false
495054,2026-08-12T18:46:12,Zone 2,zomato,delivered,154,578,1705,,false
495042,2026-08-12T18:48:47,Zone 3,swiggy,delivered,258,618,1925,,false
495081,2026-08-12T19:01:18,Zone 1,zomato,cancelled,132,1228,2286,courier_no_show,false
495000,2026-08-12T19:29:11,Zone 3,zomato,delivered,220,1324,2252,,false
494945,2026-08-12T19:30:59,Zone 3,swiggy,delivered,269,937,1803,,false
495084,2026-08-12T20:00:33,Zone 2,swiggy,delivered,236,932,1930,,false
495050,2026-08-12T20:19:27,Zone 1,swiggy,delivered,396,1175,1918,,false
495008,2026-08-12T20:33:44,Zone 3,zomato,delivered,390,1457,2796,,false
495074,2026-08-12T20:59:29,Zone 2,zomato,delivered,248,993,2171,,false
495045,2026-08-12T21:33:15,Zone 3,zomato,delivered,333,574,1443,,false
495033,2026-08-12T21:40:48,Zone 1,swiggy,delivered,509,635,1317,,false
495014,2026-08-12T21:48:15,Zone 3,zomato,delivered,429,545,1630,,false
495022,2026-08-12T22:31:31,Zone 3,swiggy,delivered,99,1205,2415,,false
494960,2026-08-12T23:08:20,Zone 3,swiggy,delivered,318,694,1661,,false
494953,2026-08-12T23:42:26,Zone 1,zomato,delivered,123,729,1464,,false
495182,2026-08-13T06:32:05,Zone 1,zomato,delivered,317,999,1767,,false
495193,2026-08-13T06:51:55,Zone 2,swiggy,delivered,302,449,1658,,false
495178,2026-08-13T08:20:51,Zone 1,zomato,delivered,412,569,1837,,false
495163,2026-08-13T09:29:21,Zone 3,swiggy,delivered,406,1055,2077,,false
495198,2026-08-13T09:37:00,Zone 1,swiggy,delivered,99,550,1201,,false
495202,2026-08-13T12:03:11,Zone 1,zomato,delivered,393,1373,2696,,false
495188,2026-08-13T12:03:52,Zone 1,swiggy,delivered,289,1134,1864,,false
495146,2026-08-13T12:15:54,Zone 3,zomato,delivered,399,548,1370,,false
495180,2026-08-13T12:43:57,Zone 1,zomato,delivered,562,692,2040,,false
495138,2026-08-13T13:08:43,Zone 1,zomato,delivered,248,1226,2373,,false
495111,2026-08-13T13:19:34,Zone 1,swiggy,delivered,368,560,1801,,false
495160,2026-08-13T13:23:51,Zone 1,zomato,delivered,413,724,1477,,false
495177,2026-08-13T13:41:58,Zone 2,zomato,delivered,271,1241,2489,,false
495166,2026-08-13T13:54:40,Zone 2,swiggy,delivered,395,1335,2329,,false
495224,2026-08-13T15:30:19,Zone 2,swiggy,delivered,373,996,1868,,false
495118,2026-08-13T16:51:02,Zone 3,zomato,delivered,355,1195,2059,,false
495122,2026-08-13T17:10:28,Zone 3,swiggy,delivered,192,920,1982,,false
495218,2026-08-13T18:01:21,Zone 2,zomato,delivered,418,903,1826,,false
495116,2026-08-13T18:47:01,Zone 2,zomato,cancelled,533,701,2097,weather_delay,false
495204,2026-08-13T19:07:59,Zone 1,swiggy,delivered,133,1071,1981,,false
495211,2026-08-13T19:18:05,Zone 3,swiggy,delivered,279,688,1511,,false
495127,2026-08-13T19:34:17,Zone 2,swiggy,delivered,213,956,2276,,false
495143,2026-08-13T19:35:46,Zone 2,swiggy,delivered,181,931,2267,,false
495129,2026-08-13T19:56:12,Zone 2,swiggy,delivered,315,487,1315,,false
495172,2026-08-13T19:57:16,Zone 2,swiggy,delivered,378,901,2061,,false
495152,2026-08-13T20:07:16,Zone 3,swiggy,delivered,282,1367,2141,,false
495197,2026-08-13T20:33:58,Zone 2,zomato,delivered,99,910,1746,,false
495231,2026-08-13T20:40:26,Zone 2,swiggy,delivered,461,905,2029,,false
495226,2026-08-13T20:52:54,Zone 2,zomato,delivered,257,1227,2249,,false
495154,2026-08-13T21:13:25,Zone 3,swiggy,delivered,291,651,1499,,false
495215,2026-08-13T21:17:29,Zone 3,zomato,delivered,203,933,1936,,false
495115,2026-08-13T21:21:44,Zone 2,zomato,delivered,311,533,1273,,false
495134,2026-08-13T21:39:15,Zone 2,zomato,delivered,195,970,1820,,false
495208,2026-08-13T21:39:25,Zone 2,zomato,delivered,493,1301,2603,,false
495212,2026-08-13T21:58:27,Zone 3,swiggy,delivered,269,1351,2420,,false
495235,2026-08-13T22:25:01,Zone 2,swiggy,delivered,184,872,1638,,false
495395,2026-08-14T03:12:22,Zone 2,zomato,delivered,262,653,1419,,false
495315,2026-08-14T06:24:16,Zone 2,zomato,delivered,292,585,1678,,false
495351,2026-08-14T07:40:31,Zone 1,zomato,delivered,105,705,1564,,false
495289,2026-08-14T08:15:12,Zone 3,swiggy,delivered,330,618,1479,,false
495339,2026-08-14T08:45:44,Zone 1,zomato,delivered,279,1195,2382,,false
495277,2026-08-14T09:33:38,Zone 2,swiggy,delivered,170,705,1777,,false
495365,2026-08-14T10:20:23,Zone 3,swiggy,delivered,292,860,1540,,false
495318,2026-08-14T10:52:19,Zone 3,swiggy,delivered,177,1119,1969,,false
495409,2026-08-14T11:04:35,Zone 1,zomato,delivered,421,491,1256,,false
495340,2026-08-14T11:52:37,Zone 1,swiggy,delivered,270,536,1784,,false
495398,2026-08-14T12:13:48,Zone 1,swiggy,delivered,455,1095,2269,,false
495367,2026-08-14T12:59:47,Zone 2,swiggy,delivered,99,794,1733,,false
495349,2026-08-14T13:02:47,Zone 3,zomato,delivered,117,1102,2382,,false
495273,2026-08-14T13:04:19,Zone 3,zomato,delivered,263,1221,2491,,false
495270,2026-08-14T13:05:21,Zone 3,zomato,delivered,233,1172,2046,,false
495358,2026-08-14T13:11:45,Zone 3,zomato,delivered,197,1002,2133,,false
495258,2026-08-14T13:29:50,Zone 3,swiggy,delivered,418,1204,2450,,false
495400,2026-08-14T13:43:46,Zone 3,zomato,delivered,134,1125,2451,,false
495247,2026-08-14T13:52:28,Zone 3,zomato,delivered,832,773,1763,,false
495376,2026-08-14T13:53:48,Zone 3,zomato,delivered,354,1011,2100,,false
495265,2026-08-14T14:16:43,Zone 3,zomato,delivered,208,679,1370,,false
495370,2026-08-14T14:38:25,Zone 2,swiggy,delivered,171,1249,2416,,false
495293,2026-08-14T14:51:55,Zone 1,swiggy,delivered,99,616,1903,,false
495238,2026-08-14T14:53:41,Zone 3,swiggy,delivered,230,492,1692,,false
495328,2026-08-14T15:20:52,Zone 3,swiggy,delivered,423,1005,1908,,false
495385,2026-08-14T16:25:37,Zone 3,swiggy,delivered,278,1007,2235,,false
495343,2026-08-14T17:31:34,Zone 2,swiggy,delivered,373,905,1587,,false
495361,2026-08-14T17:58:05,Zone 3,swiggy,delivered,692,829,1999,,false
495260,2026-08-14T18:40:58,Zone 2,zomato,delivered,501,720,1921,,false
495299,2026-08-14T18:46:10,Zone 3,swiggy,delivered,215,1071,2010,,false
495379,2026-08-14T18:53:11,Zone 3,zomato,cancelled,474,548,,customer_cancelled_predispatch,false
495396,2026-08-14T19:19:51,Zone 1,swiggy,delivered,99,506,1268,,false
495241,2026-08-14T19:20:25,Zone 1,swiggy,delivered,230,1222,2534,,false
495329,2026-08-14T19:29:29,Zone 1,swiggy,delivered,346,1216,1925,,false
495311,2026-08-14T19:36:20,Zone 1,zomato,delivered,346,603,1385,,false
495334,2026-08-14T19:52:45,Zone 3,swiggy,delivered,382,845,1932,,false
495353,2026-08-14T20:37:39,Zone 3,zomato,delivered,276,967,1958,,false
495369,2026-08-14T21:04:14,Zone 2,swiggy,delivered,191,1331,2339,,false
495308,2026-08-14T21:13:16,Zone 1,swiggy,delivered,264,571,1319,,false
495391,2026-08-14T21:15:29,Zone 3,zomato,cancelled,266,1241,2080,restaurant_closed_early,false
495347,2026-08-14T21:19:24,Zone 3,zomato,delivered,390,870,1969,,false
495406,2026-08-14T21:34:00,Zone 3,zomato,delivered,427,780,1719,,false
495271,2026-08-14T21:34:21,Zone 3,swiggy,delivered,910,824,1587,,false
495253,2026-08-14T21:35:51,Zone 3,swiggy,delivered,131,781,1817,,false
495283,2026-08-14T21:42:13,Zone 2,swiggy,delivered,457,925,2139,,false
495314,2026-08-14T22:05:13,Zone 3,zomato,delivered,245,708,1378,,false
495303,2026-08-14T22:50:29,Zone 1,swiggy,delivered,506,705,1587,,false
495377,2026-08-14T23:47:12,Zone 2,zomato,delivered,118,904,1697,,false
495324,2026-08-14T23:47:16,Zone 1,zomato,delivered,595,597,1444,,false
495472,2026-08-15T03:58:36,Zone 2,zomato,cancelled,295,484,1363,kitchen_overload,false
495533,2026-08-15T04:26:00,Zone 2,swiggy,delivered,152,488,1469,,false
495483,2026-08-15T07:20:33,Zone 1,zomato,delivered,521,1033,2010,,false
495500,2026-08-15T07:48:22,Zone 1,zomato,cancelled,368,833,,customer_cancelled_predispatch,false
495529,2026-08-15T08:09:33,Zone 1,swiggy,delivered,99,997,2123,,false
495417,2026-08-15T08:11:42,Zone 2,zomato,delivered,99,682,1814,,false
495482,2026-08-15T09:37:51,Zone 2,zomato,delivered,162,797,1481,,false
495573,2026-08-15T10:33:47,Zone 2,swiggy,delivered,400,764,1751,,false
495438,2026-08-15T10:37:29,Zone 2,swiggy,delivered,139,460,1418,,false
495495,2026-08-15T10:42:34,Zone 1,zomato,delivered,185,475,1533,,false
495467,2026-08-15T12:02:45,Zone 2,swiggy,delivered,401,1322,2019,,false
495558,2026-08-15T12:15:54,Zone 3,zomato,delivered,216,1272,2461,,false
495551,2026-08-15T12:55:22,Zone 1,swiggy,delivered,478,485,1598,,false
495556,2026-08-15T13:03:11,Zone 2,zomato,delivered,112,751,1642,,false
495523,2026-08-15T13:05:35,Zone 1,swiggy,delivered,313,791,1725,,false
495411,2026-08-15T13:11:32,Zone 3,swiggy,delivered,335,649,1643,,false
495591,2026-08-15T14:22:15,Zone 2,zomato,delivered,143,684,1379,,false
495457,2026-08-15T14:22:46,Zone 3,swiggy,delivered,169,1063,2262,,false
495479,2026-08-15T14:46:38,Zone 2,zomato,delivered,257,1240,2237,,false
495462,2026-08-15T14:59:48,Zone 3,swiggy,delivered,403,781,1660,,false
495428,2026-08-15T15:04:08,Zone 3,swiggy,delivered,174,908,1981,,false
495525,2026-08-15T15:04:37,Zone 3,zomato,delivered,562,896,2158,,false
495561,2026-08-15T15:21:04,Zone 3,zomato,delivered,466,1167,2099,,false
495410,2026-08-15T16:50:38,Zone 3,swiggy,delivered,278,581,1888,,false
495434,2026-08-15T17:10:51,Zone 2,swiggy,delivered,331,1163,1865,,false
495478,2026-08-15T17:18:53,Zone 2,swiggy,delivered,99,1088,1909,,false
495567,2026-08-15T18:00:52,Zone 1,swiggy,delivered,227,1202,1914,,false
495596,2026-08-15T18:10:20,Zone 3,zomato,delivered,211,455,1216,,false
495489,2026-08-15T18:17:06,Zone 1,swiggy,delivered,125,527,1422,,false
495453,2026-08-15T18:27:21,Zone 2,zomato,delivered,1021,1055,1768,,false
495506,2026-08-15T18:39:39,Zone 3,swiggy,delivered,435,553,1700,,false
495419,2026-08-15T19:06:42,Zone 1,swiggy,delivered,258,907,1847,,false
495510,2026-08-15T19:29:24,Zone 1,zomato,delivered,589,980,2257,,false
495514,2026-08-15T19:41:12,Zone 2,swiggy,delivered,285,1206,2300,,false
495547,2026-08-15T19:52:33,Zone 1,zomato,delivered,168,1291,2618,,false
495484,2026-08-15T20:02:01,Zone 3,zomato,delivered,305,1423,2382,,false
495542,2026-08-15T20:06:44,Zone 1,swiggy,delivered,264,929,2144,,false
495575,2026-08-15T20:11:57,Zone 2,swiggy,delivered,436,1479,2659,,false
495487,2026-08-15T20:14:40,Zone 3,swiggy,delivered,610,718,2047,,false
495476,2026-08-15T20:32:14,Zone 2,swiggy,cancelled,309,1114,2500,courier_no_show,false
495441,2026-08-15T20:36:42,Zone 3,zomato,delivered,359,749,1532,,false
495579,2026-08-15T20:44:11,Zone 2,zomato,delivered,654,1282,2439,,false
495550,2026-08-15T20:52:33,Zone 3,zomato,delivered,148,1221,2046,,false
495552,2026-08-15T20:54:34,Zone 3,swiggy,delivered,330,554,1385,,false
495440,2026-08-15T21:08:32,Zone 3,zomato,delivered,552,1268,2378,,false
495422,2026-08-15T21:37:40,Zone 1,zomato,delivered,526,818,1857,,false
495447,2026-08-15T21:52:16,Zone 3,swiggy,cancelled,592,1290,2725,weather_delay,false
495520,2026-08-15T21:52:28,Zone 1,swiggy,delivered,274,1304,2198,,false
495513,2026-08-15T21:57:12,Zone 1,swiggy,delivered,387,991,1842,,false
495585,2026-08-15T22:05:49,Zone 3,zomato,cancelled,449,1096,2595,weather_delay,false
495536,2026-08-15T22:24:20,Zone 3,swiggy,delivered,192,939,2253,,false
495480,2026-08-15T22:45:42,Zone 3,swiggy,delivered,329,481,1280,,false
495714,2026-08-16T07:05:16,Zone 3,swiggy,delivered,463,639,1430,,false
495674,2026-08-16T07:20:07,Zone 1,swiggy,delivered,322,862,1714,,false
495629,2026-08-16T07:42:50,Zone 1,swiggy,delivered,224,537,1624,,false
495644,2026-08-16T08:36:58,Zone 3,swiggy,delivered,499,396,1401,,false
495687,2026-08-16T09:00:35,Zone 2,swiggy,delivered,336,914,2164,,false
495669,2026-08-16T10:41:02,Zone 1,swiggy,delivered,228,1080,1964,,false
495761,2026-08-16T10:46:27,Zone 3,swiggy,delivered,509,519,1687,,false
495652,2026-08-16T11:02:47,Zone 2,zomato,delivered,564,605,1927,,false
495709,2026-08-16T11:44:56,Zone 1,zomato,delivered,380,796,1939,,false
495639,2026-08-16T12:14:42,Zone 3,swiggy,delivered,134,1156,2321,,false
495635,2026-08-16T12:17:47,Zone 3,swiggy,delivered,131,1309,2488,,false
495685,2026-08-16T12:25:33,Zone 3,zomato,delivered,252,1150,2347,,false
495767,2026-08-16T12:35:32,Zone 3,zomato,delivered,242,642,1988,,false
495777,2026-08-16T12:42:30,Zone 3,zomato,delivered,249,1142,2245,,false
495632,2026-08-16T12:52:09,Zone 2,swiggy,delivered,187,593,1610,,false
495627,2026-08-16T13:18:48,Zone 2,swiggy,delivered,389,1374,2651,,false
495695,2026-08-16T13:28:23,Zone 3,swiggy,delivered,358,1359,2527,,false
495619,2026-08-16T13:29:59,Zone 1,swiggy,delivered,281,1279,1958,,false
495628,2026-08-16T13:48:53,Zone 2,swiggy,delivered,341,831,1771,,false
495658,2026-08-16T13:48:58,Zone 3,swiggy,delivered,279,1035,1793,,false
495753,2026-08-16T14:29:45,Zone 1,zomato,delivered,203,620,1528,,false
495757,2026-08-16T14:31:01,Zone 3,swiggy,delivered,394,929,1646,,false
495611,2026-08-16T14:54:34,Zone 3,swiggy,delivered,237,705,1835,,false
495729,2026-08-16T14:57:54,Zone 2,zomato,delivered,337,700,1822,,false
495602,2026-08-16T15:12:20,Zone 1,zomato,delivered,243,1065,1981,,false
495700,2026-08-16T15:25:30,Zone 1,swiggy,delivered,224,453,1444,,false
495607,2026-08-16T15:27:53,Zone 2,swiggy,delivered,168,1037,1729,,false
495650,2026-08-16T16:14:45,Zone 1,zomato,cancelled,122,635,1885,address_issue,false
495679,2026-08-16T16:44:14,Zone 1,swiggy,cancelled,160,1088,,customer_cancelled_predispatch,false
495621,2026-08-16T16:47:25,Zone 2,swiggy,delivered,284,814,2012,,false
495742,2026-08-16T17:11:14,Zone 1,zomato,delivered,157,1122,2161,,false
495738,2026-08-16T17:50:32,Zone 3,zomato,delivered,430,1175,2096,,false
495613,2026-08-16T17:55:34,Zone 1,zomato,delivered,622,553,1659,,false
495747,2026-08-16T18:07:10,Zone 3,zomato,delivered,616,1236,2290,,false
495723,2026-08-16T18:28:14,Zone 2,zomato,cancelled,99,1037,2464,item_unavailable,false
495783,2026-08-16T18:50:27,Zone 3,swiggy,delivered,357,785,1510,,false
495751,2026-08-16T19:04:39,Zone 1,swiggy,delivered,146,1129,2013,,false
495622,2026-08-16T19:18:36,Zone 2,swiggy,cancelled,413,1440,2189,payment_failed,false
495637,2026-08-16T19:23:01,Zone 1,zomato,delivered,490,893,1922,,false
495686,2026-08-16T19:25:24,Zone 2,swiggy,delivered,273,755,1734,,false
495647,2026-08-16T19:35:04,Zone 3,swiggy,delivered,332,1132,2373,,false
495758,2026-08-16T20:00:00,Zone 3,swiggy,delivered,527,531,1784,,false
495743,2026-08-16T20:28:59,Zone 3,swiggy,cancelled,557,1035,2408,payment_failed,false
495773,2026-08-16T20:36:52,Zone 2,zomato,delivered,271,1127,2260,,false
495693,2026-08-16T20:43:37,Zone 1,swiggy,cancelled,369,603,1922,courier_no_show,false
495664,2026-08-16T20:48:22,Zone 2,swiggy,delivered,405,773,1595,,false
495705,2026-08-16T21:10:39,Zone 1,zomato,delivered,99,1194,2264,,false
495776,2026-08-16T21:26:40,Zone 3,swiggy,delivered,596,1136,2463,,false
495718,2026-08-16T21:28:54,Zone 1,zomato,delivered,125,1252,2504,,false
495648,2026-08-16T21:35:00,Zone 3,swiggy,delivered,385,1387,2568,,false
495626,2026-08-16T22:06:24,Zone 1,swiggy,delivered,187,557,1793,,false
495734,2026-08-16T22:20:27,Zone 2,zomato,delivered,99,1236,2514,,false
495631,2026-08-16T22:46:24,Zone 3,swiggy,delivered,396,684,1946,,false
495871,2026-08-17T03:54:41,Zone 1,swiggy,delivered,482,1026,2363,,false
495828,2026-08-17T07:00:47,Zone 3,zomato,delivered,99,504,1179,,false
495801,2026-08-17T08:32:19,Zone 1,swiggy,delivered,255,619,1961,,false
495821,2026-08-17T08:35:42,Zone 2,zomato,delivered,214,417,1224,,false
495896,2026-08-17T09:01:18,Zone 2,zomato,delivered,241,858,1711,,false
495899,2026-08-17T09:11:26,Zone 3,zomato,delivered,363,1152,1978,,false
495897,2026-08-17T09:17:22,Zone 2,swiggy,delivered,467,1107,2378,,false
495790,2026-08-17T09:43:25,Zone 2,swiggy,delivered,152,759,1923,,false
495825,2026-08-17T10:24:49,Zone 3,zomato,delivered,239,691,1562,,false
495858,2026-08-17T10:37:46,Zone 1,zomato,delivered,228,839,1950,,false
495854,2026-08-17T11:09:08,Zone 3,zomato,delivered,430,1230,2250,,false
495912,2026-08-17T11:27:39,Zone 2,zomato,delivered,187,904,2220,,false
495880,2026-08-17T12:04:06,Zone 3,zomato,cancelled,290,1342,2746,weather_delay,false
495820,2026-08-17T12:10:40,Zone 1,zomato,delivered,255,1327,2281,,false
495944,2026-08-17T12:16:15,Zone 2,zomato,delivered,280,1047,2195,,false
495885,2026-08-17T12:49:10,Zone 2,zomato,delivered,393,1177,2458,,false
495861,2026-08-17T12:49:50,Zone 2,zomato,delivered,648,1131,1876,,false
495958,2026-08-17T13:10:06,Zone 3,swiggy,delivered,259,1359,2225,,false
495848,2026-08-17T13:48:05,Zone 1,swiggy,delivered,248,1234,2119,,false
495963,2026-08-17T13:51:50,Zone 3,zomato,delivered,234,1123,2184,,false
495844,2026-08-17T13:55:16,Zone 2,swiggy,delivered,124,869,1657,,false
495920,2026-08-17T13:55:58,Zone 1,swiggy,delivered,499,900,2017,,false
495926,2026-08-17T13:56:53,Zone 1,swiggy,delivered,129,643,1783,,false
495866,2026-08-17T14:07:31,Zone 1,zomato,delivered,338,900,1976,,false
495839,2026-08-17T14:11:21,Zone 2,swiggy,delivered,319,965,2101,,false
495831,2026-08-17T14:31:56,Zone 1,swiggy,delivered,193,964,2291,,false
495908,2026-08-17T14:40:52,Zone 3,zomato,delivered,315,944,1681,,false
495891,2026-08-17T14:43:22,Zone 3,zomato,delivered,499,878,1887,,false
495841,2026-08-17T14:55:37,Zone 2,swiggy,delivered,373,1187,2399,,false
495914,2026-08-17T15:10:08,Zone 2,swiggy,delivered,553,587,1610,,false
495792,2026-08-17T16:28:27,Zone 3,swiggy,delivered,287,635,1606,,false
495974,2026-08-17T17:15:08,Zone 2,swiggy,delivered,285,1000,1982,,false
495807,2026-08-17T17:41:02,Zone 1,zomato,delivered,278,672,1568,,false
495905,2026-08-17T18:07:32,Zone 1,swiggy,delivered,330,706,1719,,false
495968,2026-08-17T18:23:42,Zone 3,swiggy,delivered,275,1068,2131,,false
495833,2026-08-17T18:27:41,Zone 3,swiggy,delivered,281,783,1450,,false
495793,2026-08-17T18:38:58,Zone 3,swiggy,delivered,352,1233,2161,,false
495952,2026-08-17T19:08:16,Zone 2,zomato,delivered,317,914,1876,,false
495808,2026-08-17T19:11:25,Zone 1,swiggy,delivered,395,692,1450,,false
495917,2026-08-17T19:38:45,Zone 3,zomato,delivered,314,1198,1961,,false
495814,2026-08-17T20:03:52,Zone 2,swiggy,delivered,285,1141,2306,,false
495876,2026-08-17T20:21:41,Zone 3,zomato,delivered,559,524,1248,,false
495938,2026-08-17T20:30:30,Zone 2,zomato,cancelled,457,1147,,customer_cancelled_predispatch,false
495887,2026-08-17T20:38:04,Zone 2,zomato,delivered,172,565,1737,,false
495950,2026-08-17T20:48:22,Zone 1,zomato,delivered,488,619,1427,,false
495898,2026-08-17T20:54:14,Zone 2,swiggy,delivered,228,1467,2387,,false
495932,2026-08-17T21:27:53,Zone 3,zomato,delivered,632,1314,2304,,false
495797,2026-08-17T22:10:54,Zone 1,zomato,delivered,245,780,1592,,false
495978,2026-08-17T22:26:47,Zone 2,swiggy,delivered,537,1103,2057,,false
495884,2026-08-17T22:28:53,Zone 3,swiggy,delivered,155,1070,2087,,false
495786,2026-08-17T22:44:01,Zone 1,zomato,delivered,261,482,1273,,false
495919,2026-08-17T22:59:52,Zone 3,swiggy,cancelled,640,1029,,customer_cancelled_predispatch,false
495962,2026-08-17T23:14:45,Zone 1,swiggy,delivered,582,829,1833,,false
496143,2026-08-18T05:34:48,Zone 3,zomato,delivered,384,925,2079,,false
496204,2026-08-18T05:39:19,Zone 1,swiggy,delivered,328,694,1730,,false
496133,2026-08-18T08:10:07,Zone 1,swiggy,delivered,401,497,1584,,false
496056,2026-08-18T08:25:12,Zone 1,zomato,delivered,431,437,1696,,false
495993,2026-08-18T09:30:35,Zone 2,zomato,cancelled,353,414,1256,restaurant_closed_early,false
496128,2026-08-18T10:59:04,Zone 1,swiggy,delivered,236,906,2247,,false
496071,2026-08-18T11:51:38,Zone 2,swiggy,delivered,300,457,1469,,false
496022,2026-08-18T12:14:27,Zone 2,swiggy,delivered,320,683,1908,,false
496046,2026-08-18T12:38:19,Zone 3,swiggy,cancelled,469,1346,2117,kitchen_overload,false
496153,2026-08-18T12:40:10,Zone 1,swiggy,delivered,335,807,2007,,false
496185,2026-08-18T12:41:52,Zone 3,zomato,delivered,612,979,2326,,false
496163,2026-08-18T12:46:11,Zone 1,zomato,delivered,481,803,1652,,false
496052,2026-08-18T13:14:37,Zone 2,swiggy,delivered,383,1314,2663,,false
496009,2026-08-18T13:22:32,Zone 2,swiggy,delivered,176,1285,2140,,false
496018,2026-08-18T13:29:07,Zone 2,zomato,delivered,122,1291,2472,,false
496105,2026-08-18T13:29:43,Zone 3,swiggy,delivered,499,582,1479,,false
496079,2026-08-18T13:35:11,Zone 1,zomato,delivered,365,1130,2466,,false
496168,2026-08-18T13:36:04,Zone 1,swiggy,delivered,190,1287,2266,,false
496151,2026-08-18T13:41:55,Zone 2,swiggy,delivered,545,707,2028,,false
496148,2026-08-18T14:23:13,Zone 2,swiggy,delivered,261,706,1834,,false
496089,2026-08-18T14:30:05,Zone 1,zomato,delivered,125,1066,1760,,false
496083,2026-08-18T14:36:12,Zone 3,swiggy,delivered,176,1118,1969,,false
496121,2026-08-18T14:53:24,Zone 1,zomato,delivered,215,707,1551,,false
496025,2026-08-18T14:53:49,Zone 2,swiggy,delivered,109,445,1508,,false
496192,2026-08-18T15:08:38,Zone 1,zomato,cancelled,1224,1032,,customer_cancelled_predispatch,false
496115,2026-08-18T16:31:51,Zone 1,swiggy,delivered,374,1054,2372,,false
496188,2026-08-18T17:20:59,Zone 3,zomato,delivered,495,649,1762,,false
495987,2026-08-18T17:36:27,Zone 2,swiggy,delivered,506,924,1899,,false
496174,2026-08-18T17:46:45,Zone 2,zomato,delivered,340,1042,2021,,false
496125,2026-08-18T18:14:12,Zone 2,zomato,delivered,176,1042,1811,,false
496096,2026-08-18T18:35:31,Zone 1,zomato,delivered,299,1019,2052,,false
496075,2026-08-18T18:49:02,Zone 1,swiggy,delivered,373,968,1685,,false
496090,2026-08-18T18:50:26,Zone 2,zomato,delivered,380,1042,1783,,false
496029,2026-08-18T19:16:00,Zone 3,swiggy,cancelled,721,1314,2082,restaurant_closed_early,false
496036,2026-08-18T19:30:09,Zone 1,swiggy,delivered,210,958,2156,,false
496106,2026-08-18T19:33:34,Zone 3,swiggy,delivered,284,1380,2048,,false
496112,2026-08-18T19:34:07,Zone 1,swiggy,delivered,151,1095,2322,,false
496180,2026-08-18T19:35:09,Zone 3,zomato,delivered,311,712,1690,,false
496030,2026-08-18T19:36:38,Zone 2,swiggy,delivered,280,1422,2420,,false
496051,2026-08-18T19:40:50,Zone 1,swiggy,delivered,365,1405,2331,,false
495980,2026-08-18T20:05:55,Zone 3,swiggy,delivered,462,814,1559,,false
496039,2026-08-18T20:13:09,Zone 3,swiggy,delivered,270,848,2007,,false
496208,2026-08-18T20:46:50,Zone 1,zomato,delivered,247,1364,2607,,false
496003,2026-08-18T20:48:02,Zone 3,swiggy,cancelled,400,1476,2177,item_unavailable,false
496173,2026-08-18T20:56:45,Zone 2,swiggy,cancelled,861,1156,2504,courier_no_show,false
496152,2026-08-18T20:59:24,Zone 3,swiggy,delivered,360,964,1952,,false
496098,2026-08-18T21:11:38,Zone 3,swiggy,delivered,170,969,1881,,false
496103,2026-08-18T21:22:51,Zone 2,swiggy,delivered,421,942,2065,,false
496042,2026-08-18T21:31:13,Zone 3,swiggy,delivered,358,518,1534,,false
496137,2026-08-18T21:41:36,Zone 1,swiggy,delivered,263,896,1833,,false
495998,2026-08-18T21:42:26,Zone 1,swiggy,delivered,137,1025,2282,,false
496158,2026-08-18T22:05:59,Zone 3,zomato,delivered,313,954,2198,,false
496198,2026-08-18T22:39:14,Zone 1,zomato,delivered,284,887,1807,,false
496068,2026-08-18T22:46:30,Zone 2,zomato,delivered,217,1253,2343,,false
496062,2026-08-18T22:51:45,Zone 1,swiggy,delivered,199,1106,1893,,false
495985,2026-08-18T23:07:45,Zone 2,swiggy,cancelled,210,1175,2244,kitchen_overload,false
496170,2026-08-18T23:12:39,Zone 1,zomato,delivered,115,725,1635,,false
496013,2026-08-18T23:44:37,Zone 2,zomato,delivered,162,814,2129,,false
496405,2026-08-19T06:39:00,Zone 3,swiggy,delivered,534,505,1493,,false
496284,2026-08-19T07:02:46,Zone 1,swiggy,delivered,757,395,1656,,false
496264,2026-08-19T07:02:55,Zone 2,swiggy,delivered,167,399,1448,,false
496261,2026-08-19T09:40:23,Zone 2,swiggy,delivered,211,967,2075,,false
496305,2026-08-19T10:28:25,Zone 2,swiggy,delivered,511,1000,1898,,false
496367,2026-08-19T10:28:38,Zone 2,swiggy,delivered,344,473,1804,,false
496349,2026-08-19T11:26:08,Zone 2,zomato,delivered,299,918,2123,,false
496338,2026-08-19T11:27:46,Zone 3,swiggy,delivered,221,979,2219,,false
496416,2026-08-19T11:29:42,Zone 1,zomato,delivered,221,899,1723,,false
496332,2026-08-19T11:30:42,Zone 1,zomato,delivered,232,665,1849,,false
496386,2026-08-19T11:59:21,Zone 2,zomato,delivered,444,1150,1870,,false
496426,2026-08-19T12:31:23,Zone 1,zomato,cancelled,488,1023,,customer_cancelled_predispatch,false
496326,2026-08-19T12:42:43,Zone 3,swiggy,cancelled,205,880,1968,item_unavailable,false
496235,2026-08-19T12:55:27,Zone 3,swiggy,delivered,179,846,1528,,false
496385,2026-08-19T13:02:09,Zone 3,zomato,delivered,558,1375,2449,,false
496321,2026-08-19T13:22:43,Zone 2,zomato,delivered,380,1171,2511,,false
496244,2026-08-19T13:47:48,Zone 3,swiggy,delivered,187,1233,2313,,false
496336,2026-08-19T13:50:10,Zone 3,swiggy,delivered,193,803,1843,,false
496381,2026-08-19T13:51:05,Zone 3,zomato,delivered,99,640,1537,,false
496366,2026-08-19T14:28:41,Zone 1,swiggy,delivered,193,1247,2041,,false
496238,2026-08-19T14:30:23,Zone 2,swiggy,delivered,216,1147,2365,,false
496252,2026-08-19T14:30:40,Zone 1,swiggy,cancelled,235,1149,,customer_cancelled_predispatch,false
496425,2026-08-19T14:38:53,Zone 1,zomato,cancelled,265,765,1734,address_issue,false
496280,2026-08-19T14:49:32,Zone 1,swiggy,delivered,472,495,1353,,false
496380,2026-08-19T14:49:56,Zone 3,zomato,delivered,350,872,1583,,false
496398,2026-08-19T14:55:27,Zone 2,zomato,delivered,111,813,1737,,false
496328,2026-08-19T15:01:38,Zone 3,zomato,delivered,302,1161,2030,,false
496432,2026-08-19T15:09:06,Zone 3,zomato,cancelled,506,977,,customer_cancelled_predispatch,false
496312,2026-08-19T15:29:57,Zone 3,swiggy,cancelled,255,1163,2169,courier_no_show,false
496294,2026-08-19T15:36:37,Zone 3,swiggy,delivered,327,882,2153,,false
496255,2026-08-19T16:59:48,Zone 2,swiggy,delivered,273,492,1717,,false
496343,2026-08-19T17:03:32,Zone 2,swiggy,delivered,176,732,1405,,false
496250,2026-08-19T17:04:01,Zone 2,swiggy,delivered,251,582,1436,,false
496310,2026-08-19T17:47:40,Zone 3,swiggy,delivered,267,931,2013,,false
496225,2026-08-19T18:09:07,Zone 3,zomato,delivered,183,848,1500,,false
496357,2026-08-19T18:17:38,Zone 1,swiggy,delivered,290,1212,2468,,false
496340,2026-08-19T18:22:17,Zone 3,zomato,delivered,514,730,2012,,false
496300,2026-08-19T18:23:03,Zone 2,swiggy,delivered,175,529,1332,,false
496222,2026-08-19T18:35:28,Zone 3,swiggy,delivered,649,725,1989,,false
496410,2026-08-19T19:04:14,Zone 2,swiggy,delivered,706,620,1415,,false
496283,2026-08-19T19:11:16,Zone 2,zomato,delivered,388,867,1987,,false
496420,2026-08-19T19:29:34,Zone 1,zomato,delivered,589,1187,2137,,false
496274,2026-08-19T19:32:02,Zone 1,zomato,delivered,202,756,1521,,false
496213,2026-08-19T19:32:42,Zone 1,swiggy,delivered,457,1142,2047,,false
496408,2026-08-19T19:41:59,Zone 2,swiggy,delivered,251,1077,2317,,false
496345,2026-08-19T19:42:39,Zone 2,zomato,delivered,475,867,1690,,false
496419,2026-08-19T19:54:57,Zone 2,zomato,delivered,236,963,1831,,false
496268,2026-08-19T19:59:41,Zone 1,zomato,delivered,395,1102,2349,,false
496387,2026-08-19T20:15:21,Zone 3,swiggy,delivered,119,563,1804,,false
496219,2026-08-19T20:21:39,Zone 2,swiggy,delivered,204,857,2026,,false
496289,2026-08-19T20:55:48,Zone 3,swiggy,cancelled,400,590,1378,item_unavailable,false
496361,2026-08-19T20:56:25,Zone 2,zomato,delivered,382,1395,2328,,false
496393,2026-08-19T21:31:59,Zone 1,swiggy,delivered,389,501,1485,,false
496352,2026-08-19T21:37:40,Zone 3,swiggy,delivered,303,1184,1940,,false
496230,2026-08-19T21:44:12,Zone 1,zomato,delivered,270,855,2150,,false
496374,2026-08-19T21:55:38,Zone 2,zomato,delivered,479,1300,2000,,false
496315,2026-08-19T22:05:16,Zone 2,zomato,delivered,254,662,1442,,false
496400,2026-08-19T22:43:59,Zone 1,swiggy,cancelled,195,1291,2149,courier_no_show,false
496372,2026-08-19T22:46:06,Zone 1,swiggy,delivered,231,569,1595,,false
496221,2026-08-19T23:22:05,Zone 3,swiggy,delivered,289,1028,1900,,false
496299,2026-08-19T23:34:58,Zone 1,zomato,delivered,210,634,1760,,false
496573,2026-08-20T07:21:12,Zone 3,zomato,delivered,187,1144,2162,,false
496467,2026-08-20T10:04:16,Zone 3,swiggy,delivered,237,642,1506,,false
496441,2026-08-20T10:24:25,Zone 1,swiggy,delivered,237,1159,1814,,false
496480,2026-08-20T10:25:46,Zone 3,zomato,cancelled,354,1077,2001,courier_no_show,false
496438,2026-08-20T10:48:23,Zone 2,swiggy,delivered,245,1105,2447,,false
496512,2026-08-20T12:00:17,Zone 3,swiggy,delivered,233,913,2054,,false
496453,2026-08-20T12:01:09,Zone 1,zomato,delivered,341,895,1823,,false
496507,2026-08-20T12:43:18,Zone 2,zomato,delivered,215,1085,2115,,false
496485,2026-08-20T13:25:27,Zone 1,zomato,delivered,171,1271,2547,,false
496455,2026-08-20T13:27:01,Zone 1,swiggy,delivered,194,886,2001,,false
496585,2026-08-20T13:37:53,Zone 1,swiggy,delivered,341,1304,2098,,false
496483,2026-08-20T13:44:11,Zone 3,zomato,delivered,607,707,1579,,false
496551,2026-08-20T13:52:44,Zone 3,swiggy,delivered,258,875,2007,,false
496473,2026-08-20T14:13:04,Zone 3,swiggy,delivered,605,520,1170,,false
496476,2026-08-20T14:38:20,Zone 3,swiggy,cancelled,114,1102,,customer_cancelled_predispatch,false
496518,2026-08-20T14:41:53,Zone 3,swiggy,delivered,296,468,1469,,false
496520,2026-08-20T14:53:23,Zone 1,zomato,delivered,449,724,1377,,false
496478,2026-08-20T15:34:14,Zone 3,swiggy,delivered,179,1189,2105,,false
496501,2026-08-20T15:49:20,Zone 3,swiggy,delivered,440,1202,1925,,false
496442,2026-08-20T16:44:28,Zone 2,zomato,delivered,247,598,1325,,false
496495,2026-08-20T17:27:16,Zone 1,zomato,delivered,145,1127,1997,,false
496530,2026-08-20T17:33:17,Zone 3,swiggy,delivered,330,577,1651,,false
496459,2026-08-20T17:50:43,Zone 1,zomato,delivered,247,1166,2453,,false
496456,2026-08-20T18:23:30,Zone 2,swiggy,delivered,162,1033,2276,,false
496521,2026-08-20T18:30:01,Zone 3,swiggy,delivered,251,936,2037,,false
496584,2026-08-20T18:50:15,Zone 3,zomato,delivered,639,1262,2416,,false
496558,2026-08-20T18:57:30,Zone 1,zomato,delivered,307,975,1660,,false
496586,2026-08-20T19:07:14,Zone 2,zomato,delivered,355,1102,2184,,false
496447,2026-08-20T19:10:51,Zone 3,swiggy,delivered,269,891,1726,,false
496568,2026-08-20T19:11:31,Zone 2,swiggy,delivered,173,1080,2207,,false
496443,2026-08-20T19:36:23,Zone 2,zomato,delivered,587,873,2089,,false
496545,2026-08-20T19:56:35,Zone 3,zomato,delivered,201,652,1651,,false
496543,2026-08-20T20:03:25,Zone 3,swiggy,delivered,159,1307,2365,,false
496492,2026-08-20T20:06:40,Zone 2,swiggy,delivered,231,877,2119,,false
496587,2026-08-20T20:13:28,Zone 2,zomato,delivered,130,1029,2098,,false
496553,2026-08-20T20:16:05,Zone 1,swiggy,delivered,413,630,1624,,false
496579,2026-08-20T20:18:45,Zone 3,swiggy,delivered,168,667,1951,,false
496526,2026-08-20T20:22:10,Zone 1,zomato,delivered,416,1084,2133,,false
496566,2026-08-20T20:23:22,Zone 3,zomato,delivered,324,1453,2380,,false
496555,2026-08-20T20:55:16,Zone 3,swiggy,delivered,723,498,1172,,false
496511,2026-08-20T21:02:40,Zone 2,zomato,cancelled,436,1180,2493,item_unavailable,false
496570,2026-08-20T21:08:37,Zone 1,swiggy,delivered,147,535,1221,,false
496486,2026-08-20T21:08:47,Zone 3,swiggy,delivered,333,679,1988,,false
496534,2026-08-20T21:18:04,Zone 3,swiggy,delivered,378,499,1656,,false
496560,2026-08-20T21:21:36,Zone 3,zomato,delivered,253,1329,1981,,false
496477,2026-08-20T21:41:50,Zone 3,swiggy,delivered,277,1303,2423,,false
496538,2026-08-20T21:53:59,Zone 1,swiggy,delivered,409,490,1838,,false
496439,2026-08-20T22:20:11,Zone 3,swiggy,delivered,275,613,1783,,false
496479,2026-08-20T22:27:16,Zone 1,zomato,delivered,422,1252,2106,,false
496465,2026-08-20T22:38:51,Zone 1,zomato,delivered,355,852,2108,,false
496615,2026-08-21T05:26:26,Zone 3,swiggy,delivered,707,523,1236,,false
496622,2026-08-21T07:09:51,Zone 2,zomato,delivered,304,480,1319,,false
496723,2026-08-21T08:19:54,Zone 3,swiggy,cancelled,319,481,1858,restaurant_closed_early,false
496755,2026-08-21T08:30:38,Zone 3,swiggy,delivered,207,1020,1849,,false
496762,2026-08-21T08:39:32,Zone 1,swiggy,delivered,108,550,1725,,false
496796,2026-08-21T09:10:22,Zone 3,swiggy,delivered,196,896,2149,,false
496826,2026-08-21T09:14:30,Zone 3,zomato,delivered,460,958,1741,,false
496596,2026-08-21T09:50:13,Zone 1,swiggy,delivered,226,1079,1751,,false
496653,2026-08-21T10:25:41,Zone 3,zomato,cancelled,378,1136,,customer_cancelled_predispatch,false
496720,2026-08-21T10:40:23,Zone 2,zomato,delivered,541,916,1857,,false
496772,2026-08-21T10:44:11,Zone 3,swiggy,delivered,224,1189,2226,,false
496684,2026-08-21T11:19:24,Zone 2,swiggy,delivered,237,755,2069,,false
496784,2026-08-21T11:36:59,Zone 3,zomato,delivered,200,1139,2409,,false
496825,2026-08-21T12:04:42,Zone 1,swiggy,delivered,250,818,2136,,false
496714,2026-08-21T12:28:27,Zone 2,zomato,delivered,99,841,1714,,false
496656,2026-08-21T12:40:05,Zone 3,swiggy,cancelled,398,1035,,customer_cancelled_predispatch,false
496660,2026-08-21T12:50:17,Zone 2,swiggy,delivered,102,472,1300,,false
496812,2026-08-21T12:50:34,Zone 3,swiggy,delivered,238,1105,1871,,false
496781,2026-08-21T12:52:57,Zone 3,zomato,delivered,382,852,1908,,false
496850,2026-08-21T13:05:57,Zone 3,zomato,delivered,453,778,2054,,false
496758,2026-08-21T13:06:26,Zone 2,swiggy,delivered,153,1115,1780,,false
496789,2026-08-21T13:10:33,Zone 1,swiggy,delivered,463,1065,1942,,false
496822,2026-08-21T13:16:04,Zone 3,swiggy,delivered,147,1034,1859,,false
496863,2026-08-21T13:35:52,Zone 2,swiggy,delivered,356,1007,2261,,false
496730,2026-08-21T13:40:53,Zone 3,zomato,delivered,249,591,1682,,false
496603,2026-08-21T13:46:06,Zone 1,swiggy,delivered,423,1005,2017,,false
496605,2026-08-21T13:51:59,Zone 3,swiggy,delivered,324,994,1882,,false
496748,2026-08-21T13:55:10,Zone 3,zomato,cancelled,286,1048,2370,kitchen_overload,false
496669,2026-08-21T13:57:35,Zone 2,zomato,cancelled,281,889,2013,payment_failed,false
496868,2026-08-21T14:31:02,Zone 1,swiggy,cancelled,352,730,1662,courier_no_show,false
496664,2026-08-21T14:39:29,Zone 2,swiggy,delivered,474,833,1767,,false
496816,2026-08-21T14:39:50,Zone 1,zomato,cancelled,232,874,1687,item_unavailable,false
496692,2026-08-21T15:08:17,Zone 3,swiggy,delivered,324,1068,2123,,false
496708,2026-08-21T15:27:08,Zone 2,swiggy,delivered,298,747,1924,,false
496751,2026-08-21T15:56:19,Zone 2,zomato,delivered,511,1057,2191,,false
496625,2026-08-21T16:09:23,Zone 1,swiggy,cancelled,252,931,1806,kitchen_overload,false
496609,2026-08-21T16:22:14,Zone 1,swiggy,delivered,692,586,1548,,false
496636,2026-08-21T16:52:42,Zone 1,swiggy,delivered,444,404,1123,,false
496725,2026-08-21T16:59:03,Zone 3,zomato,delivered,490,687,1516,,false
496844,2026-08-21T17:21:17,Zone 2,zomato,cancelled,114,666,1566,payment_failed,false
496686,2026-08-21T17:57:48,Zone 1,swiggy,cancelled,190,462,1356,restaurant_closed_early,false
496736,2026-08-21T17:58:17,Zone 2,swiggy,delivered,474,951,2184,,false
496847,2026-08-21T18:02:53,Zone 3,swiggy,delivered,587,457,1777,,false
496619,2026-08-21T18:04:45,Zone 3,zomato,delivered,255,956,2114,,false
496875,2026-08-21T18:44:22,Zone 1,zomato,delivered,209,1012,2279,,false
496701,2026-08-21T18:53:51,Zone 2,swiggy,delivered,317,1025,2237,,false
496621,2026-08-21T19:01:26,Zone 3,zomato,delivered,679,750,1762,,false
496709,2026-08-21T19:05:37,Zone 2,zomato,delivered,180,594,1698,,false
496802,2026-08-21T19:19:43,Zone 2,zomato,delivered,170,1169,2160,,false
496680,2026-08-21T19:23:03,Zone 3,swiggy,delivered,252,705,1370,,false
496824,2026-08-21T19:29:03,Zone 2,swiggy,cancelled,280,780,,customer_cancelled_predispatch,false
496640,2026-08-21T19:51:50,Zone 2,zomato,delivered,249,1155,2326,,false
496795,2026-08-21T20:00:52,Zone 1,swiggy,delivered,534,565,1358,,false
496767,2026-08-21T20:17:39,Zone 1,swiggy,delivered,445,1124,2203,,false
496693,2026-08-21T20:20:36,Zone 3,swiggy,delivered,594,1395,2259,,false
496738,2026-08-21T20:26:13,Zone 3,zomato,delivered,436,1414,2434,,false
496631,2026-08-21T20:28:39,Zone 1,swiggy,delivered,304,1382,2467,,false
496838,2026-08-21T20:35:39,Zone 3,swiggy,cancelled,469,502,,customer_cancelled_predispatch,false
496675,2026-08-21T20:38:21,Zone 1,zomato,delivered,153,593,1490,,false
496646,2026-08-21T20:49:05,Zone 2,swiggy,delivered,190,746,1841,,false
496742,2026-08-21T20:49:09,Zone 2,swiggy,delivered,331,546,1603,,false
496862,2026-08-21T20:49:46,Zone 2,swiggy,delivered,150,984,2189,,false
496592,2026-08-21T20:51:15,Zone 1,swiggy,delivered,231,1373,2404,,false
496858,2026-08-21T21:10:11,Zone 2,swiggy,delivered,117,717,1717,,false
496620,2026-08-21T21:16:43,Zone 1,swiggy,delivered,132,1205,2256,,false
496760,2026-08-21T21:30:51,Zone 2,swiggy,delivered,99,536,1520,,false
496836,2026-08-21T21:30:51,Zone 3,swiggy,delivered,418,1006,1710,,false
496703,2026-08-21T21:30:59,Zone 2,swiggy,delivered,218,800,2049,,false
496696,2026-08-21T21:36:42,Zone 2,zomato,delivered,284,1225,2399,,false
496764,2026-08-21T21:37:01,Zone 1,zomato,delivered,240,1409,2560,,false
496808,2026-08-21T21:46:32,Zone 2,zomato,delivered,184,882,1873,,false
496597,2026-08-21T21:56:00,Zone 2,swiggy,delivered,263,950,1743,,false
496874,2026-08-21T21:57:17,Zone 1,zomato,delivered,223,852,1515,,false
496649,2026-08-21T21:57:58,Zone 3,zomato,delivered,291,733,1505,,false
496681,2026-08-21T21:59:54,Zone 3,swiggy,delivered,400,925,2175,,false
496830,2026-08-21T22:28:23,Zone 3,zomato,delivered,447,1292,2091,,false
496851,2026-08-21T22:40:26,Zone 3,swiggy,delivered,285,1136,1978,,false
496855,2026-08-21T22:48:31,Zone 2,swiggy,delivered,329,762,1657,,false
496683,2026-08-21T23:42:24,Zone 3,zomato,delivered,576,494,1474,,false
496775,2026-08-21T23:57:06,Zone 2,swiggy,cancelled,260,926,,customer_cancelled_predispatch,false
496961,2026-08-22T04:23:07,Zone 3,zomato,cancelled,441,834,,customer_cancelled_predispatch,false
496994,2026-08-22T07:13:31,Zone 2,zomato,delivered,516,496,1744,,false
496959,2026-08-22T08:12:21,Zone 1,swiggy,delivered,547,773,1965,,false
497066,2026-08-22T08:23:25,Zone 2,zomato,delivered,113,553,1258,,false
497027,2026-08-22T08:32:44,Zone 2,swiggy,delivered,470,649,1918,,false
497127,2026-08-22T08:54:57,Zone 3,swiggy,delivered,402,970,1957,,false
497091,2026-08-22T09:42:58,Zone 1,swiggy,delivered,227,767,1969,,false
497075,2026-08-22T09:56:33,Zone 3,swiggy,delivered,477,637,1771,,false
496926,2026-08-22T11:03:39,Zone 1,zomato,delivered,265,1234,2155,,false
496906,2026-08-22T11:23:10,Zone 3,zomato,delivered,394,569,1544,,false
497123,2026-08-22T11:44:19,Zone 3,swiggy,delivered,957,983,2248,,false
496969,2026-08-22T12:03:24,Zone 2,swiggy,delivered,560,589,1832,,false
496972,2026-08-22T12:13:39,Zone 2,swiggy,delivered,245,515,1466,,false
497026,2026-08-22T12:26:57,Zone 2,zomato,cancelled,308,577,,customer_cancelled_predispatch,false
496982,2026-08-22T12:43:48,Zone 1,swiggy,delivered,176,674,1687,,false
497097,2026-08-22T12:53:36,Zone 1,zomato,delivered,256,1076,1769,,false
496890,2026-08-22T12:55:29,Zone 2,swiggy,delivered,325,1089,1983,,false
496991,2026-08-22T13:01:49,Zone 1,zomato,delivered,792,875,1553,,false
497101,2026-08-22T13:12:18,Zone 3,zomato,delivered,224,858,1770,,false
497038,2026-08-22T13:20:31,Zone 3,swiggy,delivered,399,1148,1915,,false
497013,2026-08-22T13:20:32,Zone 2,zomato,delivered,430,615,1731,,false
497069,2026-08-22T13:24:40,Zone 2,swiggy,delivered,234,1007,1661,,false
496964,2026-08-22T13:37:38,Zone 1,zomato,delivered,315,604,1647,,false
496979,2026-08-22T13:38:50,Zone 2,swiggy,delivered,501,1186,2531,,false
496931,2026-08-22T13:39:28,Zone 3,swiggy,delivered,199,1086,2374,,false
497068,2026-08-22T13:49:37,Zone 2,swiggy,delivered,282,539,1478,,false
497053,2026-08-22T13:54:19,Zone 1,zomato,delivered,292,1048,1736,,false
497138,2026-08-22T14:16:08,Zone 1,swiggy,delivered,263,980,1665,,false
496921,2026-08-22T14:21:39,Zone 3,zomato,delivered,247,1245,2200,,false
497051,2026-08-22T14:24:08,Zone 2,zomato,delivered,333,821,1692,,false
496900,2026-08-22T14:27:06,Zone 2,zomato,delivered,319,821,1536,,false
496889,2026-08-22T14:30:09,Zone 3,zomato,delivered,412,806,1489,,false
497007,2026-08-22T14:33:59,Zone 1,zomato,delivered,125,1288,1948,,false
496924,2026-08-22T14:36:25,Zone 2,swiggy,delivered,522,1211,1993,,false
496918,2026-08-22T14:52:42,Zone 3,zomato,delivered,109,1082,1891,,false
497057,2026-08-22T16:08:45,Zone 2,swiggy,delivered,297,650,1373,,false
497029,2026-08-22T16:43:19,Zone 2,swiggy,delivered,449,535,1728,,false
496992,2026-08-22T17:09:24,Zone 3,swiggy,delivered,317,754,1693,,false
496939,2026-08-22T17:15:54,Zone 3,zomato,delivered,211,410,1218,,false
497113,2026-08-22T17:20:36,Zone 1,swiggy,delivered,126,675,2000,,false
497059,2026-08-22T17:28:45,Zone 2,zomato,delivered,340,919,2153,,false
496957,2026-08-22T17:32:20,Zone 2,swiggy,delivered,442,706,1615,,false
497050,2026-08-22T17:52:00,Zone 2,zomato,delivered,283,1042,2006,,false
496879,2026-08-22T17:56:39,Zone 1,swiggy,delivered,121,960,1715,,false
497001,2026-08-22T17:59:25,Zone 1,zomato,delivered,418,952,2190,,false
496999,2026-08-22T18:01:05,Zone 3,zomato,delivered,183,475,1378,,false
497088,2026-08-22T18:06:02,Zone 2,zomato,delivered,431,1232,2452,,false
497107,2026-08-22T18:22:12,Zone 3,zomato,delivered,352,733,2013,,false
496947,2026-08-22T18:54:43,Zone 2,zomato,delivered,690,992,2165,,false
496976,2026-08-22T18:55:12,Zone 1,zomato,delivered,261,504,1671,,false
496988,2026-08-22T19:15:06,Zone 2,swiggy,delivered,171,1177,2174,,false
497072,2026-08-22T19:27:25,Zone 3,zomato,delivered,250,774,1451,,false
497017,2026-08-22T19:29:38,Zone 1,swiggy,delivered,357,729,1811,,false
497063,2026-08-22T19:38:33,Zone 1,swiggy,delivered,328,1018,2356,,false
497120,2026-08-22T19:40:08,Zone 3,swiggy,delivered,231,751,1903,,false
497082,2026-08-22T19:52:12,Zone 2,zomato,delivered,177,857,2138,,false
497081,2026-08-22T20:00:58,Zone 1,zomato,delivered,163,1035,2310,,false
496917,2026-08-22T20:21:48,Zone 3,swiggy,delivered,204,501,1178,,false
496913,2026-08-22T20:44:29,Zone 3,swiggy,cancelled,476,1346,,customer_cancelled_predispatch,false
497132,2026-08-22T20:50:47,Zone 1,zomato,delivered,148,896,2101,,false
496902,2026-08-22T20:51:52,Zone 2,swiggy,delivered,372,691,1755,,false
496962,2026-08-22T20:52:18,Zone 1,zomato,delivered,222,1463,2375,,false
497033,2026-08-22T20:53:15,Zone 1,swiggy,delivered,674,982,2259,,false
497115,2026-08-22T20:53:58,Zone 3,swiggy,delivered,643,1426,2090,,false
497012,2026-08-22T20:57:25,Zone 3,swiggy,delivered,373,1351,2382,,false
497137,2026-08-22T21:01:02,Zone 2,zomato,delivered,236,950,1773,,false
496951,2026-08-22T21:03:16,Zone 1,swiggy,delivered,342,1276,2184,,false
497046,2026-08-22T21:31:34,Zone 2,zomato,delivered,101,1054,1798,,false
496933,2026-08-22T21:34:58,Zone 2,swiggy,cancelled,156,514,1646,courier_no_show,false
496968,2026-08-22T21:37:16,Zone 1,swiggy,delivered,387,1359,2134,,false
496945,2026-08-22T21:53:41,Zone 2,zomato,delivered,386,1066,1985,,false
496883,2026-08-22T22:00:28,Zone 3,swiggy,delivered,414,903,1707,,false
496956,2026-08-22T22:21:19,Zone 1,swiggy,delivered,516,589,1507,,false
497023,2026-08-22T22:22:56,Zone 1,zomato,delivered,106,1266,2290,,false
496981,2026-08-22T22:24:44,Zone 3,zomato,delivered,151,917,1855,,false
496895,2026-08-22T22:45:47,Zone 3,swiggy,delivered,304,651,1983,,false
496952,2026-08-22T23:00:43,Zone 2,zomato,delivered,111,1122,2438,,false
496907,2026-08-22T23:50:44,Zone 3,zomato,delivered,147,431,1647,,false
497044,2026-08-22T23:53:30,Zone 2,zomato,delivered,227,619,1441,,false
497220,2026-08-23T00:28:03,Zone 3,zomato,delivered,176,1052,2358,,false
497281,2026-08-23T08:01:34,Zone 3,swiggy,delivered,237,640,1871,,false
497331,2026-08-23T08:05:23,Zone 3,swiggy,delivered,288,866,1641,,false
497224,2026-08-23T09:34:27,Zone 1,swiggy,delivered,263,621,1561,,false
497187,2026-08-23T10:01:51,Zone 3,swiggy,delivered,342,883,2154,,false
497299,2026-08-23T10:46:04,Zone 1,zomato,delivered,743,636,1483,,false
497334,2026-08-23T11:19:39,Zone 2,swiggy,delivered,225,914,2154,,false
497167,2026-08-23T12:31:02,Zone 2,zomato,delivered,484,860,1859,,false
497330,2026-08-23T12:41:30,Zone 3,zomato,delivered,449,615,1288,,false
497197,2026-08-23T12:46:35,Zone 2,zomato,delivered,435,1309,2432,,false
497253,2026-08-23T12:59:36,Zone 2,swiggy,delivered,116,1232,1967,,false
497338,2026-08-23T12:59:39,Zone 3,swiggy,delivered,492,890,1944,,false
497182,2026-08-23T13:14:12,Zone 1,zomato,delivered,366,533,1632,,false
497142,2026-08-23T13:16:43,Zone 3,swiggy,delivered,156,1202,2495,,false
497229,2026-08-23T13:17:00,Zone 1,swiggy,delivered,414,827,1736,,false
497174,2026-08-23T13:17:17,Zone 3,zomato,delivered,350,950,2281,,false
497139,2026-08-23T13:37:04,Zone 2,swiggy,delivered,360,811,1831,,false
497148,2026-08-23T13:41:18,Zone 2,swiggy,delivered,490,723,1387,,false
497146,2026-08-23T13:45:55,Zone 3,swiggy,delivered,99,672,1490,,false
497305,2026-08-23T13:49:22,Zone 3,swiggy,delivered,145,1054,2050,,false
497243,2026-08-23T13:55:27,Zone 1,swiggy,delivered,321,865,1778,,false
497293,2026-08-23T14:36:26,Zone 1,zomato,delivered,137,1229,1923,,false
497272,2026-08-23T14:43:27,Zone 2,swiggy,delivered,329,647,1959,,false
497163,2026-08-23T14:59:16,Zone 3,zomato,delivered,254,1297,2315,,false
497317,2026-08-23T15:43:03,Zone 2,zomato,delivered,128,637,1587,,false
497263,2026-08-23T16:38:27,Zone 1,zomato,cancelled,99,709,1902,item_unavailable,false
497149,2026-08-23T16:44:46,Zone 1,swiggy,delivered,403,543,1300,,false
497270,2026-08-23T16:54:36,Zone 2,swiggy,delivered,221,678,1700,,false
497311,2026-08-23T18:05:55,Zone 2,swiggy,delivered,533,478,1719,,false
497275,2026-08-23T18:28:04,Zone 1,zomato,delivered,375,532,1778,,false
497173,2026-08-23T19:10:44,Zone 1,zomato,delivered,297,849,2067,,false
497257,2026-08-23T19:14:27,Zone 1,zomato,delivered,227,1109,2357,,false
497213,2026-08-23T19:48:48,Zone 2,zomato,delivered,424,478,1781,,false
497201,2026-08-23T19:48:50,Zone 2,swiggy,delivered,416,905,1623,,false
497321,2026-08-23T19:55:46,Zone 1,swiggy,delivered,312,1063,1714,,false
497279,2026-08-23T20:13:24,Zone 3,zomato,delivered,139,867,1882,,false
497180,2026-08-23T20:20:10,Zone 3,swiggy,delivered,547,1479,2382,,false
497237,2026-08-23T20:21:00,Zone 2,zomato,delivered,536,638,1716,,false
497199,2026-08-23T20:49:11,Zone 2,swiggy,delivered,387,575,1469,,false
497287,2026-08-23T20:52:07,Zone 1,swiggy,delivered,231,1149,2261,,false
497176,2026-08-23T21:09:33,Zone 2,swiggy,delivered,383,1233,2104,,false
497343,2026-08-23T21:10:27,Zone 1,zomato,delivered,484,717,1546,,false
497247,2026-08-23T21:14:54,Zone 1,zomato,delivered,323,1072,1826,,false
497207,2026-08-23T21:19:16,Zone 2,zomato,delivered,544,1005,1876,,false
497186,2026-08-23T21:21:57,Zone 3,zomato,delivered,292,909,1594,,false
497157,2026-08-23T21:28:01,Zone 2,zomato,delivered,99,589,1369,,false
497326,2026-08-23T21:30:03,Zone 3,swiggy,delivered,337,995,2120,,false
497191,2026-08-23T21:42:58,Zone 1,swiggy,delivered,158,776,1882,,false
497217,2026-08-23T21:49:31,Zone 3,swiggy,delivered,263,683,1703,,false
497193,2026-08-23T21:50:26,Zone 1,zomato,delivered,253,939,2279,,false
497233,2026-08-23T21:54:49,Zone 2,swiggy,delivered,193,1079,1940,,false
497265,2026-08-23T21:55:09,Zone 2,zomato,delivered,205,1183,2051,,false
497336,2026-08-23T21:59:13,Zone 3,swiggy,delivered,365,595,1527,,false
497228,2026-08-23T22:04:39,Zone 3,zomato,delivered,437,1286,1974,,false
497152,2026-08-23T23:32:05,Zone 1,zomato,cancelled,205,1184,,customer_cancelled_predispatch,false
497419,2026-08-24T00:35:56,Zone 3,swiggy,delivered,275,419,1072,,false
497452,2026-08-24T00:55:58,Zone 2,swiggy,delivered,284,741,1501,,false
497361,2026-08-24T03:45:16,Zone 2,swiggy,delivered,339,588,1667,,false
497469,2026-08-24T03:50:35,Zone 1,swiggy,delivered,272,431,1445,,false
497447,2026-08-24T06:13:01,Zone 1,swiggy,cancelled,281,802,1579,courier_no_show,false
497414,2026-08-24T07:37:24,Zone 1,swiggy,delivered,248,809,2015,,false
497448,2026-08-24T07:57:52,Zone 2,zomato,delivered,188,558,1327,,false
497466,2026-08-24T08:50:24,Zone 3,swiggy,delivered,197,865,1529,,false
497461,2026-08-24T09:14:42,Zone 1,swiggy,delivered,198,1154,2383,,false
497344,2026-08-24T09:33:40,Zone 1,swiggy,delivered,634,884,2005,,false
497421,2026-08-24T09:38:47,Zone 3,swiggy,delivered,282,1185,2190,,false
497483,2026-08-24T10:31:49,Zone 1,zomato,delivered,157,857,2077,,false
497394,2026-08-24T10:36:43,Zone 2,swiggy,delivered,431,427,1476,,false
497464,2026-08-24T11:00:30,Zone 1,zomato,delivered,256,755,1571,,false
497432,2026-08-24T11:54:50,Zone 3,zomato,cancelled,357,1052,2299,item_unavailable,false
497444,2026-08-24T12:15:55,Zone 2,swiggy,delivered,350,525,1743,,false
497350,2026-08-24T12:31:15,Zone 2,zomato,delivered,231,585,1633,,false
497449,2026-08-24T12:41:01,Zone 1,swiggy,delivered,361,1274,2342,,false
497409,2026-08-24T12:41:12,Zone 1,swiggy,delivered,254,1151,2022,,false
497442,2026-08-24T13:00:13,Zone 1,swiggy,delivered,164,573,1235,,false
497441,2026-08-24T13:10:38,Zone 3,zomato,delivered,209,1387,2521,,false
497388,2026-08-24T13:10:40,Zone 3,swiggy,delivered,527,1259,2469,,false
497367,2026-08-24T13:30:54,Zone 2,swiggy,delivered,191,964,2018,,false
497381,2026-08-24T13:32:11,Zone 3,zomato,delivered,451,1207,2465,,false
497426,2026-08-24T13:35:42,Zone 1,zomato,delivered,228,931,2169,,false
497349,2026-08-24T14:06:13,Zone 2,zomato,delivered,218,621,1624,,false
497371,2026-08-24T14:33:03,Zone 2,swiggy,delivered,430,1116,2231,,false
497376,2026-08-24T14:47:31,Zone 1,swiggy,cancelled,375,444,1921,restaurant_closed_early,false
497385,2026-08-24T14:52:21,Zone 3,swiggy,delivered,195,1149,2364,,false
497484,2026-08-24T16:40:22,Zone 1,swiggy,delivered,279,513,1524,,false
497434,2026-08-24T17:51:19,Zone 2,swiggy,delivered,215,1225,2217,,false
497472,2026-08-24T19:17:25,Zone 1,zomato,delivered,99,1218,2127,,false
497453,2026-08-24T19:18:23,Zone 3,zomato,delivered,353,1289,2419,,false
497491,2026-08-24T20:10:00,Zone 3,swiggy,delivered,321,1314,2436,,false
497399,2026-08-24T20:12:38,Zone 1,swiggy,delivered,342,638,1555,,false
497355,2026-08-24T20:30:50,Zone 3,swiggy,delivered,299,976,1888,,false
497375,2026-08-24T20:53:57,Zone 3,swiggy,delivered,824,1336,2474,,false
497455,2026-08-24T21:14:15,Zone 2,swiggy,delivered,283,591,1266,,false
497478,2026-08-24T21:32:45,Zone 3,zomato,cancelled,277,1079,2389,item_unavailable,false
497459,2026-08-24T21:36:17,Zone 3,swiggy,delivered,99,1101,2414,,false
497368,2026-08-24T21:47:28,Zone 3,zomato,delivered,177,1296,2453,,false
497480,2026-08-24T22:01:08,Zone 1,swiggy,delivered,339,436,1676,,false
497489,2026-08-24T22:12:46,Zone 3,swiggy,delivered,346,993,2090,,false
497440,2026-08-24T22:24:32,Zone 3,swiggy,cancelled,355,1279,2576,item_unavailable,false
497372,2026-08-24T23:29:23,Zone 1,swiggy,cancelled,620,760,2128,restaurant_closed_early,false
497403,2026-08-24T23:33:46,Zone 1,zomato,delivered,320,797,1972,,false
497539,2026-08-25T05:42:34,Zone 3,swiggy,delivered,149,718,1783,,false
497570,2026-08-25T09:06:30,Zone 1,swiggy,delivered,650,590,1703,,false
497514,2026-08-25T09:15:28,Zone 1,zomato,delivered,226,487,1280,,false
497611,2026-08-25T09:22:57,Zone 3,swiggy,delivered,438,423,1213,,false
497619,2026-08-25T09:30:34,Zone 1,swiggy,delivered,216,575,1455,,false
497505,2026-08-25T10:03:50,Zone 1,swiggy,delivered,183,1128,1834,,false
497644,2026-08-25T10:28:29,Zone 1,swiggy,delivered,499,915,1611,,false
497500,2026-08-25T11:28:44,Zone 2,swiggy,cancelled,398,1058,1886,item_unavailable,false
497498,2026-08-25T11:39:57,Zone 3,zomato,delivered,261,1217,2509,,false
497509,2026-08-25T12:05:28,Zone 1,swiggy,cancelled,99,728,1971,courier_no_show,false
497609,2026-08-25T12:14:59,Zone 2,swiggy,delivered,446,1202,1924,,false
497624,2026-08-25T12:20:15,Zone 2,zomato,delivered,216,613,1706,,false
497551,2026-08-25T12:29:51,Zone 2,zomato,delivered,242,1092,2264,,false
497569,2026-08-25T12:36:49,Zone 2,zomato,cancelled,351,1145,2422,courier_no_show,false
497535,2026-08-25T12:59:43,Zone 2,swiggy,delivered,503,1229,2249,,false
497494,2026-08-25T13:24:48,Zone 1,swiggy,delivered,169,1287,2417,,false
497501,2026-08-25T13:41:33,Zone 1,swiggy,delivered,239,1264,2222,,false
497576,2026-08-25T13:57:59,Zone 1,swiggy,delivered,281,1031,1843,,false
497547,2026-08-25T13:58:48,Zone 2,zomato,delivered,99,1367,2640,,false
497524,2026-08-25T14:30:24,Zone 2,zomato,delivered,275,480,1377,,false
497556,2026-08-25T14:31:27,Zone 1,zomato,delivered,395,599,1364,,false
497582,2026-08-25T14:32:47,Zone 2,zomato,delivered,99,479,1790,,false
497564,2026-08-25T14:48:20,Zone 3,swiggy,delivered,212,1239,2345,,false
497640,2026-08-25T15:32:21,Zone 1,zomato,cancelled,350,747,2089,weather_delay,false
497558,2026-08-25T16:10:16,Zone 2,swiggy,delivered,430,459,1137,,false
497617,2026-08-25T16:26:03,Zone 1,swiggy,delivered,128,1011,1670,,false
497574,2026-08-25T16:30:56,Zone 3,swiggy,delivered,232,1152,2094,,false
497571,2026-08-25T16:34:02,Zone 1,swiggy,delivered,130,942,2155,,false
497599,2026-08-25T17:00:19,Zone 1,swiggy,delivered,518,1062,2109,,false
497529,2026-08-25T17:07:00,Zone 2,zomato,delivered,214,533,1282,,false
497618,2026-08-25T17:19:38,Zone 2,swiggy,cancelled,440,830,1729,kitchen_overload,false
497497,2026-08-25T18:28:18,Zone 1,zomato,delivered,267,444,1130,,false
497521,2026-08-25T18:41:42,Zone 2,swiggy,delivered,561,1263,2107,,false
497581,2026-08-25T19:01:00,Zone 3,swiggy,delivered,383,661,1694,,false
497620,2026-08-25T19:14:48,Zone 3,zomato,delivered,530,974,2025,,false
497603,2026-08-25T19:25:18,Zone 2,zomato,delivered,468,1142,2359,,false
497527,2026-08-25T20:04:41,Zone 1,zomato,delivered,176,502,1771,,false
497572,2026-08-25T20:09:26,Zone 1,zomato,cancelled,234,1382,,customer_cancelled_predispatch,false
497537,2026-08-25T20:11:33,Zone 3,zomato,cancelled,686,825,1700,courier_no_show,false
497591,2026-08-25T20:27:04,Zone 1,zomato,delivered,99,1031,2247,,false
497518,2026-08-25T20:39:47,Zone 2,zomato,delivered,99,1248,2013,,false
497544,2026-08-25T20:55:04,Zone 3,swiggy,delivered,323,944,2279,,false
497596,2026-08-25T21:05:16,Zone 1,swiggy,delivered,137,593,1760,,false
497635,2026-08-25T21:24:31,Zone 1,zomato,delivered,231,1416,2755,,false
497630,2026-08-25T21:26:06,Zone 1,swiggy,delivered,705,1212,2557,,false
497587,2026-08-25T21:32:43,Zone 1,zomato,delivered,163,849,1888,,false
497636,2026-08-25T21:35:56,Zone 1,swiggy,delivered,177,658,1507,,false
497720,2026-08-26T06:26:14,Zone 2,swiggy,delivered,149,668,1934,,false
497790,2026-08-26T06:43:37,Zone 3,swiggy,delivered,235,770,1839,,false
497792,2026-08-26T07:05:38,Zone 3,swiggy,cancelled,528,1012,2474,courier_no_show,false
497688,2026-08-26T09:08:39,Zone 1,zomato,delivered,538,542,1238,,false
497685,2026-08-26T09:52:37,Zone 3,swiggy,delivered,326,803,1598,,false
497773,2026-08-26T11:20:25,Zone 3,zomato,delivered,512,1081,1795,,false
497729,2026-08-26T12:25:24,Zone 2,zomato,delivered,117,1323,2577,,false
497659,2026-08-26T12:30:28,Zone 3,zomato,delivered,266,1016,2020,,false
497681,2026-08-26T12:40:10,Zone 2,zomato,delivered,272,562,1756,,false
497711,2026-08-26T12:55:33,Zone 1,zomato,delivered,385,854,2012,,false
497742,2026-08-26T13:01:59,Zone 2,zomato,delivered,438,659,1679,,false
497756,2026-08-26T13:17:11,Zone 1,swiggy,delivered,240,609,1304,,false
497752,2026-08-26T13:34:44,Zone 2,swiggy,delivered,468,1048,2251,,false
497787,2026-08-26T13:51:15,Zone 3,zomato,delivered,235,1089,1773,,false
497664,2026-08-26T14:34:43,Zone 3,swiggy,delivered,236,945,2126,,false
497649,2026-08-26T14:36:55,Zone 1,swiggy,delivered,316,808,1909,,false
497746,2026-08-26T14:37:28,Zone 2,zomato,delivered,213,874,1889,,false
497818,2026-08-26T14:43:11,Zone 1,zomato,delivered,131,1175,1946,,false
497677,2026-08-26T14:48:10,Zone 1,swiggy,cancelled,536,1089,,customer_cancelled_predispatch,false
497706,2026-08-26T15:29:21,Zone 1,zomato,delivered,276,1033,1698,,false
497769,2026-08-26T16:00:57,Zone 2,swiggy,delivered,193,902,1972,,false
497740,2026-08-26T16:37:26,Zone 1,zomato,delivered,370,502,1366,,false
497784,2026-08-26T17:19:01,Zone 1,swiggy,cancelled,557,811,1826,courier_no_show,false
497672,2026-08-26T17:39:21,Zone 2,zomato,delivered,778,1008,1965,,false
497788,2026-08-26T18:02:54,Zone 3,zomato,delivered,390,1241,1897,,false
497763,2026-08-26T18:35:56,Zone 1,swiggy,delivered,155,925,1949,,false
497717,2026-08-26T18:50:54,Zone 3,swiggy,delivered,312,921,1773,,false
497762,2026-08-26T19:16:29,Zone 1,swiggy,delivered,217,717,1534,,false
497703,2026-08-26T19:44:37,Zone 2,swiggy,delivered,210,1325,2409,,false
497736,2026-08-26T19:51:37,Zone 3,swiggy,delivered,162,735,1721,,false
497810,2026-08-26T19:56:31,Zone 3,zomato,delivered,269,720,1629,,false
497700,2026-08-26T20:48:53,Zone 1,zomato,delivered,296,602,1815,,false
497803,2026-08-26T21:19:57,Zone 1,zomato,delivered,222,841,1781,,false
497814,2026-08-26T21:23:18,Zone 3,swiggy,delivered,417,1192,2358,,false
497667,2026-08-26T21:24:02,Zone 1,swiggy,delivered,615,524,1510,,false
497801,2026-08-26T21:30:28,Zone 3,zomato,delivered,620,681,1636,,false
497750,2026-08-26T21:38:37,Zone 2,swiggy,delivered,507,687,2028,,false
497722,2026-08-26T21:39:03,Zone 1,zomato,delivered,385,1039,1895,,false
497808,2026-08-26T21:42:11,Zone 3,zomato,delivered,289,669,1363,,false
497702,2026-08-26T21:42:21,Zone 3,swiggy,delivered,285,622,1534,,false
497779,2026-08-26T21:50:14,Zone 2,zomato,delivered,196,857,2080,,false
497724,2026-08-26T22:04:43,Zone 1,swiggy,cancelled,253,970,,customer_cancelled_predispatch,false
497691,2026-08-26T22:23:28,Zone 2,swiggy,cancelled,338,561,,customer_cancelled_predispatch,false
497655,2026-08-26T22:26:25,Zone 1,swiggy,cancelled,482,798,1716,address_issue,false
497697,2026-08-26T22:31:42,Zone 3,zomato,delivered,280,728,1525,,false
497795,2026-08-26T22:40:29,Zone 2,swiggy,delivered,547,887,1602,,false
497730,2026-08-26T23:28:44,Zone 2,swiggy,delivered,145,765,2113,,false
497774,2026-08-26T23:49:30,Zone 2,swiggy,delivered,285,1016,1715,,false
497904,2026-08-27T06:42:16,Zone 2,zomato,delivered,143,633,1796,,false
498037,2026-08-27T07:51:56,Zone 2,swiggy,delivered,106,1030,2443,,false
497965,2026-08-27T08:28:50,Zone 3,swiggy,delivered,145,697,2505,,false
497937,2026-08-27T09:10:49,Zone 2,swiggy,delivered,211,654,1817,,false
498026,2026-08-27T09:10:53,Zone 2,zomato,delivered,246,850,1632,,false
498027,2026-08-27T09:29:30,Zone 1,swiggy,delivered,149,920,1858,,false
497989,2026-08-27T09:43:10,Zone 3,swiggy,delivered,225,702,2692,,true
498040,2026-08-27T10:00:59,Zone 1,zomato,delivered,187,1186,2266,,true
497843,2026-08-27T10:22:59,Zone 3,zomato,delivered,192,422,2117,,true
497984,2026-08-27T10:40:12,Zone 2,swiggy,delivered,320,1156,2639,,true
498016,2026-08-27T10:55:00,Zone 1,swiggy,delivered,151,1059,1923,,true
497968,2026-08-27T11:03:41,Zone 2,swiggy,delivered,375,482,1793,,true
497959,2026-08-27T11:42:41,Zone 3,zomato,delivered,225,1141,2850,,true
497896,2026-08-27T11:54:42,Zone 1,swiggy,delivered,232,723,1549,,true
497892,2026-08-27T12:11:28,Zone 2,swiggy,delivered,99,1335,2746,,false
497981,2026-08-27T12:27:33,Zone 3,zomato,delivered,389,1346,2882,,true
497893,2026-08-27T12:41:00,Zone 3,swiggy,delivered,206,598,1656,,false
497991,2026-08-27T12:55:59,Zone 2,swiggy,cancelled,311,658,2604,kitchen_overload,false
498021,2026-08-27T13:06:41,Zone 3,swiggy,delivered,428,678,2424,,true
498010,2026-08-27T13:18:34,Zone 2,zomato,delivered,221,1255,2482,,true
497951,2026-08-27T13:35:36,Zone 1,swiggy,delivered,258,890,2152,,false
497982,2026-08-27T13:44:16,Zone 3,swiggy,cancelled,546,742,2832,weather_delay,true
497927,2026-08-27T13:45:05,Zone 1,swiggy,delivered,314,1249,2068,,true
498038,2026-08-27T13:47:18,Zone 1,zomato,delivered,220,863,2016,,false
497836,2026-08-27T14:22:04,Zone 1,zomato,delivered,408,998,2064,,false
497948,2026-08-27T14:26:33,Zone 2,swiggy,delivered,243,1233,2515,,false
497942,2026-08-27T15:14:58,Zone 1,swiggy,cancelled,320,768,1695,weather_delay,false
497900,2026-08-27T15:41:15,Zone 3,swiggy,cancelled,180,844,3400,weather_delay,false
497827,2026-08-27T15:53:34,Zone 3,zomato,delivered,326,468,2324,,true
497939,2026-08-27T16:05:06,Zone 2,zomato,delivered,143,930,2052,,false
498008,2026-08-27T16:26:19,Zone 2,swiggy,cancelled,423,765,1933,weather_delay,true
497913,2026-08-27T16:46:20,Zone 2,zomato,delivered,322,462,1920,,true
497879,2026-08-27T18:03:56,Zone 3,swiggy,delivered,282,901,2446,,true
497840,2026-08-27T18:13:40,Zone 1,swiggy,delivered,157,765,2178,,true
498041,2026-08-27T18:42:55,Zone 3,zomato,cancelled,99,833,3282,address_issue,true
497957,2026-08-27T18:44:31,Zone 2,zomato,delivered,365,984,1947,,false
498003,2026-08-27T19:01:45,Zone 3,swiggy,delivered,552,1135,3179,,true
497882,2026-08-27T19:02:09,Zone 2,swiggy,cancelled,227,701,2578,weather_delay,false
497870,2026-08-27T19:24:40,Zone 1,swiggy,delivered,146,1092,2302,,true
497883,2026-08-27T19:47:43,Zone 1,swiggy,delivered,498,646,1963,,false
498047,2026-08-27T19:50:46,Zone 3,swiggy,delivered,127,998,2466,,false
498053,2026-08-27T20:10:13,Zone 2,swiggy,delivered,182,555,1912,,false
497980,2026-08-27T20:12:01,Zone 2,swiggy,delivered,338,686,1632,,true
497849,2026-08-27T20:13:11,Zone 2,zomato,delivered,716,1254,2318,,true
497995,2026-08-27T20:16:58,Zone 2,zomato,delivered,162,1096,2147,,false
497842,2026-08-27T20:17:57,Zone 2,zomato,delivered,99,651,2056,,true
497997,2026-08-27T20:26:37,Zone 1,swiggy,delivered,218,629,1678,,false
497866,2026-08-27T20:33:18,Zone 3,zomato,delivered,591,827,2561,,true
497921,2026-08-27T20:34:00,Zone 1,swiggy,delivered,202,1303,2736,,true
497858,2026-08-27T20:35:28,Zone 3,zomato,delivered,630,1051,2846,,true
497889,2026-08-27T20:39:51,Zone 1,swiggy,cancelled,279,760,2411,weather_delay,false
497918,2026-08-27T20:45:39,Zone 3,swiggy,delivered,320,1202,2386,,true
497923,2026-08-27T21:00:01,Zone 2,zomato,delivered,224,1242,2380,,true
498032,2026-08-27T21:00:53,Zone 1,swiggy,delivered,363,478,1802,,true
497875,2026-08-27T21:03:50,Zone 2,swiggy,cancelled,321,1099,2854,weather_delay,true
497821,2026-08-27T21:07:57,Zone 3,zomato,cancelled,257,716,3511,weather_delay,false
497862,2026-08-27T21:15:38,Zone 2,swiggy,delivered,358,1243,2509,,false
497834,2026-08-27T21:20:01,Zone 3,swiggy,delivered,425,795,2637,,false
497929,2026-08-27T21:22:32,Zone 1,zomato,cancelled,277,702,,customer_cancelled_predispatch,true
497907,2026-08-27T21:27:47,Zone 2,swiggy,delivered,304,680,1788,,false
497894,2026-08-27T21:31:18,Zone 3,swiggy,delivered,444,501,2380,,true
497975,2026-08-27T21:43:58,Zone 2,swiggy,delivered,138,1162,2489,,false
497851,2026-08-27T22:24:52,Zone 3,swiggy,delivered,276,1247,2493,,true
497934,2026-08-27T22:58:16,Zone 3,zomato,delivered,403,1041,3004,,true
497853,2026-08-27T23:14:38,Zone 2,zomato,delivered,99,460,1660,,true
497831,2026-08-27T23:18:45,Zone 3,zomato,delivered,505,771,1874,,true
497974,2026-08-27T23:22:43,Zone 2,swiggy,delivered,330,715,2315,,false
498266,2026-08-28T00:12:00,Zone 2,zomato,cancelled,115,509,2313,courier_no_show,false
498303,2026-08-28T04:30:00,Zone 2,zomato,delivered,382,976,2132,,false
498123,2026-08-28T05:16:56,Zone 1,swiggy,delivered,247,720,1703,,true
498337,2026-08-28T06:17:16,Zone 1,swiggy,delivered,466,903,2289,,false
498059,2026-08-28T08:00:53,Zone 3,swiggy,delivered,420,950,2849,,true
498345,2026-08-28T08:29:02,Zone 3,zomato,delivered,99,1024,2427,,true
498207,2026-08-28T10:12:42,Zone 3,swiggy,cancelled,485,823,3496,weather_delay,true
498085,2026-08-28T10:40:10,Zone 1,zomato,delivered,480,599,1855,,true
498188,2026-08-28T10:52:26,Zone 1,zomato,cancelled,146,1118,2117,weather_delay,true
498272,2026-08-28T11:04:31,Zone 3,zomato,delivered,373,1082,2710,,true
498203,2026-08-28T11:09:06,Zone 3,zomato,delivered,405,1195,2306,,true
498276,2026-08-28T11:10:33,Zone 1,zomato,delivered,328,553,1610,,true
498090,2026-08-28T11:11:35,Zone 3,swiggy,delivered,99,953,2859,,true
498219,2026-08-28T11:17:03,Zone 2,zomato,delivered,539,959,2040,,false
498331,2026-08-28T11:26:40,Zone 1,zomato,cancelled,309,439,1502,weather_delay,false
498133,2026-08-28T11:32:26,Zone 2,swiggy,delivered,99,1041,2624,,false
498061,2026-08-28T11:35:26,Zone 2,zomato,delivered,371,731,2150,,true
498106,2026-08-28T11:45:11,Zone 2,zomato,delivered,320,518,1390,,true
498210,2026-08-28T11:46:15,Zone 1,swiggy,delivered,222,1179,2624,,false
498164,2026-08-28T12:03:53,Zone 2,zomato,delivered,337,858,1820,,false
498247,2026-08-28T12:09:14,Zone 1,zomato,delivered,144,939,2169,,true
498182,2026-08-28T12:31:33,Zone 2,swiggy,delivered,443,990,1908,,false
498288,2026-08-28T12:45:14,Zone 2,swiggy,delivered,176,1092,2664,,false
498185,2026-08-28T12:47:16,Zone 2,swiggy,delivered,269,1345,2410,,true
498145,2026-08-28T13:07:44,Zone 1,swiggy,delivered,276,926,2460,,false
498232,2026-08-28T13:20:33,Zone 3,zomato,delivered,408,1357,2904,,true
498290,2026-08-28T13:22:59,Zone 3,zomato,delivered,693,663,2222,,true
498255,2026-08-28T13:24:07,Zone 3,zomato,delivered,232,962,2499,,true
498115,2026-08-28T13:30:31,Zone 2,swiggy,delivered,115,668,2002,,false
498139,2026-08-28T13:54:15,Zone 1,zomato,delivered,372,1398,2553,,true
498260,2026-08-28T14:03:57,Zone 3,zomato,delivered,306,763,2753,,true
498222,2026-08-28T14:15:32,Zone 2,swiggy,delivered,356,987,2010,,false
498329,2026-08-28T14:47:55,Zone 1,swiggy,delivered,310,1021,2039,,false
498168,2026-08-28T14:49:17,Zone 1,zomato,delivered,242,1063,2324,,false
498072,2026-08-28T14:54:33,Zone 2,zomato,delivered,335,796,2002,,true
498099,2026-08-28T15:43:09,Zone 3,swiggy,delivered,571,705,2255,,true
498137,2026-08-28T16:10:42,Zone 1,zomato,delivered,208,538,1651,,false
498306,2026-08-28T16:40:48,Zone 1,zomato,delivered,219,920,1730,,true
498227,2026-08-28T16:47:08,Zone 2,swiggy,delivered,148,408,1883,,false
498348,2026-08-28T17:29:35,Zone 1,swiggy,delivered,302,945,1941,,false
498155,2026-08-28T18:10:11,Zone 2,swiggy,delivered,692,685,1973,,true
498298,2026-08-28T18:23:36,Zone 1,zomato,delivered,556,629,1973,,true
498093,2026-08-28T18:42:01,Zone 2,swiggy,delivered,327,1282,2887,,false
498074,2026-08-28T18:42:48,Zone 3,zomato,cancelled,295,984,3020,weather_delay,false
498177,2026-08-28T19:01:55,Zone 1,swiggy,delivered,99,1293,2185,,false
498249,2026-08-28T19:16:42,Zone 2,zomato,delivered,362,698,1608,,false
498308,2026-08-28T19:24:36,Zone 3,swiggy,delivered,647,1196,2345,,true
498112,2026-08-28T19:25:57,Zone 2,swiggy,delivered,894,931,1839,,false
498174,2026-08-28T19:34:18,Zone 1,zomato,delivered,179,1146,2536,,false
498067,2026-08-28T19:34:31,Zone 3,zomato,delivered,139,1220,3248,,true
498121,2026-08-28T19:39:06,Zone 1,zomato,delivered,219,770,1612,,false
498180,2026-08-28T19:51:34,Zone 3,zomato,cancelled,365,1317,3431,weather_delay,true
498314,2026-08-28T19:51:51,Zone 3,swiggy,delivered,540,532,1939,,true
498150,2026-08-28T19:54:04,Zone 1,swiggy,delivered,345,1321,2387,,true
498073,2026-08-28T19:56:27,Zone 3,swiggy,delivered,200,617,1919,,true
498317,2026-08-28T20:11:41,Zone 3,swiggy,delivered,302,993,3013,,true
498200,2026-08-28T20:13:15,Zone 2,swiggy,delivered,404,1033,1840,,false
498172,2026-08-28T20:26:05,Zone 2,swiggy,delivered,422,869,1908,,false
498080,2026-08-28T20:32:39,Zone 3,swiggy,delivered,224,1295,2971,,true
498103,2026-08-28T20:35:17,Zone 3,zomato,delivered,256,597,2017,,true
498223,2026-08-28T20:37:35,Zone 1,swiggy,delivered,456,1349,2562,,false
498321,2026-08-28T20:45:09,Zone 2,swiggy,delivered,208,1119,2078,,false
498234,2026-08-28T20:45:45,Zone 1,swiggy,delivered,220,885,2139,,true
498274,2026-08-28T20:55:29,Zone 2,zomato,delivered,194,550,1821,,false
498339,2026-08-28T20:58:36,Zone 3,swiggy,delivered,99,775,1875,,true
498214,2026-08-28T21:02:48,Zone 3,zomato,delivered,268,1043,2968,,false
498320,2026-08-28T21:03:47,Zone 2,swiggy,delivered,197,628,2042,,true
498186,2026-08-28T21:04:58,Zone 3,zomato,delivered,311,783,2098,,true
498325,2026-08-28T21:26:34,Zone 3,swiggy,cancelled,479,1390,,customer_cancelled_predispatch,false
498323,2026-08-28T21:44:42,Zone 2,swiggy,delivered,456,579,1634,,false
498240,2026-08-28T21:45:09,Zone 3,swiggy,delivered,165,616,2553,,true
498239,2026-08-28T21:52:27,Zone 2,zomato,cancelled,217,790,2555,weather_delay,false
498161,2026-08-28T21:56:29,Zone 1,swiggy,delivered,458,1131,2691,,false
498194,2026-08-28T22:00:49,Zone 3,swiggy,cancelled,229,1031,3830,weather_delay,true
498295,2026-08-28T22:23:50,Zone 1,zomato,delivered,99,459,1458,,false
498241,2026-08-28T23:07:17,Zone 3,swiggy,delivered,252,607,1800,,true
498332,2026-08-28T23:18:33,Zone 2,zomato,delivered,162,808,2073,,true
498282,2026-08-28T23:19:04,Zone 1,zomato,delivered,269,416,1730,,true
498280,2026-08-28T23:24:09,Zone 3,zomato,delivered,236,1086,2839,,false
498128,2026-08-28T23:52:27,Zone 3,zomato,delivered,618,1172,2567,,false
498558,2026-08-29T01:08:34,Zone 3,swiggy,delivered,263,940,1717,,false
498489,2026-08-29T04:18:59,Zone 1,swiggy,delivered,467,598,1876,,false
498508,2026-08-29T06:07:16,Zone 2,swiggy,delivered,105,679,1487,,false
498479,2026-08-29T07:14:34,Zone 2,swiggy,delivered,527,581,1824,,false
498381,2026-08-29T08:51:38,Zone 3,swiggy,delivered,594,755,2101,,false
498436,2026-08-29T09:07:48,Zone 2,zomato,delivered,735,831,1846,,false
498534,2026-08-29T09:27:47,Zone 1,swiggy,delivered,289,618,1824,,false
498456,2026-08-29T10:15:40,Zone 3,swiggy,delivered,174,1121,2055,,false
498493,2026-08-29T11:48:52,Zone 2,zomato,cancelled,573,746,2160,courier_no_show,false
498572,2026-08-29T12:03:54,Zone 1,swiggy,delivered,222,1253,2516,,false
498430,2026-08-29T12:04:25,Zone 2,zomato,delivered,378,993,1951,,false
498409,2026-08-29T12:15:50,Zone 2,zomato,delivered,277,527,1819,,false
498505,2026-08-29T12:36:35,Zone 1,zomato,delivered,196,1360,2432,,false
498415,2026-08-29T12:41:42,Zone 2,swiggy,delivered,342,1197,2255,,false
498562,2026-08-29T12:42:24,Zone 2,swiggy,delivered,269,1076,1890,,false
498452,2026-08-29T12:50:20,Zone 3,swiggy,delivered,419,909,2213,,false
498443,2026-08-29T13:01:44,Zone 3,swiggy,delivered,580,1297,2021,,false
498367,2026-08-29T13:02:34,Zone 3,swiggy,delivered,468,1350,2306,,false
498352,2026-08-29T13:04:21,Zone 1,swiggy,cancelled,226,903,,customer_cancelled_predispatch,false
498552,2026-08-29T13:08:14,Zone 3,swiggy,delivered,158,1312,2423,,false
498356,2026-08-29T13:14:34,Zone 1,zomato,delivered,159,1143,2300,,false
498583,2026-08-29T13:15:32,Zone 2,zomato,delivered,651,525,1714,,false
498514,2026-08-29T13:33:44,Zone 2,zomato,delivered,131,1144,1952,,false
498549,2026-08-29T13:38:41,Zone 3,swiggy,delivered,218,997,1915,,false
498567,2026-08-29T13:40:32,Zone 1,swiggy,delivered,392,847,2154,,false
498545,2026-08-29T13:57:46,Zone 1,zomato,delivered,176,953,2197,,false
498425,2026-08-29T13:58:03,Zone 2,swiggy,cancelled,105,644,1953,kitchen_overload,false
498399,2026-08-29T14:29:32,Zone 1,swiggy,delivered,441,1300,2505,,false
498390,2026-08-29T14:40:12,Zone 3,zomato,delivered,172,1016,2039,,false
498474,2026-08-29T14:46:21,Zone 1,swiggy,delivered,343,923,2205,,false
498469,2026-08-29T15:01:21,Zone 3,zomato,delivered,274,546,1792,,false
498523,2026-08-29T15:58:19,Zone 2,swiggy,cancelled,573,1075,1819,kitchen_overload,false
498544,2026-08-29T17:12:03,Zone 1,zomato,delivered,278,964,2031,,false
498521,2026-08-29T17:12:49,Zone 2,swiggy,delivered,412,996,1891,,false
498361,2026-08-29T17:20:22,Zone 1,zomato,delivered,326,467,1424,,false
498526,2026-08-29T17:28:28,Zone 2,swiggy,delivered,249,671,1916,,false
498454,2026-08-29T17:33:06,Zone 1,swiggy,delivered,503,578,1827,,false
498410,2026-08-29T18:20:46,Zone 3,swiggy,delivered,607,1209,2463,,false
498465,2026-08-29T18:31:56,Zone 1,swiggy,delivered,380,1123,2243,,false
498376,2026-08-29T18:41:39,Zone 1,swiggy,delivered,662,1264,2102,,false
498387,2026-08-29T18:42:44,Zone 1,swiggy,delivered,131,1193,1948,,false
498405,2026-08-29T19:05:45,Zone 3,swiggy,delivered,483,817,1505,,false
498437,2026-08-29T19:15:08,Zone 2,swiggy,delivered,592,1417,2372,,false
498419,2026-08-29T19:22:02,Zone 2,swiggy,delivered,536,491,1595,,false
498461,2026-08-29T19:39:01,Zone 2,swiggy,delivered,338,815,1744,,false
498540,2026-08-29T19:44:16,Zone 1,swiggy,delivered,258,629,1532,,false
498510,2026-08-29T19:45:57,Zone 3,swiggy,delivered,99,1246,1926,,false
498481,2026-08-29T19:49:28,Zone 2,zomato,delivered,99,532,1420,,false
498532,2026-08-29T19:52:24,Zone 1,swiggy,delivered,188,744,1929,,false
498501,2026-08-29T20:13:35,Zone 1,zomato,delivered,103,1207,1869,,false
498484,2026-08-29T20:29:38,Zone 2,zomato,delivered,149,1139,2190,,false
498578,2026-08-29T20:39:42,Zone 3,swiggy,delivered,313,1359,2321,,false
498394,2026-08-29T20:40:38,Zone 3,zomato,cancelled,352,523,1675,restaurant_closed_early,false
498398,2026-08-29T20:44:56,Zone 1,swiggy,delivered,99,956,1770,,false
498371,2026-08-29T20:47:39,Zone 3,swiggy,cancelled,506,721,2159,kitchen_overload,false
498359,2026-08-29T21:16:13,Zone 2,swiggy,delivered,633,475,1613,,false
498429,2026-08-29T21:22:23,Zone 3,swiggy,cancelled,132,740,,customer_cancelled_predispatch,false
498449,2026-08-29T21:22:41,Zone 3,zomato,delivered,393,980,1906,,false
498466,2026-08-29T21:25:45,Zone 2,zomato,delivered,160,911,1872,,false
498498,2026-08-29T21:32:56,Zone 2,zomato,delivered,452,818,1855,,false
498476,2026-08-29T21:39:36,Zone 3,zomato,delivered,304,647,1341,,false
498411,2026-08-29T22:27:49,Zone 3,zomato,delivered,99,1025,2195,,false
498451,2026-08-29T22:37:03,Zone 2,swiggy,delivered,295,1210,2117,,false
498517,2026-08-29T22:59:17,Zone 1,zomato,delivered,173,1087,2265,,false
498872,2026-08-30T06:01:04,Zone 1,zomato,delivered,224,502,1275,,false
498812,2026-08-30T06:02:28,Zone 3,zomato,delivered,233,872,1966,,false
498685,2026-08-30T06:53:52,Zone 3,swiggy,delivered,401,390,1059,,false
498639,2026-08-30T07:10:21,Zone 3,swiggy,delivered,510,610,1684,,false
498627,2026-08-30T08:01:50,Zone 1,zomato,delivered,207,594,1941,,false
498735,2026-08-30T09:12:16,Zone 3,swiggy,cancelled,414,407,,customer_cancelled_predispatch,false
498770,2026-08-30T09:15:19,Zone 2,swiggy,delivered,321,917,1707,,false
498741,2026-08-30T09:45:54,Zone 2,swiggy,delivered,230,642,1799,,false
498814,2026-08-30T10:06:04,Zone 3,zomato,delivered,320,398,1138,,false
498862,2026-08-30T10:13:50,Zone 1,zomato,delivered,400,744,1959,,false
498833,2026-08-30T10:37:03,Zone 2,swiggy,delivered,269,714,1575,,false
498755,2026-08-30T10:51:27,Zone 1,zomato,delivered,243,518,1194,,false
498878,2026-08-30T11:54:53,Zone 2,swiggy,delivered,343,536,1402,,false
498842,2026-08-30T12:04:51,Zone 2,zomato,delivered,259,1072,2208,,false
498617,2026-08-30T12:25:41,Zone 2,swiggy,delivered,437,1232,2069,,false
498586,2026-08-30T12:41:41,Zone 1,swiggy,delivered,371,883,1917,,false
498729,2026-08-30T12:45:52,Zone 1,swiggy,delivered,203,1148,2056,,false
498839,2026-08-30T12:55:11,Zone 3,swiggy,delivered,332,716,1773,,false
498763,2026-08-30T13:05:58,Zone 3,swiggy,delivered,131,663,1329,,false
498792,2026-08-30T13:06:41,Zone 1,swiggy,delivered,99,1269,1997,,false
498593,2026-08-30T13:27:32,Zone 2,zomato,delivered,397,998,2025,,false
498853,2026-08-30T13:28:29,Zone 2,swiggy,delivered,336,1134,1949,,false
498776,2026-08-30T13:33:41,Zone 2,swiggy,cancelled,174,935,2027,kitchen_overload,false
498588,2026-08-30T13:55:54,Zone 3,swiggy,delivered,389,713,1898,,false
498644,2026-08-30T14:12:11,Zone 1,swiggy,delivered,270,1213,2475,,false
498757,2026-08-30T14:21:59,Zone 3,swiggy,delivered,131,1172,2322,,false
498666,2026-08-30T14:22:19,Zone 3,swiggy,delivered,357,1087,2096,,false
498767,2026-08-30T14:37:52,Zone 2,swiggy,delivered,352,1321,2324,,false
498648,2026-08-30T14:45:50,Zone 1,zomato,delivered,369,985,1688,,false
498596,2026-08-30T15:12:56,Zone 3,swiggy,delivered,181,780,1742,,false
498781,2026-08-30T15:15:40,Zone 1,swiggy,delivered,196,514,1500,,false
498811,2026-08-30T15:27:50,Zone 2,swiggy,delivered,182,729,1667,,false
498601,2026-08-30T15:30:50,Zone 1,zomato,delivered,159,527,1325,,false
498831,2026-08-30T16:07:38,Zone 3,zomato,delivered,727,491,1773,,false
498806,2026-08-30T16:42:08,Zone 1,swiggy,delivered,312,923,2088,,false
498628,2026-08-30T16:55:52,Zone 3,swiggy,delivered,246,1091,2131,,false
498777,2026-08-30T16:59:07,Zone 3,swiggy,delivered,133,679,1937,,false
498808,2026-08-30T17:28:44,Zone 2,zomato,delivered,298,470,1131,,false
498778,2026-08-30T17:53:47,Zone 2,swiggy,delivered,354,1004,1771,,false
498734,2026-08-30T18:35:26,Zone 2,swiggy,delivered,263,834,2147,,false
498714,2026-08-30T18:44:25,Zone 2,zomato,cancelled,395,748,2114,item_unavailable,false
498703,2026-08-30T18:47:54,Zone 2,zomato,delivered,545,868,1711,,false
498607,2026-08-30T18:53:07,Zone 2,zomato,delivered,462,705,1633,,false
498846,2026-08-30T19:04:56,Zone 2,zomato,delivered,231,1183,2375,,false
498849,2026-08-30T19:10:17,Zone 3,swiggy,cancelled,580,887,2192,courier_no_show,false
498786,2026-08-30T19:10:36,Zone 1,swiggy,delivered,710,1096,1867,,false
498652,2026-08-30T19:11:17,Zone 1,swiggy,delivered,502,521,1509,,false
498662,2026-08-30T19:12:37,Zone 3,zomato,delivered,149,1230,2354,,false
498633,2026-08-30T19:12:52,Zone 1,zomato,delivered,278,775,1560,,false
498695,2026-08-30T19:18:13,Zone 1,zomato,delivered,371,585,1376,,false
498622,2026-08-30T19:22:29,Zone 1,swiggy,delivered,270,1400,2468,,false
498646,2026-08-30T19:32:43,Zone 2,swiggy,delivered,291,763,1917,,false
498802,2026-08-30T19:32:43,Zone 1,zomato,delivered,255,606,1591,,false
498877,2026-08-30T19:36:40,Zone 2,swiggy,delivered,161,827,2118,,false
498698,2026-08-30T19:50:01,Zone 1,zomato,delivered,258,640,1982,,false
498719,2026-08-30T19:54:24,Zone 3,swiggy,delivered,443,725,1398,,false
498775,2026-08-30T19:55:46,Zone 3,swiggy,delivered,472,1068,2229,,false
498750,2026-08-30T20:24:09,Zone 3,swiggy,delivered,228,641,1825,,false
498612,2026-08-30T20:33:46,Zone 2,swiggy,delivered,167,1055,1832,,false
498754,2026-08-30T20:36:34,Zone 1,zomato,delivered,118,615,1677,,false
498868,2026-08-30T20:38:50,Zone 1,zomato,delivered,406,1116,2444,,false
498724,2026-08-30T20:43:42,Zone 2,swiggy,delivered,515,1314,2324,,false
498747,2026-08-30T20:47:08,Zone 1,swiggy,delivered,468,811,2080,,false
498850,2026-08-30T20:47:29,Zone 1,swiggy,delivered,285,1225,2326,,false
498820,2026-08-30T20:59:36,Zone 1,zomato,delivered,354,718,1994,,false
498657,2026-08-30T21:03:36,Zone 3,swiggy,cancelled,165,597,1876,item_unavailable,false
498690,2026-08-30T21:04:26,Zone 1,zomato,delivered,257,1097,2038,,false
498636,2026-08-30T21:10:22,Zone 3,zomato,delivered,443,1157,2320,,false
498796,2026-08-30T21:14:01,Zone 1,swiggy,cancelled,232,759,,customer_cancelled_predispatch,false
498674,2026-08-30T21:17:13,Zone 2,zomato,delivered,325,563,1297,,false
498632,2026-08-30T21:21:05,Zone 1,zomato,delivered,99,881,1830,,false
498706,2026-08-30T21:21:20,Zone 3,swiggy,delivered,284,621,1861,,false
498647,2026-08-30T21:32:56,Zone 1,swiggy,delivered,526,1193,2287,,false
498710,2026-08-30T21:40:57,Zone 3,zomato,delivered,269,1064,2165,,false
498643,2026-08-30T21:48:54,Zone 2,swiggy,delivered,450,809,1967,,false
498672,2026-08-30T22:02:19,Zone 3,swiggy,delivered,291,1141,1874,,false
498826,2026-08-30T22:27:25,Zone 3,zomato,delivered,314,1235,2226,,false
498603,2026-08-30T22:54:05,Zone 3,zomato,delivered,196,1048,2332,,false
498795,2026-08-30T23:06:18,Zone 3,zomato,cancelled,167,444,,customer_cancelled_predispatch,false
498677,2026-08-30T23:17:36,Zone 2,zomato,delivered,409,462,1529,,false
498682,2026-08-30T23:38:24,Zone 3,swiggy,delivered,237,733,1781,,false
498859,2026-08-30T23:41:40,Zone 1,swiggy,delivered,549,653,1901,,false
498885,2026-08-31T00:18:57,Zone 2,swiggy,delivered,272,414,1545,,false
498935,2026-08-31T02:20:26,Zone 1,swiggy,delivered,191,657,1535,,false
499008,2026-08-31T09:05:13,Zone 3,swiggy,cancelled,194,868,1888,courier_no_show,false
499027,2026-08-31T09:26:09,Zone 1,swiggy,delivered,313,1126,1878,,false
498915,2026-08-31T09:51:13,Zone 3,swiggy,delivered,200,1145,1942,,false
498896,2026-08-31T12:42:22,Zone 1,swiggy,delivered,99,609,1522,,false
498973,2026-08-31T12:51:05,Zone 1,swiggy,delivered,551,1215,2263,,false
498903,2026-08-31T12:57:11,Zone 1,zomato,delivered,307,584,1667,,false
498991,2026-08-31T13:39:13,Zone 2,swiggy,delivered,171,754,1534,,false
498946,2026-08-31T13:45:10,Zone 2,zomato,delivered,370,743,1495,,false
498897,2026-08-31T14:02:19,Zone 3,swiggy,delivered,217,1188,2512,,false
498995,2026-08-31T14:16:08,Zone 2,zomato,delivered,439,872,1625,,false
498919,2026-08-31T14:16:26,Zone 1,swiggy,delivered,149,766,1507,,false
498964,2026-08-31T14:33:01,Zone 3,swiggy,cancelled,269,483,1571,address_issue,false
498970,2026-08-31T14:39:12,Zone 2,zomato,delivered,232,993,1807,,false
499003,2026-08-31T14:49:18,Zone 3,zomato,delivered,208,820,2135,,false
498984,2026-08-31T14:56:08,Zone 1,zomato,delivered,217,953,1753,,false
499016,2026-08-31T14:56:47,Zone 2,swiggy,delivered,392,958,2026,,false
498901,2026-08-31T16:07:38,Zone 2,zomato,delivered,256,585,1710,,false
498918,2026-08-31T17:02:17,Zone 3,zomato,delivered,281,561,1688,,false
498953,2026-08-31T17:23:43,Zone 1,zomato,delivered,644,1106,2120,,false
498924,2026-08-31T18:12:42,Zone 2,swiggy,cancelled,158,1023,2386,courier_no_show,false
498894,2026-08-31T18:24:46,Zone 1,swiggy,delivered,397,1109,2138,,false
498979,2026-08-31T18:40:09,Zone 2,zomato,delivered,329,934,1933,,false
498988,2026-08-31T20:01:43,Zone 1,zomato,delivered,137,1314,2037,,false
498940,2026-08-31T20:11:55,Zone 3,swiggy,delivered,127,1299,2029,,false
498930,2026-08-31T20:19:30,Zone 2,swiggy,delivered,419,1473,2181,,false
498997,2026-08-31T20:22:15,Zone 2,zomato,delivered,279,673,1720,,false
498959,2026-08-31T20:30:32,Zone 2,zomato,delivered,262,668,1684,,false
498889,2026-08-31T20:32:29,Zone 1,swiggy,delivered,271,724,1456,,false
499023,2026-08-31T20:43:06,Zone 1,zomato,delivered,479,1165,2023,,false
498880,2026-08-31T20:47:17,Zone 2,swiggy,delivered,485,510,1353,,false
498933,2026-08-31T20:48:50,Zone 1,swiggy,delivered,99,900,1573,,false
498914,2026-08-31T20:56:44,Zone 2,zomato,delivered,304,988,1678,,false
498957,2026-08-31T21:15:27,Zone 1,zomato,delivered,204,735,1898,,false
498949,2026-08-31T21:38:09,Zone 1,swiggy,delivered,354,1288,2211,,false
499029,2026-08-31T21:43:19,Zone 3,swiggy,delivered,461,923,1638,,false
498998,2026-08-31T22:16:23,Zone 1,zomato,cancelled,256,1120,,customer_cancelled_predispatch,false
498989,2026-08-31T22:26:58,Zone 3,swiggy,delivered,545,457,1614,,false
499006,2026-08-31T22:52:29,Zone 3,zomato,delivered,285,1231,2564,,false
499012,2026-08-31T22:55:03,Zone 3,swiggy,delivered,443,731,1425,,false
498908,2026-08-31T22:55:21,Zone 2,zomato,delivered,321,908,1615,,false
498938,2026-08-31T23:25:00,Zone 2,zomato,cancelled,264,870,2172,courier_no_show,false
499020,2026-08-31T23:26:37,Zone 2,zomato,delivered,167,1193,2244,,false
499068,2026-09-01T00:43:24,Zone 3,swiggy,cancelled,377,473,,customer_cancelled_predispatch,false
499106,2026-09-01T09:51:07,Zone 2,swiggy,delivered,403,665,1739,,false
499054,2026-09-01T10:14:26,Zone 3,zomato,delivered,135,1056,1875,,false
499135,2026-09-01T10:47:04,Zone 1,swiggy,delivered,174,507,1687,,false
499102,2026-09-01T11:21:45,Zone 3,swiggy,delivered,322,756,1754,,false
499137,2026-09-01T12:01:00,Zone 2,swiggy,delivered,122,733,1855,,false
499126,2026-09-01T12:29:27,Zone 3,zomato,delivered,211,1183,2142,,false
499077,2026-09-01T12:54:46,Zone 1,zomato,delivered,312,893,1851,,false
499145,2026-09-01T12:58:31,Zone 2,zomato,delivered,246,714,1632,,false
499049,2026-09-01T13:07:43,Zone 2,zomato,delivered,421,547,1455,,false
499122,2026-09-01T13:19:01,Zone 1,zomato,delivered,320,1413,2204,,false
499035,2026-09-01T13:27:46,Zone 3,zomato,delivered,300,1109,1804,,false
499033,2026-09-01T13:32:47,Zone 1,swiggy,delivered,99,1169,2495,,false
499050,2026-09-01T13:38:12,Zone 3,swiggy,delivered,472,656,1982,,false
499119,2026-09-01T13:55:55,Zone 2,swiggy,delivered,278,601,1504,,false
499074,2026-09-01T14:15:56,Zone 2,swiggy,delivered,544,1190,2046,,false
499044,2026-09-01T14:34:08,Zone 3,zomato,cancelled,469,932,2377,weather_delay,false
499060,2026-09-01T15:01:30,Zone 3,zomato,delivered,275,807,1460,,false
499069,2026-09-01T15:39:12,Zone 2,zomato,delivered,408,851,1818,,false
499096,2026-09-01T18:55:38,Zone 3,swiggy,delivered,218,1253,2363,,false
499087,2026-09-01T19:03:13,Zone 2,swiggy,delivered,331,656,1410,,false
499131,2026-09-01T19:18:01,Zone 1,zomato,delivered,209,868,1547,,false
499092,2026-09-01T19:27:31,Zone 1,zomato,delivered,244,992,1897,,false
499063,2026-09-01T19:58:54,Zone 3,zomato,delivered,185,985,1847,,false
499115,2026-09-01T20:03:38,Zone 3,zomato,delivered,338,1113,2169,,false
499118,2026-09-01T20:49:39,Zone 3,swiggy,delivered,726,749,1648,,false
499073,2026-09-01T20:59:35,Zone 3,swiggy,delivered,222,1369,2120,,false
499142,2026-09-01T21:11:39,Zone 1,swiggy,delivered,269,925,2008,,false
499127,2026-09-01T21:31:20,Zone 3,swiggy,delivered,99,803,2090,,false
499082,2026-09-01T21:40:03,Zone 1,swiggy,delivered,263,524,1312,,false
499031,2026-09-01T22:16:28,Zone 1,swiggy,delivered,99,1250,2410,,false
499039,2026-09-01T22:40:32,Zone 2,swiggy,delivered,546,1282,2035,,false
499110,2026-09-01T22:51:03,Zone 3,swiggy,delivered,255,544,1483,,false
499037,2026-09-01T23:14:59,Zone 3,swiggy,delivered,397,1103,1901,,false
499175,2026-09-02T00:43:08,Zone 3,swiggy,delivered,264,864,1938,,false
499230,2026-09-02T08:03:31,Zone 2,zomato,delivered,415,956,1717,,false
499234,2026-09-02T09:24:27,Zone 3,zomato,delivered,185,792,1511,,false
499290,2026-09-02T10:18:57,Zone 2,swiggy,delivered,621,883,2142,,false
499159,2026-09-02T10:31:43,Zone 3,zomato,delivered,194,945,2121,,false
499264,2026-09-02T11:21:11,Zone 1,zomato,delivered,369,640,1558,,false
499199,2026-09-02T11:35:23,Zone 2,swiggy,delivered,189,972,2066,,false
499244,2026-09-02T11:37:10,Zone 3,swiggy,delivered,379,1017,1875,,false
499151,2026-09-02T12:15:49,Zone 2,zomato,delivered,692,769,1448,,false
499239,2026-09-02T12:19:23,Zone 3,swiggy,delivered,186,792,1687,,false
499155,2026-09-02T12:54:47,Zone 3,swiggy,delivered,268,676,1975,,false
499296,2026-09-02T13:00:18,Zone 3,swiggy,delivered,492,562,1842,,false
499285,2026-09-02T13:08:00,Zone 3,swiggy,delivered,140,1186,2372,,false
499211,2026-09-02T13:23:06,Zone 3,swiggy,delivered,192,563,1532,,false
499249,2026-09-02T13:26:59,Zone 3,swiggy,delivered,295,941,1842,,false
499311,2026-09-02T13:56:07,Zone 1,swiggy,cancelled,269,910,1964,address_issue,false
499167,2026-09-02T14:01:56,Zone 3,zomato,delivered,401,1043,2270,,false
499263,2026-09-02T14:45:18,Zone 2,zomato,delivered,253,1003,2101,,false
499280,2026-09-02T15:22:14,Zone 3,zomato,delivered,380,508,1615,,false
499274,2026-09-02T16:05:20,Zone 1,zomato,delivered,494,590,1459,,false
499258,2026-09-02T17:00:19,Zone 2,swiggy,delivered,386,444,1127,,false
499169,2026-09-02T18:59:03,Zone 3,swiggy,delivered,348,783,1769,,false
499256,2026-09-02T18:59:17,Zone 1,swiggy,delivered,406,551,1433,,false
499214,2026-09-02T19:03:08,Zone 3,zomato,delivered,397,986,1654,,false
499185,2026-09-02T19:14:32,Zone 1,zomato,cancelled,401,726,,customer_cancelled_predispatch,false
499179,2026-09-02T19:22:18,Zone 3,swiggy,delivered,218,1153,2368,,false
499306,2026-09-02T19:26:20,Zone 2,zomato,delivered,351,791,1659,,false
499190,2026-09-02T19:41:12,Zone 3,zomato,delivered,167,1069,1884,,false
499253,2026-09-02T19:43:31,Zone 3,swiggy,cancelled,358,1385,2669,item_unavailable,false
499163,2026-09-02T19:48:45,Zone 1,zomato,delivered,174,1079,1793,,false
499303,2026-09-02T20:10:05,Zone 3,swiggy,delivered,429,1299,2080,,false
499312,2026-09-02T20:24:42,Zone 3,zomato,delivered,142,1072,2254,,false
499246,2026-09-02T20:31:23,Zone 3,swiggy,delivered,195,1041,2267,,false
499152,2026-09-02T20:35:12,Zone 2,swiggy,delivered,201,1280,2470,,false
499262,2026-09-02T20:44:25,Zone 3,zomato,delivered,397,1189,1967,,false
499317,2026-09-02T21:10:52,Zone 1,zomato,delivered,199,764,1666,,false
499225,2026-09-02T21:29:11,Zone 2,zomato,delivered,251,1391,2191,,false
499321,2026-09-02T21:34:10,Zone 2,swiggy,delivered,286,591,1660,,false
499277,2026-09-02T21:55:14,Zone 2,zomato,delivered,364,1041,2218,,false
499302,2026-09-02T22:03:01,Zone 2,swiggy,delivered,518,1235,2135,,false
499205,2026-09-02T22:44:59,Zone 2,swiggy,delivered,515,704,1357,,false
499191,2026-09-02T22:50:56,Zone 1,zomato,delivered,318,1243,2162,,false
499220,2026-09-02T23:11:00,Zone 1,zomato,cancelled,210,808,2235,restaurant_rejected,false
499194,2026-09-02T23:52:13,Zone 2,swiggy,delivered,187,711,1763,,false
499268,2026-09-02T23:53:08,Zone 2,swiggy,delivered,463,633,1696,,false
499470,2026-09-03T06:09:29,Zone 2,swiggy,delivered,277,729,2067,,false
499402,2026-09-03T06:15:05,Zone 3,swiggy,delivered,131,445,1587,,false
499474,2026-09-03T06:24:55,Zone 3,swiggy,delivered,520,1127,1966,,false
499393,2026-09-03T09:18:19,Zone 1,zomato,delivered,266,450,1323,,false
499333,2026-09-03T10:00:10,Zone 1,zomato,delivered,417,894,1800,,false
499455,2026-09-03T10:08:05,Zone 2,zomato,delivered,347,1144,1829,,false
499352,2026-09-03T11:05:40,Zone 1,swiggy,delivered,323,907,2079,,false
499460,2026-09-03T13:07:36,Zone 3,zomato,delivered,314,734,1636,,false
499390,2026-09-03T13:08:43,Zone 2,swiggy,delivered,211,467,1386,,false
499439,2026-09-03T13:12:51,Zone 1,swiggy,delivered,430,1200,2288,,false
499398,2026-09-03T13:45:56,Zone 3,swiggy,cancelled,542,769,1652,item_unavailable,false
499444,2026-09-03T13:53:59,Zone 3,swiggy,delivered,236,652,1843,,false
499378,2026-09-03T14:02:32,Zone 3,zomato,delivered,226,1133,1982,,false
499420,2026-09-03T14:06:00,Zone 2,swiggy,delivered,264,1239,2568,,false
499411,2026-09-03T16:11:14,Zone 3,swiggy,delivered,239,787,1771,,false
499358,2026-09-03T16:52:39,Zone 1,swiggy,delivered,126,535,1766,,false
499466,2026-09-03T17:36:22,Zone 2,swiggy,cancelled,782,1138,2075,courier_no_show,false
499453,2026-09-03T17:50:42,Zone 3,swiggy,delivered,221,1105,2401,,false
499346,2026-09-03T18:30:56,Zone 2,zomato,delivered,154,987,2236,,false
499436,2026-09-03T18:31:52,Zone 2,swiggy,delivered,221,1242,2517,,false
499430,2026-09-03T18:44:37,Zone 3,zomato,delivered,341,1136,1975,,false
499338,2026-09-03T18:49:24,Zone 1,zomato,delivered,313,961,2005,,false
499367,2026-09-03T18:49:41,Zone 3,zomato,delivered,214,674,1481,,false
499384,2026-09-03T18:52:36,Zone 3,swiggy,delivered,332,955,2073,,false
499348,2026-09-03T19:07:46,Zone 1,swiggy,delivered,251,627,1463,,false
499365,2026-09-03T19:21:39,Zone 1,zomato,delivered,238,1214,2359,,false
499380,2026-09-03T19:21:42,Zone 2,zomato,delivered,162,710,1391,,false
499405,2026-09-03T19:31:21,Zone 2,zomato,delivered,322,1442,2790,,false
499389,2026-09-03T20:17:47,Zone 2,swiggy,cancelled,312,1384,2714,item_unavailable,false
499407,2026-09-03T20:23:16,Zone 1,swiggy,delivered,198,696,1476,,false
499360,2026-09-03T20:49:35,Zone 2,swiggy,delivered,262,1244,2575,,false
499370,2026-09-03T21:03:53,Zone 3,swiggy,delivered,183,1076,1882,,false
499383,2026-09-03T21:06:15,Zone 1,zomato,delivered,348,1406,2284,,false
499327,2026-09-03T21:24:36,Zone 3,swiggy,delivered,99,1278,2276,,false
499449,2026-09-03T21:55:01,Zone 2,zomato,delivered,153,593,1246,,false
499415,2026-09-03T22:03:54,Zone 1,swiggy,delivered,421,863,1671,,false
499425,2026-09-03T22:10:05,Zone 2,zomato,cancelled,512,518,1830,item_unavailable,false
499359,2026-09-03T22:11:56,Zone 1,swiggy,delivered,417,1191,2185,,false
499376,2026-09-03T22:31:39,Zone 2,zomato,delivered,284,771,1865,,false
499372,2026-09-03T22:33:07,Zone 2,swiggy,delivered,179,1207,2286,,false
499340,2026-09-03T22:42:27,Zone 1,swiggy,delivered,652,667,1487,,false
499465,2026-09-03T23:28:24,Zone 2,zomato,cancelled,263,834,1986,weather_delay,false
499566,2026-09-04T04:36:49,Zone 1,zomato,delivered,513,1025,1725,,false
499590,2026-09-04T06:00:58,Zone 3,swiggy,delivered,156,797,2132,,false
499490,2026-09-04T06:02:24,Zone 3,zomato,delivered,178,809,2053,,false
499607,2026-09-04T07:07:18,Zone 1,swiggy,delivered,549,714,1755,,false
499616,2026-09-04T07:10:45,Zone 3,swiggy,delivered,460,901,2192,,false
499554,2026-09-04T07:45:15,Zone 1,zomato,delivered,99,1013,2339,,false
499535,2026-09-04T08:44:56,Zone 2,zomato,delivered,296,1137,1950,,false
499568,2026-09-04T09:04:53,Zone 3,zomato,delivered,392,610,1674,,false
499486,2026-09-04T10:08:38,Zone 2,swiggy,cancelled,660,971,1857,courier_no_show,false
499739,2026-09-04T10:15:42,Zone 2,swiggy,delivered,169,845,1731,,false
499548,2026-09-04T11:21:10,Zone 2,swiggy,delivered,674,1012,2216,,false
499737,2026-09-04T11:23:33,Zone 3,zomato,delivered,159,1021,1982,,false
499504,2026-09-04T11:46:48,Zone 3,swiggy,delivered,524,1229,2302,,false
499513,2026-09-04T12:05:06,Zone 2,zomato,delivered,247,687,1353,,false
499688,2026-09-04T12:22:15,Zone 1,swiggy,delivered,154,1262,2149,,false
499708,2026-09-04T12:24:56,Zone 1,swiggy,delivered,475,1126,1820,,false
499670,2026-09-04T12:26:20,Zone 1,zomato,delivered,197,611,1357,,false
499676,2026-09-04T12:50:21,Zone 1,swiggy,delivered,290,1365,2382,,false
499695,2026-09-04T13:00:02,Zone 2,swiggy,delivered,491,786,1538,,false
499584,2026-09-04T13:00:38,Zone 2,swiggy,delivered,204,1111,2028,,false
499653,2026-09-04T13:19:58,Zone 2,swiggy,delivered,565,571,1338,,false
499665,2026-09-04T13:27:44,Zone 2,swiggy,cancelled,118,494,1874,kitchen_overload,false
499634,2026-09-04T13:33:56,Zone 1,zomato,cancelled,355,652,2071,weather_delay,false
499742,2026-09-04T13:37:19,Zone 1,swiggy,delivered,351,1356,2672,,false
499722,2026-09-04T13:46:41,Zone 1,swiggy,delivered,153,1049,2232,,false
499719,2026-09-04T13:52:38,Zone 3,zomato,delivered,374,1350,2241,,false
499706,2026-09-04T14:14:44,Zone 1,swiggy,delivered,133,742,1744,,false
499613,2026-09-04T15:09:06,Zone 3,swiggy,delivered,251,1043,1914,,false
499715,2026-09-04T16:15:35,Zone 1,zomato,delivered,165,874,1637,,false
499626,2026-09-04T16:20:18,Zone 2,zomato,delivered,609,520,1450,,false
499662,2026-09-04T16:24:27,Zone 1,zomato,delivered,399,1094,2283,,false
499659,2026-09-04T17:37:13,Zone 3,swiggy,delivered,618,527,1298,,false
499710,2026-09-04T17:45:46,Zone 3,zomato,delivered,592,1132,1981,,false
499522,2026-09-04T17:47:23,Zone 3,zomato,delivered,249,779,1743,,false
499690,2026-09-04T18:04:24,Zone 3,swiggy,delivered,403,1214,2288,,false
499506,2026-09-04T18:24:17,Zone 2,zomato,delivered,281,597,1810,,false
499727,2026-09-04T18:24:59,Zone 3,swiggy,delivered,186,639,1458,,false
499574,2026-09-04T18:30:51,Zone 1,swiggy,delivered,403,1139,2102,,false
499526,2026-09-04T18:48:45,Zone 1,swiggy,delivered,237,943,2105,,false
499602,2026-09-04T18:50:17,Zone 2,swiggy,delivered,275,974,2214,,false
499640,2026-09-04T19:14:02,Zone 2,swiggy,delivered,279,1284,2199,,false
499596,2026-09-04T19:20:06,Zone 1,zomato,delivered,590,1339,2503,,false
499560,2026-09-04T19:30:10,Zone 2,zomato,delivered,235,677,1698,,false
499578,2026-09-04T19:31:19,Zone 3,swiggy,delivered,99,1063,2023,,false
499632,2026-09-04T19:39:51,Zone 1,swiggy,delivered,520,885,2107,,false
499700,2026-09-04T19:40:12,Zone 1,zomato,delivered,184,1378,2595,,false
499645,2026-09-04T19:50:45,Zone 3,zomato,delivered,245,540,1219,,false
499498,2026-09-04T19:53:03,Zone 2,swiggy,delivered,293,1195,2132,,false
499731,2026-09-04T19:55:40,Zone 2,swiggy,delivered,607,1196,2418,,false
499507,2026-09-04T19:58:14,Zone 1,swiggy,delivered,260,700,1772,,false
499540,2026-09-04T20:06:21,Zone 1,zomato,delivered,519,747,1989,,false
499693,2026-09-04T20:08:07,Zone 1,zomato,delivered,382,548,1796,,false
499752,2026-09-04T20:11:21,Zone 1,zomato,delivered,203,766,1557,,false
499519,2026-09-04T20:13:53,Zone 2,zomato,cancelled,120,1323,2216,restaurant_closed_early,false
499496,2026-09-04T20:21:52,Zone 3,swiggy,delivered,207,1087,1985,,false
499612,2026-09-04T20:23:07,Zone 2,zomato,delivered,774,1422,2342,,false
499502,2026-09-04T20:24:04,Zone 1,swiggy,delivered,99,1480,2246,,false
499649,2026-09-04T20:31:07,Zone 1,zomato,delivered,252,1316,2317,,false
499680,2026-09-04T20:35:00,Zone 1,zomato,cancelled,312,1278,2344,courier_no_show,false
499748,2026-09-04T21:13:22,Zone 3,zomato,delivered,136,799,1826,,false
499531,2026-09-04T21:13:24,Zone 1,swiggy,delivered,284,1401,2421,,false
499621,2026-09-04T21:16:40,Zone 1,zomato,delivered,167,1387,2118,,false
499725,2026-09-04T21:28:33,Zone 3,swiggy,delivered,361,495,1637,,false
499588,2026-09-04T21:34:00,Zone 1,swiggy,cancelled,256,899,,customer_cancelled_predispatch,false
499550,2026-09-04T21:41:24,Zone 1,zomato,delivered,358,897,2117,,false
499707,2026-09-04T21:55:30,Zone 1,swiggy,cancelled,465,1031,2527,courier_no_show,false
499546,2026-09-04T21:57:14,Zone 3,swiggy,delivered,233,1082,2164,,false
499480,2026-09-04T22:06:11,Zone 3,swiggy,delivered,193,1184,2065,,false
499679,2026-09-04T22:48:26,Zone 3,zomato,cancelled,241,561,1438,restaurant_closed_early,false
499728,2026-09-04T22:53:00,Zone 3,zomato,delivered,162,740,1624,,false
499683,2026-09-04T23:06:58,Zone 3,swiggy,delivered,133,824,2060,,false
499475,2026-09-04T23:52:50,Zone 3,swiggy,delivered,548,456,1709,,false
499791,2026-09-05T06:59:23,Zone 1,swiggy,delivered,109,683,1926,,false
499875,2026-09-05T08:00:13,Zone 3,swiggy,delivered,394,985,1969,,false
499915,2026-09-05T08:01:34,Zone 3,zomato,delivered,432,970,1831,,false
499800,2026-09-05T08:42:43,Zone 1,swiggy,delivered,149,819,1884,,false
499775,2026-09-05T09:42:18,Zone 1,swiggy,cancelled,228,556,1882,kitchen_overload,false
499839,2026-09-05T10:54:56,Zone 1,zomato,delivered,418,494,1372,,false
499794,2026-09-05T12:24:48,Zone 2,zomato,delivered,410,618,1740,,false
499827,2026-09-05T13:15:31,Zone 3,swiggy,delivered,641,771,1718,,false
499852,2026-09-05T13:30:56,Zone 1,swiggy,delivered,181,1078,2215,,false
499920,2026-09-05T13:33:27,Zone 2,swiggy,delivered,443,858,1587,,false
499819,2026-09-05T13:50:05,Zone 1,swiggy,delivered,208,1332,2265,,false
499912,2026-09-05T13:53:36,Zone 2,swiggy,delivered,114,1068,2322,,false
499816,2026-09-05T14:00:06,Zone 1,swiggy,delivered,458,724,1662,,false
499949,2026-09-05T14:05:14,Zone 1,swiggy,delivered,651,964,2050,,false
499883,2026-09-05T14:18:57,Zone 3,swiggy,delivered,940,864,1863,,false
499848,2026-09-05T14:34:45,Zone 2,zomato,delivered,392,1057,2050,,false
499762,2026-09-05T14:37:06,Zone 3,swiggy,delivered,475,1205,2086,,false
499835,2026-09-05T14:40:32,Zone 2,swiggy,delivered,486,720,1747,,false
499892,2026-09-05T14:44:37,Zone 1,swiggy,delivered,380,1301,2243,,false
499930,2026-09-05T14:59:04,Zone 3,zomato,cancelled,99,955,,customer_cancelled_predispatch,false
499770,2026-09-05T15:22:25,Zone 1,zomato,delivered,597,595,1913,,false
499753,2026-09-05T15:49:09,Zone 2,zomato,delivered,344,788,1905,,false
499820,2026-09-05T15:50:47,Zone 2,swiggy,delivered,132,902,2183,,false
499756,2026-09-05T16:21:06,Zone 1,zomato,delivered,374,1003,2232,,false
499823,2026-09-05T18:07:15,Zone 1,zomato,delivered,485,807,2018,,false
499947,2026-09-05T18:08:05,Zone 2,swiggy,delivered,318,447,1576,,false
499842,2026-09-05T18:31:30,Zone 3,zomato,cancelled,261,488,1720,courier_no_show,false
499902,2026-09-05T18:41:54,Zone 3,zomato,delivered,425,777,1806,,false
499831,2026-09-05T18:55:47,Zone 1,swiggy,cancelled,254,680,2173,item_unavailable,false
499907,2026-09-05T19:38:36,Zone 1,swiggy,delivered,210,1383,2482,,false
499896,2026-09-05T19:39:03,Zone 2,zomato,delivered,186,1168,1886,,false
499923,2026-09-05T19:54:12,Zone 1,swiggy,delivered,491,1172,1906,,false
499864,2026-09-05T19:55:15,Zone 1,zomato,delivered,300,913,1629,,false
499879,2026-09-05T19:58:56,Zone 1,zomato,cancelled,166,523,,customer_cancelled_predispatch,false
499829,2026-09-05T20:07:24,Zone 2,swiggy,delivered,313,738,1677,,false
499935,2026-09-05T20:13:04,Zone 1,zomato,delivered,245,1112,2121,,false
499941,2026-09-05T20:18:46,Zone 3,zomato,delivered,187,590,1865,,false
499767,2026-09-05T20:20:19,Zone 1,zomato,delivered,160,879,2078,,false
499806,2026-09-05T20:37:40,Zone 1,swiggy,delivered,143,1292,2541,,false
499769,2026-09-05T20:48:26,Zone 1,zomato,delivered,481,1352,2463,,false
499933,2026-09-05T20:55:11,Zone 1,zomato,delivered,99,737,1946,,false
499928,2026-09-05T20:59:42,Zone 2,zomato,delivered,242,1126,2275,,false
499798,2026-09-05T21:12:36,Zone 2,swiggy,cancelled,201,1203,,customer_cancelled_predispatch,false
499766,2026-09-05T21:18:05,Zone 1,zomato,delivered,199,545,1725,,false
499780,2026-09-05T21:22:55,Zone 2,swiggy,delivered,216,1312,2512,,false
499855,2026-09-05T21:40:15,Zone 3,swiggy,delivered,293,1255,2416,,false
499782,2026-09-05T21:45:27,Zone 1,swiggy,delivered,262,1243,1932,,false
499779,2026-09-05T21:48:57,Zone 3,swiggy,delivered,236,746,1985,,false
499939,2026-09-05T21:55:52,Zone 1,swiggy,delivered,318,1044,2264,,false
499869,2026-09-05T21:57:43,Zone 1,zomato,delivered,741,1193,2533,,false
499811,2026-09-05T22:34:30,Zone 1,swiggy,delivered,99,1274,2177,,false
499888,2026-09-05T22:39:29,Zone 2,zomato,delivered,261,1053,2216,,false
499785,2026-09-05T23:11:52,Zone 1,zomato,delivered,274,1155,2277,,false
499859,2026-09-05T23:39:28,Zone 3,swiggy,delivered,505,1023,2246,,false
499909,2026-09-05T23:56:20,Zone 1,swiggy,delivered,301,1080,1886,,false
500139,2026-09-06T01:41:19,Zone 2,zomato,delivered,265,467,1663,,false
500077,2026-09-06T05:20:04,Zone 2,swiggy,delivered,496,621,1533,,false
499995,2026-09-06T06:32:07,Zone 1,swiggy,delivered,222,692,1509,,false
500143,2026-09-06T07:22:39,Zone 3,zomato,delivered,407,716,1990,,false
500225,2026-09-06T07:28:12,Zone 2,zomato,delivered,291,653,1643,,false
499964,2026-09-06T09:24:46,Zone 2,zomato,delivered,493,404,1507,,false
500184,2026-09-06T10:18:56,Zone 3,zomato,delivered,154,1070,2308,,false
500162,2026-09-06T11:31:34,Zone 1,swiggy,delivered,546,556,1649,,false
500069,2026-09-06T11:59:43,Zone 1,swiggy,delivered,410,843,1499,,false
500049,2026-09-06T12:02:23,Zone 3,swiggy,delivered,424,689,1378,,false
500156,2026-09-06T12:05:06,Zone 3,zomato,delivered,163,1157,2146,,false
500054,2026-09-06T12:09:17,Zone 3,swiggy,delivered,278,948,1676,,false
500080,2026-09-06T12:18:50,Zone 1,swiggy,cancelled,237,544,1978,item_unavailable,false
500093,2026-09-06T12:35:24,Zone 2,swiggy,delivered,99,1165,1872,,false
500161,2026-09-06T12:40:59,Zone 1,swiggy,delivered,387,677,1586,,false
500148,2026-09-06T12:51:30,Zone 3,swiggy,delivered,144,903,1659,,false
500103,2026-09-06T12:51:49,Zone 2,zomato,delivered,380,499,1371,,false
500202,2026-09-06T13:03:42,Zone 3,swiggy,delivered,417,656,1444,,false
500116,2026-09-06T13:08:34,Zone 3,zomato,delivered,371,1315,2319,,false
500083,2026-09-06T13:15:15,Zone 1,swiggy,delivered,166,1174,2157,,false
500136,2026-09-06T13:30:02,Zone 2,swiggy,delivered,99,1160,2085,,false
499993,2026-09-06T13:30:45,Zone 3,zomato,delivered,203,714,1566,,false
500096,2026-09-06T13:33:56,Zone 3,swiggy,delivered,372,1292,2121,,false
500098,2026-09-06T14:27:21,Zone 1,swiggy,delivered,241,1322,2509,,false
499987,2026-09-06T14:30:01,Zone 3,swiggy,delivered,270,1149,2349,,false
500192,2026-09-06T14:53:09,Zone 2,swiggy,delivered,266,719,1913,,false
500087,2026-09-06T14:55:39,Zone 3,zomato,cancelled,443,920,1822,courier_no_show,false
500179,2026-09-06T15:06:35,Zone 1,swiggy,delivered,393,1054,2211,,false
499958,2026-09-06T15:06:43,Zone 1,swiggy,delivered,375,1098,2172,,false
500008,2026-09-06T15:07:40,Zone 3,swiggy,delivered,382,790,2051,,false
500042,2026-09-06T15:28:29,Zone 3,zomato,delivered,347,761,1902,,false
500206,2026-09-06T15:52:06,Zone 3,swiggy,delivered,331,642,1873,,false
500108,2026-09-06T15:52:13,Zone 3,zomato,delivered,122,1096,2239,,false
500173,2026-09-06T16:23:55,Zone 3,zomato,delivered,227,1197,2527,,false
500047,2026-09-06T16:34:04,Zone 1,zomato,delivered,299,802,2078,,false
500063,2026-09-06T16:54:13,Zone 2,swiggy,delivered,172,963,1621,,false
500112,2026-09-06T17:07:04,Zone 3,zomato,delivered,437,907,1659,,false
499981,2026-09-06T17:44:17,Zone 3,zomato,delivered,99,523,1774,,false
500032,2026-09-06T17:59:58,Zone 2,zomato,delivered,846,553,1749,,false
500172,2026-09-06T18:02:03,Zone 2,zomato,delivered,416,1048,1779,,false
500123,2026-09-06T18:12:47,Zone 2,swiggy,delivered,286,1075,2424,,false
500128,2026-09-06T18:20:16,Zone 3,swiggy,delivered,99,910,1860,,false
500058,2026-09-06T18:26:48,Zone 1,swiggy,delivered,240,1265,2043,,false
499966,2026-09-06T18:27:49,Zone 3,swiggy,delivered,189,1179,1829,,false
500154,2026-09-06T18:37:02,Zone 1,zomato,delivered,135,1116,2418,,false
500104,2026-09-06T18:37:58,Zone 2,swiggy,delivered,418,958,1617,,false
500018,2026-09-06T18:50:25,Zone 2,swiggy,delivered,259,825,1979,,false
500074,2026-09-06T18:51:37,Zone 2,zomato,delivered,526,1000,1869,,false
500229,2026-09-06T18:54:03,Zone 1,zomato,cancelled,482,721,,customer_cancelled_predispatch,false
500220,2026-09-06T19:07:13,Zone 3,swiggy,delivered,433,487,1450,,false
500027,2026-09-06T19:15:30,Zone 3,swiggy,delivered,400,1035,1949,,false
500198,2026-09-06T19:17:18,Zone 1,zomato,delivered,147,651,1490,,false
500196,2026-09-06T19:25:14,Zone 3,swiggy,delivered,297,1335,2017,,false
500082,2026-09-06T19:28:29,Zone 1,swiggy,delivered,295,840,2019,,false
499954,2026-09-06T19:57:44,Zone 3,swiggy,delivered,596,680,1817,,false
500155,2026-09-06T20:01:37,Zone 1,swiggy,delivered,127,1355,2478,,false
500036,2026-09-06T20:03:34,Zone 2,zomato,delivered,175,919,2198,,false
500000,2026-09-06T20:09:42,Zone 2,swiggy,delivered,416,914,1953,,false
500142,2026-09-06T20:14:58,Zone 1,swiggy,delivered,272,1321,2552,,false
500166,2026-09-06T20:26:20,Zone 3,zomato,delivered,279,520,1404,,false
500212,2026-09-06T20:28:10,Zone 1,zomato,delivered,704,968,2045,,false
500004,2026-09-06T20:32:03,Zone 3,swiggy,delivered,170,1258,2382,,false
500013,2026-09-06T20:40:14,Zone 3,swiggy,delivered,195,932,1941,,false
499950,2026-09-06T20:40:20,Zone 2,swiggy,delivered,319,970,1841,,false
499996,2026-09-06T20:46:48,Zone 2,zomato,delivered,246,1132,1851,,false
499976,2026-09-06T21:19:47,Zone 1,zomato,delivered,348,1165,2236,,false
500199,2026-09-06T21:39:41,Zone 2,swiggy,delivered,245,989,1792,,false
500022,2026-09-06T22:06:58,Zone 2,zomato,delivered,219,1144,2378,,false
500122,2026-09-06T22:15:00,Zone 1,swiggy,delivered,265,747,2002,,false
500188,2026-09-06T22:17:27,Zone 1,zomato,cancelled,377,831,1856,address_issue,false
499971,2026-09-06T23:14:38,Zone 2,zomato,delivered,102,1180,2496,,false
500214,2026-09-06T23:26:35,Zone 3,swiggy,delivered,351,819,2039,,false
500133,2026-09-06T23:29:04,Zone 3,zomato,delivered,406,953,1960,,false
500386,2026-09-07T00:50:03,Zone 2,zomato,delivered,450,729,1492,,false
500273,2026-09-07T06:35:39,Zone 2,swiggy,delivered,687,439,1259,,false
500253,2026-09-07T06:38:38,Zone 2,swiggy,delivered,245,580,1395,,false
500310,2026-09-07T06:50:27,Zone 3,zomato,delivered,557,486,1465,,false
500372,2026-09-07T07:58:40,Zone 3,zomato,delivered,352,857,2114,,false
500260,2026-09-07T08:11:31,Zone 3,swiggy,delivered,307,1021,1970,,false
500249,2026-09-07T09:19:57,Zone 1,zomato,delivered,145,956,1979,,false
500295,2026-09-07T10:04:15,Zone 2,zomato,delivered,529,939,1641,,false
500323,2026-09-07T10:18:16,Zone 1,swiggy,delivered,255,651,1576,,false
500240,2026-09-07T10:19:20,Zone 3,swiggy,delivered,99,698,1653,,false
500340,2026-09-07T11:24:00,Zone 3,swiggy,cancelled,233,892,2085,kitchen_overload,false
500396,2026-09-07T11:43:15,Zone 3,zomato,delivered,552,948,1728,,false
500319,2026-09-07T11:56:06,Zone 1,zomato,delivered,144,903,1687,,false
500305,2026-09-07T12:21:44,Zone 3,swiggy,delivered,323,717,2029,,false
500303,2026-09-07T12:27:56,Zone 3,zomato,delivered,161,1255,2341,,false
500251,2026-09-07T12:31:54,Zone 2,swiggy,delivered,280,1234,2259,,false
500252,2026-09-07T12:33:33,Zone 2,swiggy,delivered,342,1112,2218,,false
500338,2026-09-07T12:35:06,Zone 1,swiggy,delivered,306,969,2066,,false
500362,2026-09-07T13:04:05,Zone 1,swiggy,delivered,457,804,1513,,false
500352,2026-09-07T13:07:11,Zone 3,swiggy,delivered,169,787,2076,,false
500330,2026-09-07T13:12:58,Zone 3,swiggy,delivered,256,861,1656,,false
500405,2026-09-07T13:13:15,Zone 2,swiggy,delivered,612,694,1345,,false
500374,2026-09-07T13:16:57,Zone 1,swiggy,delivered,230,1174,2319,,false
500234,2026-09-07T13:20:04,Zone 3,zomato,delivered,235,589,1405,,false
500267,2026-09-07T13:23:06,Zone 3,swiggy,cancelled,389,604,1354,courier_no_show,false
500367,2026-09-07T13:28:31,Zone 3,zomato,delivered,432,1203,2254,,false
500298,2026-09-07T13:32:13,Zone 1,zomato,delivered,253,741,1890,,false
500381,2026-09-07T13:41:36,Zone 3,zomato,delivered,372,1228,1951,,false
500265,2026-09-07T14:52:42,Zone 1,swiggy,delivered,258,1298,2081,,false
500400,2026-09-07T14:59:16,Zone 3,swiggy,delivered,383,582,1821,,false
500345,2026-09-07T15:38:05,Zone 3,swiggy,delivered,444,1167,2216,,false
500354,2026-09-07T17:25:57,Zone 3,zomato,delivered,202,544,1285,,false
500238,2026-09-07T18:00:04,Zone 3,swiggy,delivered,305,1005,2080,,false
500404,2026-09-07T18:00:38,Zone 3,swiggy,delivered,780,1037,1739,,false
500282,2026-09-07T18:11:10,Zone 2,swiggy,delivered,622,974,2042,,false
500328,2026-09-07T18:28:31,Zone 2,swiggy,delivered,160,965,1911,,false
500391,2026-09-07T18:55:11,Zone 2,zomato,cancelled,235,905,2108,courier_no_show,false
500320,2026-09-07T18:58:16,Zone 1,swiggy,delivered,180,985,2334,,false
500350,2026-09-07T19:13:42,Zone 3,zomato,delivered,719,1017,2144,,false
500254,2026-09-07T19:24:42,Zone 1,zomato,cancelled,160,518,1403,item_unavailable,false
500243,2026-09-07T19:24:43,Zone 3,swiggy,delivered,315,885,1724,,false
500388,2026-09-07T19:25:58,Zone 3,swiggy,delivered,287,783,1586,,false
500291,2026-09-07T19:29:22,Zone 2,swiggy,delivered,335,970,2090,,false
500246,2026-09-07T20:05:12,Zone 1,swiggy,delivered,126,972,1959,,false
500366,2026-09-07T20:16:53,Zone 1,zomato,delivered,283,1276,1981,,false
500398,2026-09-07T20:27:32,Zone 1,swiggy,delivered,410,638,1826,,false
500358,2026-09-07T20:37:38,Zone 2,swiggy,delivered,297,1019,2252,,false
500335,2026-09-07T20:52:47,Zone 3,swiggy,delivered,673,930,1753,,false
500262,2026-09-07T21:03:16,Zone 1,zomato,delivered,109,806,1555,,false
500287,2026-09-07T22:19:23,Zone 2,swiggy,delivered,122,1197,2265,,false
500274,2026-09-07T22:24:18,Zone 3,zomato,delivered,628,814,1966,,false
500313,2026-09-07T22:30:49,Zone 2,swiggy,delivered,350,498,1721,,false
500375,2026-09-07T22:35:27,Zone 2,zomato,delivered,502,1221,1902,,false
500293,2026-09-07T23:12:34,Zone 2,swiggy,delivered,260,566,1271,,false
500280,2026-09-07T23:48:10,Zone 2,swiggy,delivered,581,429,1606,,false
500530,2026-09-08T08:18:24,Zone 1,zomato,delivered,270,902,1830,,false
500450,2026-09-08T08:54:38,Zone 2,zomato,delivered,262,761,1497,,false
500407,2026-09-08T08:57:41,Zone 2,swiggy,delivered,259,1010,1720,,false
500461,2026-09-08T08:59:23,Zone 1,zomato,delivered,177,1155,1837,,false
500578,2026-09-08T09:14:49,Zone 2,swiggy,delivered,453,726,2054,,false
500551,2026-09-08T09:19:53,Zone 1,zomato,delivered,630,639,1481,,false
500562,2026-09-08T09:23:05,Zone 1,zomato,delivered,203,711,1695,,false
500535,2026-09-08T09:31:52,Zone 2,swiggy,delivered,143,541,1634,,false
500496,2026-09-08T10:32:44,Zone 1,swiggy,delivered,375,559,1571,,false
500476,2026-09-08T11:02:50,Zone 1,zomato,delivered,173,856,1553,,false
500425,2026-09-08T11:08:56,Zone 3,zomato,delivered,333,561,1524,,false
500519,2026-09-08T11:26:54,Zone 2,swiggy,delivered,463,1182,1979,,false
500531,2026-09-08T11:37:00,Zone 3,zomato,delivered,346,983,1792,,false
500571,2026-09-08T11:41:01,Zone 2,swiggy,cancelled,244,1100,,customer_cancelled_predispatch,false
500410,2026-09-08T11:43:07,Zone 1,swiggy,delivered,99,561,1614,,false
500456,2026-09-08T12:10:32,Zone 2,zomato,delivered,128,1149,2065,,false
500435,2026-09-08T12:31:40,Zone 3,zomato,delivered,364,1254,1992,,false
500501,2026-09-08T12:41:13,Zone 1,swiggy,delivered,136,559,1700,,false
500434,2026-09-08T13:02:09,Zone 1,swiggy,delivered,199,898,1623,,false
500512,2026-09-08T13:03:33,Zone 2,swiggy,delivered,647,1091,1834,,false
500555,2026-09-08T13:24:36,Zone 2,zomato,delivered,171,859,2161,,false
500442,2026-09-08T13:30:40,Zone 2,swiggy,delivered,531,662,1743,,false
500521,2026-09-08T13:51:27,Zone 1,swiggy,delivered,233,1148,2148,,false
500505,2026-09-08T13:54:55,Zone 2,zomato,delivered,375,1313,2062,,false
500452,2026-09-08T14:02:50,Zone 2,zomato,delivered,251,795,1806,,false
500573,2026-09-08T14:25:38,Zone 1,swiggy,delivered,269,1267,2240,,false
500422,2026-09-08T14:31:05,Zone 2,swiggy,delivered,136,729,1907,,false
500492,2026-09-08T14:52:01,Zone 2,swiggy,delivered,429,1008,2088,,false
500566,2026-09-08T14:59:06,Zone 3,swiggy,delivered,476,716,1838,,false
500485,2026-09-08T15:29:24,Zone 3,zomato,delivered,353,505,1722,,false
500589,2026-09-08T15:52:57,Zone 3,swiggy,delivered,433,718,1603,,false
500468,2026-09-08T16:53:52,Zone 3,zomato,delivered,313,1079,1893,,false
500513,2026-09-08T17:12:31,Zone 3,zomato,delivered,319,469,1407,,false
500587,2026-09-08T17:16:46,Zone 3,zomato,delivered,554,438,1344,,false
500506,2026-09-08T17:41:16,Zone 3,swiggy,delivered,428,1221,2437,,false
500431,2026-09-08T17:43:24,Zone 1,swiggy,delivered,139,982,2080,,false
500474,2026-09-08T17:52:23,Zone 2,swiggy,delivered,437,534,1509,,false
500462,2026-09-08T18:21:50,Zone 2,swiggy,delivered,115,1111,2285,,false
500447,2026-09-08T18:51:46,Zone 3,zomato,delivered,405,1191,2238,,false
500540,2026-09-08T18:55:29,Zone 3,zomato,delivered,327,1090,1802,,false
500579,2026-09-08T18:58:18,Zone 2,zomato,delivered,395,479,1425,,false
500417,2026-09-08T19:10:09,Zone 3,swiggy,delivered,269,489,1569,,false
500428,2026-09-08T19:13:45,Zone 2,swiggy,delivered,353,687,1805,,false
500529,2026-09-08T19:21:33,Zone 3,zomato,delivered,601,982,2211,,false
500503,2026-09-08T19:37:26,Zone 3,swiggy,delivered,306,1026,2284,,false
500546,2026-09-08T19:48:47,Zone 1,swiggy,delivered,99,632,1362,,false
500523,2026-09-08T20:06:52,Zone 1,zomato,delivered,118,1261,2493,,false
500590,2026-09-08T20:07:05,Zone 1,zomato,delivered,99,1142,2230,,false
500481,2026-09-08T20:15:40,Zone 2,zomato,delivered,313,1027,2098,,false
500413,2026-09-08T20:17:28,Zone 3,swiggy,delivered,377,1096,2271,,false
500556,2026-09-08T20:48:01,Zone 2,swiggy,delivered,464,732,1425,,false
500488,2026-09-08T20:53:26,Zone 1,swiggy,delivered,223,824,1491,,false
500581,2026-09-08T21:58:24,Zone 3,swiggy,delivered,445,1217,2457,,false
500437,2026-09-08T22:40:25,Zone 3,swiggy,cancelled,239,565,1590,weather_delay,false
500440,2026-09-08T22:43:20,Zone 1,swiggy,delivered,332,855,1840,,false
500420,2026-09-08T23:41:41,Zone 3,swiggy,delivered,131,915,2139,,false
500613,2026-09-09T04:00:03,Zone 2,zomato,delivered,291,982,2091,,false
500697,2026-09-09T07:33:01,Zone 2,zomato,cancelled,375,674,,customer_cancelled_predispatch,false
500694,2026-09-09T07:45:53,Zone 2,zomato,cancelled,248,485,1686,restaurant_rejected,false
500661,2026-09-09T08:58:17,Zone 1,zomato,delivered,99,1065,2268,,false
500768,2026-09-09T09:17:38,Zone 1,zomato,delivered,626,951,2082,,false
500641,2026-09-09T09:54:17,Zone 2,zomato,delivered,139,473,1353,,false
500749,2026-09-09T10:18:57,Zone 3,swiggy,delivered,338,795,1881,,false
500611,2026-09-09T10:55:07,Zone 3,swiggy,delivered,215,829,1486,,false
500650,2026-09-09T11:18:53,Zone 1,zomato,delivered,544,1007,2118,,false
500645,2026-09-09T11:28:48,Zone 1,swiggy,delivered,344,687,1562,,false
500679,2026-09-09T12:03:32,Zone 2,swiggy,delivered,248,819,2031,,false
500717,2026-09-09T12:11:17,Zone 3,swiggy,delivered,233,1357,2688,,false
500700,2026-09-09T12:17:04,Zone 2,zomato,delivered,509,489,1648,,false
500680,2026-09-09T12:48:11,Zone 3,zomato,delivered,104,749,1670,,false
500727,2026-09-09T13:05:49,Zone 2,swiggy,delivered,304,834,2077,,false
500597,2026-09-09T13:26:05,Zone 1,zomato,delivered,614,644,1719,,false
500630,2026-09-09T14:26:37,Zone 1,zomato,delivered,277,1305,2274,,false
500686,2026-09-09T14:31:29,Zone 3,swiggy,delivered,99,1061,2139,,false
500673,2026-09-09T16:27:43,Zone 1,swiggy,delivered,300,570,1557,,false
500730,2026-09-09T16:33:25,Zone 1,zomato,delivered,229,783,1643,,false
500706,2026-09-09T18:01:20,Zone 2,swiggy,delivered,209,777,2104,,false
500763,2026-09-09T18:08:00,Zone 1,zomato,delivered,461,1007,1699,,false
500753,2026-09-09T18:53:46,Zone 3,swiggy,delivered,531,654,1869,,false
500616,2026-09-09T19:01:06,Zone 1,swiggy,delivered,593,946,2168,,false
500712,2026-09-09T19:11:00,Zone 3,swiggy,delivered,474,1062,1811,,false
500756,2026-09-09T19:23:44,Zone 1,swiggy,delivered,479,846,1730,,false
500745,2026-09-09T19:28:42,Zone 3,zomato,delivered,573,991,1764,,false
500728,2026-09-09T19:35:23,Zone 2,swiggy,delivered,423,1331,2042,,false
500621,2026-09-09T19:39:20,Zone 1,zomato,delivered,309,479,1405,,false
500602,2026-09-09T19:41:16,Zone 1,swiggy,delivered,123,1209,2221,,false
500716,2026-09-09T19:57:59,Zone 3,swiggy,delivered,316,1380,2412,,false
500761,2026-09-09T19:59:47,Zone 2,swiggy,delivered,305,1377,2107,,false
500754,2026-09-09T20:06:31,Zone 3,zomato,delivered,362,949,2227,,false
500635,2026-09-09T20:20:11,Zone 2,zomato,delivered,364,1159,2078,,false
500594,2026-09-09T20:36:27,Zone 2,zomato,delivered,550,668,1555,,false
500739,2026-09-09T20:52:11,Zone 2,zomato,delivered,290,895,2101,,false
500721,2026-09-09T20:56:31,Zone 2,zomato,delivered,259,1235,2161,,false
500667,2026-09-09T21:13:35,Zone 1,zomato,delivered,842,762,1536,,false
500748,2026-09-09T21:25:13,Zone 3,swiggy,delivered,343,769,1582,,false
500704,2026-09-09T21:31:23,Zone 1,zomato,delivered,154,1008,2051,,false
500626,2026-09-09T21:49:38,Zone 3,swiggy,delivered,194,1307,2336,,false
500655,2026-09-09T22:28:33,Zone 3,zomato,delivered,147,530,1548,,false
500691,2026-09-09T22:40:41,Zone 3,zomato,delivered,291,957,1672,,false
500605,2026-09-09T22:48:00,Zone 1,zomato,delivered,179,1018,1930,,false
500735,2026-09-09T22:49:12,Zone 2,zomato,delivered,999,601,1558,,false
500930,2026-09-10T06:30:23,Zone 3,swiggy,delivered,145,454,1260,,false
500813,2026-09-10T08:11:10,Zone 2,swiggy,delivered,234,802,1565,,false
500926,2026-09-10T08:25:37,Zone 3,zomato,delivered,248,901,1584,,false
500803,2026-09-10T09:08:41,Zone 2,swiggy,delivered,275,659,1810,,false
500885,2026-09-10T10:01:15,Zone 1,zomato,delivered,280,552,1751,,false
500773,2026-09-10T11:11:14,Zone 1,swiggy,delivered,420,864,1683,,false
500828,2026-09-10T11:13:05,Zone 3,zomato,delivered,173,710,1789,,false
500911,2026-09-10T11:46:09,Zone 3,swiggy,delivered,106,504,1412,,false
500847,2026-09-10T12:07:23,Zone 3,zomato,delivered,428,597,1469,,false
500909,2026-09-10T12:11:09,Zone 3,zomato,delivered,436,658,1847,,false
500824,2026-09-10T12:14:34,Zone 3,zomato,delivered,216,1340,2029,,false
500834,2026-09-10T12:39:10,Zone 1,swiggy,delivered,157,1307,2284,,false
500897,2026-09-10T12:49:40,Zone 1,zomato,delivered,274,884,2187,,false
500878,2026-09-10T12:51:29,Zone 3,zomato,delivered,146,903,2106,,false
500856,2026-09-10T13:53:11,Zone 2,zomato,delivered,277,1178,2213,,false
500882,2026-09-10T14:03:47,Zone 2,zomato,cancelled,329,823,2259,item_unavailable,false
500796,2026-09-10T14:15:05,Zone 3,zomato,delivered,541,476,1447,,false
500939,2026-09-10T14:17:20,Zone 1,swiggy,delivered,558,840,2099,,false
500826,2026-09-10T14:21:34,Zone 1,swiggy,delivered,485,978,2010,,false
500776,2026-09-10T14:51:46,Zone 2,swiggy,delivered,373,908,1919,,false
500861,2026-09-10T15:10:59,Zone 3,swiggy,delivered,322,738,1932,,false
500794,2026-09-10T15:25:46,Zone 2,swiggy,delivered,361,544,1725,,false
500818,2026-09-10T16:16:56,Zone 1,swiggy,delivered,402,445,1241,,false
500875,2026-09-10T18:01:18,Zone 2,zomato,delivered,156,1194,2448,,false
500944,2026-09-10T18:05:40,Zone 2,zomato,delivered,181,844,2036,,false
500868,2026-09-10T18:25:42,Zone 3,swiggy,delivered,419,735,1792,,false
500915,2026-09-10T18:26:52,Zone 1,zomato,delivered,262,1303,2220,,false
500797,2026-09-10T18:43:36,Zone 2,swiggy,delivered,133,591,1480,,false
500943,2026-09-10T19:04:03,Zone 2,swiggy,delivered,259,1274,2053,,false
500807,2026-09-10T19:10:14,Zone 1,zomato,cancelled,638,934,,customer_cancelled_predispatch,false
500920,2026-09-10T19:17:31,Zone 3,zomato,delivered,396,764,1474,,false
500835,2026-09-10T19:28:57,Zone 2,zomato,delivered,450,1170,1951,,false
500787,2026-09-10T19:29:03,Zone 1,zomato,delivered,279,740,2074,,false
500862,2026-09-10T19:36:31,Zone 2,zomato,delivered,245,475,1566,,false
500935,2026-09-10T19:40:34,Zone 1,swiggy,delivered,625,772,1535,,false
500852,2026-09-10T20:00:12,Zone 2,swiggy,delivered,457,676,1888,,false
500934,2026-09-10T20:08:12,Zone 1,zomato,delivered,232,1021,1683,,false
500869,2026-09-10T20:11:04,Zone 3,zomato,delivered,437,526,1301,,false
500781,2026-09-10T20:13:08,Zone 3,swiggy,delivered,246,821,1546,,false
500906,2026-09-10T20:13:48,Zone 1,swiggy,delivered,228,503,1508,,false
500902,2026-09-10T20:16:26,Zone 3,swiggy,cancelled,181,494,1205,weather_delay,false
500849,2026-09-10T20:27:56,Zone 2,swiggy,delivered,294,999,2214,,false
500791,2026-09-10T20:38:03,Zone 2,zomato,cancelled,365,684,2122,courier_no_show,false
500949,2026-09-10T20:38:45,Zone 3,swiggy,delivered,297,497,1416,,false
500955,2026-09-10T21:06:05,Zone 3,swiggy,delivered,367,1140,2009,,false
500841,2026-09-10T21:16:57,Zone 3,swiggy,delivered,580,1090,1789,,false
500891,2026-09-10T22:59:44,Zone 3,swiggy,delivered,759,1014,2090,,false
500871,2026-09-10T23:22:15,Zone 3,swiggy,delivered,372,687,1372,,false
500994,2026-09-11T01:18:02,Zone 1,zomato,delivered,663,736,1916,,false
501082,2026-09-11T02:38:24,Zone 2,swiggy,delivered,136,468,1730,,false
501196,2026-09-11T03:20:05,Zone 1,zomato,delivered,182,779,2020,,false
501207,2026-09-11T03:30:49,Zone 1,swiggy,delivered,260,765,1682,,false
501047,2026-09-11T05:57:29,Zone 1,zomato,delivered,340,910,1725,,false
501087,2026-09-11T06:11:05,Zone 1,zomato,delivered,410,397,1316,,false
501131,2026-09-11T06:11:55,Zone 3,swiggy,delivered,202,870,1775,,false
500992,2026-09-11T08:37:53,Zone 2,swiggy,delivered,420,1175,1891,,false
501107,2026-09-11T08:52:20,Zone 2,swiggy,delivered,99,1167,1870,,false
501005,2026-09-11T09:15:03,Zone 2,zomato,delivered,230,410,1116,,false
501030,2026-09-11T10:30:34,Zone 3,zomato,delivered,349,695,1777,,false
501035,2026-09-11T10:46:54,Zone 3,zomato,delivered,471,1091,2214,,false
501161,2026-09-11T11:27:12,Zone 3,zomato,delivered,203,471,1194,,false
501137,2026-09-11T11:58:55,Zone 1,zomato,delivered,450,613,1407,,false
501056,2026-09-11T12:04:15,Zone 1,swiggy,delivered,543,992,1998,,false
501185,2026-09-11T12:19:12,Zone 3,swiggy,delivered,160,715,1481,,false
501202,2026-09-11T12:27:50,Zone 1,zomato,delivered,240,1244,2343,,false
501175,2026-09-11T12:37:15,Zone 1,swiggy,delivered,227,666,1399,,false
501024,2026-09-11T12:43:38,Zone 3,zomato,delivered,207,573,1466,,false
501112,2026-09-11T12:58:29,Zone 1,swiggy,delivered,415,611,1956,,false
501104,2026-09-11T13:01:51,Zone 3,zomato,delivered,610,1114,2202,,false
501100,2026-09-11T13:03:28,Zone 1,swiggy,delivered,412,1007,1819,,false
501166,2026-09-11T13:08:59,Zone 3,zomato,delivered,348,1049,2025,,false
500957,2026-09-11T13:23:35,Zone 1,swiggy,delivered,207,826,1659,,false
500999,2026-09-11T13:30:40,Zone 1,swiggy,delivered,342,524,1788,,false
501093,2026-09-11T13:51:11,Zone 3,zomato,delivered,257,862,1723,,false
501083,2026-09-11T14:28:03,Zone 3,zomato,delivered,333,537,1421,,false
501135,2026-09-11T14:36:05,Zone 2,swiggy,delivered,460,878,1594,,false
501118,2026-09-11T14:59:38,Zone 3,zomato,delivered,214,1283,2506,,false
501190,2026-09-11T15:08:46,Zone 3,zomato,delivered,108,992,2240,,false
501111,2026-09-11T17:02:56,Zone 3,zomato,delivered,381,1015,2211,,false
501189,2026-09-11T17:37:08,Zone 1,swiggy,delivered,337,1221,2097,,false
501041,2026-09-11T17:40:27,Zone 3,swiggy,delivered,805,1178,2088,,false
501212,2026-09-11T17:57:35,Zone 2,zomato,delivered,251,476,1578,,false
501179,2026-09-11T18:07:47,Zone 3,swiggy,cancelled,294,1130,2581,kitchen_overload,false
500966,2026-09-11T18:13:16,Zone 3,zomato,delivered,1048,1020,1690,,false
501192,2026-09-11T18:32:57,Zone 1,swiggy,cancelled,583,983,2158,kitchen_overload,false
500977,2026-09-11T18:42:44,Zone 2,swiggy,delivered,285,647,1729,,false
501097,2026-09-11T19:22:41,Zone 2,swiggy,delivered,195,969,1975,,false
501044,2026-09-11T19:28:42,Zone 2,zomato,delivered,323,1143,2232,,false
501072,2026-09-11T19:36:52,Zone 1,zomato,delivered,706,857,1999,,false
501147,2026-09-11T19:49:17,Zone 3,zomato,delivered,99,731,1728,,false
501068,2026-09-11T19:50:46,Zone 2,swiggy,delivered,420,1191,2056,,false
501085,2026-09-11T19:51:38,Zone 3,swiggy,delivered,558,1313,2431,,false
501067,2026-09-11T20:03:32,Zone 2,swiggy,delivered,435,1217,2450,,false
501080,2026-09-11T20:03:39,Zone 1,zomato,delivered,399,1258,2033,,false
501123,2026-09-11T20:08:20,Zone 3,swiggy,delivered,354,1232,2570,,false
501014,2026-09-11T20:09:17,Zone 1,swiggy,delivered,291,863,2157,,false
501077,2026-09-11T20:10:18,Zone 2,swiggy,delivered,372,688,1889,,false
501195,2026-09-11T20:12:40,Zone 3,swiggy,delivered,177,1066,2388,,false
501149,2026-09-11T20:27:35,Zone 2,zomato,delivered,184,614,1647,,false
501169,2026-09-11T20:28:27,Zone 1,swiggy,delivered,240,872,2051,,false
501117,2026-09-11T20:48:15,Zone 1,swiggy,delivered,99,584,1687,,false
500971,2026-09-11T20:49:36,Zone 3,swiggy,delivered,258,540,1773,,false
500982,2026-09-11T20:55:02,Zone 2,zomato,delivered,236,1032,2308,,false
501011,2026-09-11T20:57:15,Zone 2,swiggy,cancelled,418,1212,,customer_cancelled_predispatch,false
501151,2026-09-11T21:06:25,Zone 2,zomato,delivered,99,1281,2538,,false
500963,2026-09-11T21:08:32,Zone 2,zomato,delivered,143,580,1683,,false
501062,2026-09-11T21:10:45,Zone 3,zomato,delivered,568,1184,2113,,false
501105,2026-09-11T21:13:16,Zone 1,swiggy,delivered,229,988,2178,,false
501019,2026-09-11T21:19:27,Zone 2,swiggy,delivered,747,1176,2464,,false
501054,2026-09-11T21:28:03,Zone 1,zomato,delivered,484,543,1807,,false
501050,2026-09-11T21:36:15,Zone 2,swiggy,delivered,142,633,1633,,false
501201,2026-09-11T21:36:50,Zone 3,zomato,delivered,218,1126,1951,,false
501129,2026-09-11T21:38:10,Zone 1,zomato,delivered,151,1176,1828,,false
501091,2026-09-11T21:40:05,Zone 1,swiggy,delivered,222,855,1760,,false
500986,2026-09-11T21:57:11,Zone 3,swiggy,delivered,306,1333,2130,,false
501141,2026-09-11T22:15:22,Zone 1,zomato,delivered,635,1065,2204,,false
501176,2026-09-11T22:23:20,Zone 3,zomato,delivered,382,1245,1990,,false
501023,2026-09-11T22:39:48,Zone 1,zomato,delivered,375,838,1571,,false
501157,2026-09-11T22:57:42,Zone 2,zomato,delivered,169,622,1369,,false
501287,2026-09-12T06:51:20,Zone 1,zomato,delivered,348,922,1762,,false
501282,2026-09-12T07:27:17,Zone 2,swiggy,delivered,303,463,1372,,false
501403,2026-09-12T08:04:20,Zone 3,zomato,delivered,301,1066,2368,,false
501486,2026-09-12T08:36:33,Zone 3,swiggy,delivered,361,1134,1812,,false
501501,2026-09-12T08:46:16,Zone 3,zomato,delivered,325,1084,2420,,false
501444,2026-09-12T09:08:24,Zone 1,swiggy,delivered,198,614,1355,,false
501375,2026-09-12T09:09:55,Zone 3,zomato,cancelled,323,1064,,customer_cancelled_predispatch,false
501494,2026-09-12T09:23:21,Zone 1,swiggy,delivered,206,556,1478,,false
501465,2026-09-12T09:26:08,Zone 3,swiggy,delivered,510,526,1833,,false
501425,2026-09-12T09:27:15,Zone 1,zomato,delivered,238,605,1747,,false
501238,2026-09-12T09:41:45,Zone 3,swiggy,delivered,192,576,1330,,false
501310,2026-09-12T10:41:47,Zone 3,zomato,delivered,181,728,1974,,false
501387,2026-09-12T11:12:26,Zone 3,swiggy,delivered,159,596,1729,,false
501432,2026-09-12T11:13:41,Zone 1,swiggy,delivered,365,784,1992,,false
501507,2026-09-12T11:25:51,Zone 3,zomato,delivered,520,676,1548,,false
501515,2026-09-12T11:35:32,Zone 3,zomato,delivered,537,934,2082,,false
501420,2026-09-12T11:50:13,Zone 1,swiggy,delivered,350,815,1884,,false
501281,2026-09-12T11:51:24,Zone 1,zomato,cancelled,447,778,1938,item_unavailable,false
501512,2026-09-12T11:52:59,Zone 1,swiggy,delivered,262,579,1553,,false
501363,2026-09-12T11:55:58,Zone 1,swiggy,delivered,314,1056,2353,,false
501349,2026-09-12T12:02:43,Zone 2,swiggy,delivered,669,1370,2555,,false
501401,2026-09-12T12:13:42,Zone 1,zomato,delivered,136,1026,1788,,false
501262,2026-09-12T12:13:50,Zone 3,swiggy,delivered,142,1277,1930,,false
501304,2026-09-12T12:31:40,Zone 1,zomato,delivered,162,611,1633,,false
501418,2026-09-12T12:43:40,Zone 1,zomato,delivered,520,983,2053,,false
501246,2026-09-12T12:59:07,Zone 2,zomato,delivered,349,553,1305,,false
501458,2026-09-12T12:59:10,Zone 3,zomato,delivered,136,646,1520,,false
501372,2026-09-12T13:09:07,Zone 1,zomato,delivered,267,1183,1969,,false
501226,2026-09-12T13:14:44,Zone 3,zomato,delivered,438,1096,1798,,false
501322,2026-09-12T13:28:36,Zone 3,swiggy,delivered,377,1013,1675,,false
501278,2026-09-12T13:39:34,Zone 2,zomato,cancelled,191,1321,2789,item_unavailable,false
501269,2026-09-12T13:42:32,Zone 2,swiggy,delivered,406,1090,1968,,false
501228,2026-09-12T13:42:55,Zone 3,zomato,delivered,362,790,2061,,false
501224,2026-09-12T13:43:51,Zone 3,zomato,delivered,171,872,2005,,false
501476,2026-09-12T13:47:13,Zone 2,swiggy,delivered,233,550,1298,,false
501354,2026-09-12T14:10:13,Zone 2,swiggy,delivered,309,839,1729,,false
501448,2026-09-12T14:18:42,Zone 1,zomato,delivered,202,727,2024,,false
501213,2026-09-12T14:24:02,Zone 3,zomato,delivered,462,697,1424,,false
501520,2026-09-12T14:24:32,Zone 2,swiggy,delivered,282,1282,2439,,false
501453,2026-09-12T14:25:10,Zone 3,swiggy,delivered,155,1120,2178,,false
501264,2026-09-12T14:35:10,Zone 1,swiggy,delivered,178,676,1902,,false
501277,2026-09-12T14:45:16,Zone 3,swiggy,cancelled,228,983,2016,payment_failed,false
501461,2026-09-12T15:39:32,Zone 2,zomato,delivered,257,719,1435,,false
501393,2026-09-12T16:17:07,Zone 3,swiggy,delivered,274,1053,1824,,false
501492,2026-09-12T16:20:44,Zone 2,swiggy,cancelled,267,679,,customer_cancelled_predispatch,false
501339,2026-09-12T16:44:09,Zone 2,swiggy,delivered,599,785,1441,,false
501299,2026-09-12T16:59:51,Zone 3,zomato,delivered,426,461,1551,,false
501526,2026-09-12T17:18:19,Zone 1,swiggy,delivered,418,760,2018,,false
501356,2026-09-12T17:53:57,Zone 1,zomato,delivered,145,1067,2295,,false
501334,2026-09-12T18:10:41,Zone 3,swiggy,delivered,152,918,1888,,false
501313,2026-09-12T18:28:32,Zone 1,swiggy,cancelled,313,1134,,customer_cancelled_predispatch,false
501498,2026-09-12T18:29:03,Zone 2,swiggy,cancelled,297,616,1463,item_unavailable,false
501438,2026-09-12T18:33:22,Zone 2,zomato,delivered,224,755,1925,,false
501407,2026-09-12T18:46:03,Zone 3,swiggy,delivered,222,1271,2003,,false
501316,2026-09-12T19:08:51,Zone 2,zomato,delivered,246,801,1696,,false
501451,2026-09-12T19:09:57,Zone 3,zomato,cancelled,596,1286,2361,courier_no_show,false
501538,2026-09-12T19:14:38,Zone 2,zomato,delivered,224,569,1637,,false
501240,2026-09-12T19:30:11,Zone 1,zomato,delivered,249,1375,2329,,false
501452,2026-09-12T19:42:13,Zone 3,zomato,delivered,309,1300,2100,,false
501374,2026-09-12T19:45:03,Zone 3,swiggy,delivered,297,1164,2140,,false
501289,2026-09-12T19:45:34,Zone 2,swiggy,delivered,267,894,1777,,false
501218,2026-09-12T20:07:23,Zone 3,swiggy,delivered,238,1206,1944,,false
501489,2026-09-12T20:10:35,Zone 2,swiggy,cancelled,236,504,1735,payment_failed,false
501232,2026-09-12T20:20:51,Zone 1,zomato,cancelled,300,982,2162,restaurant_rejected,false
501377,2026-09-12T20:23:06,Zone 1,swiggy,delivered,236,564,1265,,false
501258,2026-09-12T20:24:20,Zone 2,swiggy,delivered,199,876,1610,,false
501424,2026-09-12T20:27:22,Zone 2,swiggy,delivered,245,1448,2486,,false
501528,2026-09-12T20:27:53,Zone 3,swiggy,delivered,403,746,1416,,false
501413,2026-09-12T20:31:58,Zone 3,swiggy,delivered,433,522,1302,,false
501336,2026-09-12T20:51:47,Zone 3,zomato,delivered,538,943,2113,,false
501471,2026-09-12T20:59:10,Zone 2,zomato,delivered,244,1313,2177,,false
501487,2026-09-12T20:59:19,Zone 3,swiggy,delivered,107,1303,2324,,false
501252,2026-09-12T21:07:07,Zone 2,swiggy,delivered,553,1036,2123,,false
501293,2026-09-12T21:15:16,Zone 3,swiggy,delivered,172,959,1696,,false
501383,2026-09-12T21:17:44,Zone 2,swiggy,delivered,315,836,1984,,false
501474,2026-09-12T21:26:55,Zone 1,zomato,delivered,227,793,1492,,false
501534,2026-09-12T21:42:56,Zone 3,swiggy,delivered,411,1217,2177,,false
501328,2026-09-12T21:53:42,Zone 1,zomato,delivered,373,755,1623,,false
501416,2026-09-12T22:19:37,Zone 3,zomato,cancelled,345,736,1914,item_unavailable,false
501344,2026-09-12T22:22:50,Zone 1,zomato,delivered,230,1133,1947,,false
501481,2026-09-12T22:43:51,Zone 2,swiggy,cancelled,358,543,1728,courier_no_show,false
501369,2026-09-12T22:47:35,Zone 2,zomato,delivered,518,1255,2071,,false
501357,2026-09-12T22:56:00,Zone 3,zomato,delivered,198,547,1237,,false
501395,2026-09-12T23:03:59,Zone 1,zomato,delivered,162,760,1680,,false
501272,2026-09-12T23:38:07,Zone 1,swiggy,delivered,368,428,1227,,false
501365,2026-09-12T23:50:23,Zone 1,zomato,delivered,257,807,1747,,false
501426,2026-09-12T23:55:04,Zone 2,zomato,delivered,225,837,1878,,false
501579,2026-09-13T01:01:47,Zone 1,swiggy,delivered,336,699,1636,,false
501555,2026-09-13T04:44:30,Zone 3,swiggy,delivered,522,1054,2246,,false
501784,2026-09-13T08:16:15,Zone 1,zomato,delivered,348,914,1901,,false
501682,2026-09-13T08:30:54,Zone 3,zomato,delivered,122,905,1829,,false
501654,2026-09-13T08:42:00,Zone 3,swiggy,delivered,404,587,1702,,false
501751,2026-09-13T08:58:11,Zone 1,zomato,delivered,139,894,1876,,false
501707,2026-09-13T09:02:26,Zone 1,zomato,delivered,588,1134,2322,,false
501734,2026-09-13T10:36:32,Zone 1,swiggy,delivered,192,1158,2040,,false
501705,2026-09-13T10:53:30,Zone 1,zomato,delivered,547,1071,2333,,false
501613,2026-09-13T11:11:10,Zone 1,swiggy,delivered,282,1068,2094,,false
501670,2026-09-13T11:47:56,Zone 1,zomato,delivered,400,856,2064,,false
501718,2026-09-13T11:49:11,Zone 2,swiggy,delivered,330,818,1679,,false
501590,2026-09-13T12:07:46,Zone 2,zomato,delivered,332,1093,2425,,false
501659,2026-09-13T12:14:21,Zone 2,swiggy,delivered,1179,622,1923,,false
501691,2026-09-13T12:19:07,Zone 2,zomato,cancelled,521,1183,2377,restaurant_closed_early,false
501575,2026-09-13T12:32:03,Zone 3,swiggy,delivered,249,594,1578,,false
501744,2026-09-13T12:49:01,Zone 1,zomato,cancelled,99,955,1674,restaurant_closed_early,false
501693,2026-09-13T12:49:53,Zone 2,zomato,delivered,99,701,1996,,false
501619,2026-09-13T12:57:11,Zone 3,swiggy,delivered,325,691,1970,,false
501676,2026-09-13T13:10:16,Zone 1,swiggy,delivered,294,1150,2113,,false
501581,2026-09-13T13:21:17,Zone 3,zomato,delivered,120,1062,1935,,false
501602,2026-09-13T13:29:38,Zone 1,swiggy,delivered,135,934,1865,,false
501572,2026-09-13T13:42:49,Zone 1,swiggy,delivered,140,1236,2455,,false
501546,2026-09-13T13:43:32,Zone 2,zomato,delivered,500,539,1469,,false
501571,2026-09-13T13:47:13,Zone 2,swiggy,delivered,417,997,1729,,false
501601,2026-09-13T14:08:42,Zone 2,zomato,delivered,761,703,1828,,false
501763,2026-09-13T15:01:26,Zone 2,swiggy,cancelled,512,501,1297,restaurant_closed_early,false
501695,2026-09-13T15:14:06,Zone 3,zomato,delivered,516,820,2106,,false
501566,2026-09-13T15:21:52,Zone 1,swiggy,delivered,273,454,1183,,false
501612,2026-09-13T16:00:26,Zone 2,zomato,delivered,168,650,1303,,false
501684,2026-09-13T16:18:30,Zone 2,swiggy,delivered,290,1099,2172,,false
501657,2026-09-13T16:23:32,Zone 2,swiggy,delivered,321,991,1968,,false
501765,2026-09-13T16:38:34,Zone 1,swiggy,delivered,728,1135,2147,,false
501749,2026-09-13T16:44:30,Zone 1,zomato,delivered,198,452,1577,,false
501573,2026-09-13T16:44:35,Zone 3,zomato,delivered,363,872,2142,,false
501741,2026-09-13T17:06:27,Zone 1,zomato,delivered,532,876,1862,,false
501643,2026-09-13T17:16:49,Zone 1,swiggy,cancelled,258,783,1895,item_unavailable,false
501759,2026-09-13T17:31:45,Zone 3,swiggy,delivered,542,1013,2234,,false
501551,2026-09-13T18:10:08,Zone 1,zomato,cancelled,307,460,1386,item_unavailable,false
501630,2026-09-13T18:42:10,Zone 1,zomato,delivered,193,1260,2438,,false
501700,2026-09-13T18:49:39,Zone 2,swiggy,delivered,616,632,1732,,false
501712,2026-09-13T18:54:24,Zone 1,zomato,delivered,222,465,1604,,false
501558,2026-09-13T19:19:06,Zone 3,zomato,delivered,190,958,2224,,false
501685,2026-09-13T19:32:36,Zone 3,swiggy,delivered,160,1081,2321,,false
501782,2026-09-13T19:51:34,Zone 3,swiggy,delivered,99,1313,2451,,false
501640,2026-09-13T19:52:19,Zone 2,swiggy,delivered,225,1064,2147,,false
501606,2026-09-13T19:53:48,Zone 1,swiggy,cancelled,435,1401,2239,kitchen_overload,false
501686,2026-09-13T20:03:15,Zone 3,zomato,delivered,166,1216,1873,,false
501592,2026-09-13T20:17:22,Zone 2,zomato,delivered,184,506,1516,,false
501585,2026-09-13T20:18:25,Zone 2,zomato,delivered,516,945,2123,,false
501728,2026-09-13T20:24:55,Zone 2,swiggy,delivered,299,1068,2027,,false
501770,2026-09-13T20:36:01,Zone 1,swiggy,delivered,131,1428,2230,,false
501648,2026-09-13T20:41:03,Zone 1,zomato,cancelled,602,631,2127,weather_delay,false
501775,2026-09-13T20:45:50,Zone 1,swiggy,delivered,130,1389,2536,,false
501780,2026-09-13T20:47:06,Zone 1,swiggy,delivered,163,993,1804,,false
501665,2026-09-13T20:58:18,Zone 1,swiggy,delivered,473,944,2260,,false
501720,2026-09-13T21:01:08,Zone 2,swiggy,delivered,320,821,1712,,false
501541,2026-09-13T21:10:56,Zone 2,swiggy,delivered,233,565,1892,,false
501754,2026-09-13T21:41:18,Zone 1,zomato,delivered,469,736,1498,,false
501624,2026-09-13T21:54:03,Zone 1,swiggy,delivered,408,1189,2255,,false
501637,2026-09-13T22:15:41,Zone 2,zomato,cancelled,247,1186,,customer_cancelled_predispatch,false
501735,2026-09-13T22:18:57,Zone 2,zomato,delivered,211,902,1990,,false
501726,2026-09-13T22:31:49,Zone 3,zomato,delivered,172,537,1388,,false
501715,2026-09-13T22:47:26,Zone 1,swiggy,delivered,122,502,1336,,false
501569,2026-09-13T22:51:33,Zone 2,swiggy,delivered,338,914,2011,,false
501635,2026-09-13T23:07:38,Zone 2,swiggy,delivered,332,808,2114,,false
501597,2026-09-13T23:24:44,Zone 2,zomato,delivered,356,1153,2165,,false
501562,2026-09-13T23:31:52,Zone 1,swiggy,delivered,215,1140,2324,,false
501792,2026-09-14T00:27:11,Zone 3,zomato,delivered,239,803,1480,,false
501788,2026-09-14T03:43:00,Zone 2,swiggy,delivered,253,711,1527,,false
501795,2026-09-14T05:25:04,Zone 2,zomato,delivered,241,900,2189,,false
